Date,DE10YT_Yield,EURUSD_Close,EURUSD_Volume,Euribor_3M,FTMIB_Close,FTMIB_Volume,GVZ_Close,IT10YT_Yield,IT_Inflation,IT_GDP,IT_Unemployment,Brent_Close,Brent_Volume,OVX_Close,TTF_Gas_Close,VIX_Close,Gold_Close
2009-09-18,3.37,1.4707,60705.0,0.8605,23483.97,1143360124.0,22.62,4.082,0.27,-5.0,8.3,48.494034,102657.0,41.67,9.99,23.92,683.85
2009-09-21,3.383,1.4674,59321.0,0.8605,23047.87,795113100.0,23.22,4.076,0.27,-5.0,8.3,46.8108612,140563.0,41.4,9.8,24.06,683.03
2009-09-22,3.393,1.4787,53221.0,0.8605,23066.9,886932465.0,24.53,4.091,0.27,-5.0,8.3,47.6973231,108240.0,40.38,9.78,23.08,685.51
2009-09-23,3.375,1.4729,65713.0,0.8605,23239.05,884085064.0,23.98,4.103,0.27,-5.0,8.3,46.1604507,161413.0,41.23,9.9,23.49,683.85
2009-09-24,3.3,1.4658,90742.0,0.8605,22953.4,1117619432.0,22.0,4.031,0.27,-5.0,8.3,44.2215004,195592.0,44.28,9.96,24.95,678.14
2009-09-25,3.268,1.4686,66440.0,0.8605,23102.74,977975023.0,21.79,3.984,0.27,-5.0,8.3,44.3347012,132662.0,44.27,10.19,25.61,674.89
2009-09-28,3.247,1.4619,67549.0,0.8605,23478.43,773266012.0,20.4,4.022,0.27,-5.0,8.3,44.8319816,98633.0,43.91,10.56,24.88,676.94
2009-09-29,3.233,1.4583,64640.0,0.8605,23565.62,782739697.0,20.45,3.998,0.27,-5.0,8.3,44.9084577,111261.0,43.74,10.56,25.19,679.51
2009-09-30,3.206,1.4635,77008.0,0.7721,23472.73,954105764.0,21.54,4.03,0.27,-5.0,8.3,47.1948403,174474.0,45.23,12.26,25.61,687.97
2009-10-01,3.169,1.453,70047.0,0.7721,23053.51,752039515.0,21.46,3.995,0.27,-5.0,8.3,47.6186337,151681.0,45.59,11.95,28.27,686.96
2009-10-02,3.131,1.4569,59596.0,0.7721,22652.94,744728620.0,21.38,3.942,0.27,-5.0,8.3,46.7225673,127695.0,45.22,11.83,28.68,687.03
2009-10-05,3.124,1.4648,54656.0,0.7721,22830.85,568912594.0,22.78,3.935,0.27,-5.0,8.3,46.4502276,130126.0,45.14,12.02,26.84,693.98
2009-10-06,3.156,1.4717,61149.0,0.7721,23459.59,749702284.0,25.36,3.941,0.27,-5.0,8.3,46.5858344,122939.0,45.47,12.32,25.7,707.15
2009-10-07,3.124,1.4685,65714.0,0.7721,23414.28,600289583.0,24.01,3.896,0.27,-5.0,8.3,45.761184,141286.0,45.25,12.16,24.68,710.48
2009-10-08,3.115,1.4789,74015.0,0.7721,23663.68,622509039.0,24.88,3.896,0.27,-5.0,8.3,47.1770786,166601.0,43.36,12.05,24.18,712.64
2009-10-09,3.212,1.4727,76121.0,0.7721,23770.56,591065699.0,23.19,3.948,0.27,-5.0,8.3,47.5314,127859.0,43.6,12.35,23.12,711.5
2009-10-12,3.187,1.4771,57979.0,0.7721,24140.95,625532052.0,22.47,3.934,0.27,-5.0,8.3,48.31072,112409.0,43.2,12.95,23.01,714.07
2009-10-13,3.163,1.4856,68434.0,0.7721,23928.77,681003915.0,22.34,3.971,0.27,-5.0,8.3,48.734612,119856.0,41.54,12.78,22.99,715.58
2009-10-14,3.217,1.4924,68742.0,0.7721,24348.23,750242883.0,20.57,4.014,0.27,-5.0,8.3,48.981386,102058.0,42.09,12.31,22.86,711.38
2009-10-15,3.273,1.4943,78145.0,0.7721,24339.76,737005819.0,20.35,4.085,0.4,-5.0,8.3,49.8226845,15074.0,40.09,12.4,21.72,702.43
2009-10-16,3.273,1.4903,77935.0,0.7721,24152.34,717662855.0,20.76,4.038,0.4,-5.0,8.3,51.6610599,128568.0,36.91,12.44,21.43,705.78
2009-10-19,3.295,1.4963,81141.0,0.7721,24425.98,502850677.0,20.9,4.042,0.4,-5.0,8.3,51.9752464,118854.0,38.41,12.68,21.49,710.17
2009-10-20,3.248,1.4939,88326.0,0.7721,24228.05,567702209.0,20.09,3.96,0.4,-5.0,8.3,51.7036836,144627.0,39.06,12.81,20.9,705.75
2009-10-21,3.324,1.5008,86598.0,0.7721,24175.87,808345179.0,21.53,4.024,0.4,-5.0,8.3,53.0982439,179343.0,39.96,12.91,22.22,705.05
2009-10-22,3.302,1.5022,79707.0,0.7721,23813.41,737628043.0,19.75,4.009,0.4,-5.0,8.3,52.9290119,130333.0,40.47,13.06,20.69,705.44
2009-10-23,3.337,1.5,63715.0,0.7721,23420.56,859460110.0,19.98,4.063,0.4,-5.0,8.3,52.6135964,131051.0,39.5,12.33,22.27,702.69
2009-10-26,3.35,1.4869,74872.0,0.7721,23001.56,827886472.0,20.87,4.039,0.4,-5.0,8.3,51.9604404,146749.0,40.57,11.86,24.31,697.63
2009-10-27,3.266,1.4808,94254.0,0.7721,22829.52,912322669.0,20.52,3.964,0.4,-5.0,8.3,52.6201552,166282.0,39.82,11.97,24.83,701.51
2009-10-28,3.265,1.4709,87380.0,0.7721,22315.61,817035295.0,21.19,3.96,0.4,-5.0,8.3,51.5741796,150378.0,41.24,12.14,27.91,697.83
2009-10-29,3.325,1.4832,85168.0,0.7721,22772.56,863850622.0,20.72,4.019,0.4,-5.0,8.3,52.6161288,159435.0,39.41,12.62,24.76,704.06
2009-10-30,3.241,1.4715,67165.0,0.7721,22060.33,761978036.0,21.2,3.942,0.4,-5.0,8.3,51.104416,162907.0,41.13,14.24,30.69,709.46
2009-10-31,3.241,1.4715,67165.0,0.7375,22060.33,761978036.0,21.2,3.942,0.4,-5.0,8.3,51.104416,162907.0,41.13,14.24,30.69,709.46
2009-11-02,3.23,1.4768,76002.0,0.7375,22298.31,669310100.0,22.3,3.923,0.4,-5.0,8.3,51.835067,153809.0,41.78,13.57,29.78,717.48
2009-11-03,3.259,1.4714,86517.0,0.7375,21946.91,647856505.0,25.25,3.949,0.4,-5.0,8.3,53.0851182,165676.0,41.58,13.3,28.81,736.94
2009-11-04,3.316,1.4876,82868.0,0.7375,22385.73,610297964.0,25.13,3.972,0.4,-5.0,8.3,53.0314358,148882.0,40.6,12.97,27.72,734.09
2009-11-05,3.348,1.488,80327.0,0.7375,22582.24,767510589.0,22.76,3.991,0.4,-5.0,8.3,52.4123996,132475.0,38.98,12.78,25.43,733.08
2009-11-06,3.355,1.4847,68741.0,0.7375,22549.64,648485903.0,21.45,4.002,0.4,-5.0,8.3,51.1014798,174368.0,38.7,12.37,24.19,737.26
2009-11-09,3.312,1.4993,84542.0,0.7375,23065.93,559828474.0,21.92,3.952,0.4,-5.0,8.3,51.8710346,133920.0,39.06,12.35,23.15,735.86
2009-11-10,3.279,1.4982,72960.0,0.7375,23013.66,643418207.0,22.04,3.905,0.4,-5.0,8.3,51.728925,144835.0,38.12,11.91,22.84,737.42
2009-11-11,3.279,1.4981,73925.0,0.7375,23266.6,737738559.0,22.45,3.91,0.4,-5.0,8.3,52.0324045,131117.0,37.89,11.91,23.04,746.01
2009-11-12,3.36,1.4842,82269.0,0.7375,23209.47,684865157.0,23.06,4.079,0.4,-5.0,8.3,51.2192352,133137.0,38.78,11.35,24.24,743.26
2009-11-13,3.394,1.4914,78942.0,0.7375,23284.2,616367568.0,21.9,4.096,0.4,-5.0,8.3,50.6570305,16459.0,38.67,11.1,23.36,749.98
2009-11-15,3.394,1.4914,78942.0,0.7375,23284.2,616367568.0,21.9,4.096,0.54,-2.4,8.3,50.6570305,16459.0,38.67,11.1,23.36,749.98
2009-11-16,3.324,1.4971,75037.0,0.7375,23620.44,686119803.0,24.34,4.068,0.54,-2.4,8.3,52.6085296,142377.0,37.56,10.89,22.89,761.05
2009-11-17,3.286,1.4867,80214.0,0.7375,23381.18,637136140.0,23.03,4.029,0.54,-2.4,8.3,53.1175911,125360.0,37.01,11.41,22.41,766.92
2009-11-18,3.298,1.4964,84876.0,0.7375,23334.74,725072874.0,24.1,4.043,0.54,-2.4,8.3,53.1074169,141242.0,35.69,11.34,21.63,764.45
2009-11-19,3.265,1.4918,81105.0,0.7375,22823.22,652655158.0,23.96,4.061,0.54,-2.4,8.3,52.0444212,154691.0,36.99,10.73,22.63,766.4
2009-11-20,3.261,1.486,86374.0,0.7375,22511.68,627950296.0,24.65,4.065,0.54,-2.4,8.3,51.95174,130141.0,36.8,10.47,22.19,773.38
2009-11-23,3.274,1.4965,58413.0,0.7375,22956.44,441301153.0,25.64,4.061,0.54,-2.4,8.3,51.7610958,151342.0,35.67,10.36,21.16,778.28
2009-11-24,3.253,1.496,62863.0,0.7375,22708.45,721954997.0,23.56,4.044,0.54,-2.4,8.3,51.109687,190775.0,37.06,10.1,20.47,781.68
2009-11-25,3.257,1.5139,69296.0,0.7375,22741.85,851496809.0,25.39,4.056,0.54,-2.4,8.3,51.813542,164220.0,36.57,10.13,20.48,785.56
2009-11-26,3.164,1.5011,71142.0,0.7375,21922.45,816455860.0,25.39,4.055,0.54,-2.4,8.3,51.2891982,63357.0,36.57,10.09,20.48,794.27
2009-11-27,3.182,1.4965,72563.0,0.7375,22205.28,982151554.0,27.14,4.04,0.54,-2.4,8.3,51.5739914,159390.0,43.36,9.93,24.85,786.14
2009-11-30,3.16,1.5007,89084.0,0.7162,21928.16,652775288.0,26.27,4.015,0.54,-2.4,8.3,52.2892692,163999.0,41.17,11.05,24.51,785.21
2009-12-01,3.139,1.5087,87062.0,0.7162,22556.05,566747474.0,26.69,3.977,0.54,-2.4,8.3,52.594767,147908.0,40.23,10.88,21.92,793.54
2009-12-02,3.164,1.5044,70722.0,0.7162,22572.88,563826186.0,26.74,3.981,0.54,-2.4,8.3,51.7683936,150411.0,40.29,10.63,21.12,807.22
2009-12-03,3.17,1.5068,55661.0,0.7162,22615.94,555269046.0,26.81,3.984,0.54,-2.4,8.3,52.0043976,151564.0,40.56,10.29,22.46,803.18
2009-12-04,3.229,1.485,52202.0,0.7162,22926.03,674057681.0,29.82,3.987,0.54,-2.4,8.3,52.201968,177564.0,41.18,10.45,21.25,781.71
2009-12-07,3.185,1.4819,52849.0,0.7162,22788.52,312731503.0,29.12,3.961,0.54,-2.4,8.3,51.5757283,144238.0,42.49,11.46,22.1,781.98
2009-12-08,3.138,1.4698,65614.0,0.7162,22404.32,452237709.0,29.2,3.979,0.54,-2.4,8.3,51.1562684,142065.0,42.19,11.6,23.69,768.64
2009-12-09,3.132,1.4724,68862.0,0.7162,22236.23,558146538.0,28.99,4.012,0.54,-2.4,8.3,49.1643924,216399.0,43.08,11.91,22.66,766.11
2009-12-10,3.174,1.4734,63671.0,0.7162,22385.67,438738020.0,27.86,4.042,0.54,-2.4,8.3,48.771382,130715.0,42.9,11.39,22.32,767.88
2009-12-11,3.22,1.4621,64186.0,0.7162,22411.51,464650517.0,27.82,4.049,0.54,-2.4,8.3,49.162326,109282.0,43.05,11.48,21.59,761.91
2009-12-14,3.191,1.4655,66238.0,0.7162,22652.34,348285414.0,25.48,4.023,0.54,-2.4,8.3,49.0548604,90672.0,42.16,11.42,21.15,766.85
2009-12-15,3.231,1.4533,69384.0,0.7162,22617.23,416414671.0,26.05,4.027,0.94,-2.4,8.5,49.5768845,81093.0,41.54,11.41,21.49,773.2
2009-12-16,3.202,1.4536,53275.0,0.7162,22889.59,417008238.0,24.9,4.005,0.94,-2.4,8.5,50.5987225,19333.0,39.89,11.98,20.54,782.23
2009-12-17,3.159,1.4344,60410.0,0.7162,22677.74,471750503.0,27.16,3.97,0.94,-2.4,8.5,51.1506292,134133.0,39.08,11.83,22.51,765.8
2009-12-18,3.139,1.4341,52735.0,0.7162,22472.43,719788952.0,26.59,3.977,0.94,-2.4,8.5,51.425875,156209.0,40.58,12.41,21.68,775.09
2009-12-21,3.187,1.4283,44117.0,0.7162,22738.68,379364610.0,25.88,4.04,0.94,-2.4,8.5,51.1024887,83846.0,39.25,12.94,20.49,764.23
2009-12-22,3.269,1.4249,48619.0,0.7162,22982.56,379084525.0,25.22,4.03,0.94,-2.4,8.5,51.554228,102339.0,37.81,12.25,19.54,759.74
2009-12-23,3.296,1.4326,54102.0,0.7162,23109.12,285407598.0,23.36,4.024,0.94,-2.4,8.5,52.6663635,113260.0,36.0,12.01,19.71,758.16
2009-12-24,3.296,1.4374,44028.0,0.7162,23109.12,285407598.0,23.1,4.046,0.94,-2.4,8.5,53.088867,61259.0,35.18,12.13,19.47,768.26
2009-12-25,3.296,1.4396,1799.0,0.7162,23109.12,285407598.0,23.1,4.046,0.94,-2.4,8.5,53.088867,61259.0,35.18,12.15,19.47,766.77
2009-12-28,3.353,1.4382,53682.0,0.7162,23302.56,224430626.0,26.02,4.063,0.94,-2.4,8.5,53.7613692,45916.0,36.48,12.15,19.93,769.5
2009-12-29,3.372,1.4352,75599.0,0.7162,23376.24,247897036.0,24.85,4.086,0.94,-2.4,8.5,54.0972228,68499.0,35.78,13.1,20.01,764.49
2009-12-30,3.401,1.4332,75525.0,0.7162,23248.39,230545640.0,24.53,4.141,0.94,-2.4,8.5,54.4446522,75652.0,34.95,13.07,19.96,761.26
2009-12-31,3.401,1.4316,57943.0,0.712,23248.39,230545640.0,23.71,4.137,0.94,-2.4,8.5,54.4356636,56430.0,36.26,12.63,21.68,765.5
2010-01-01,3.401,1.4323,46.0,0.712,23248.39,230545640.0,23.71,4.139,0.94,-2.4,8.5,54.4356636,56430.0,36.26,13.03,21.68,765.13
2010-01-04,3.382,1.4411,99355.0,0.712,23545.02,409066878.0,24.59,4.097,0.94,-2.4,8.5,55.5960692,122637.0,35.44,13.81,20.04,776.93
2010-01-05,3.376,1.4368,104751.0,0.712,23555.73,520893894.0,23.34,4.093,0.94,-2.4,8.5,56.0898341,131754.0,34.27,13.98,19.35,778.6
2010-01-06,3.38,1.4412,98474.0,0.712,23622.29,307231223.0,23.9,4.108,0.94,-2.4,8.5,56.8210143,157872.0,34.4,13.92,19.16,789.56
2010-01-07,3.374,1.4318,86639.0,0.712,23709.01,593410208.0,23.32,4.09,0.94,-2.4,8.5,56.9282142,131284.0,33.61,14.04,19.06,790.43
2010-01-08,3.381,1.4412,81531.0,0.712,23811.13,670146739.0,22.04,4.082,0.94,-2.4,8.5,56.4602019,157485.0,31.34,13.33,18.13,788.12
2010-01-11,3.349,1.4513,100408.0,0.712,23774.76,596898896.0,20.97,4.054,0.94,-2.4,8.5,55.7915688,137692.0,30.0,13.49,17.55,794.1
2010-01-12,3.307,1.4494,101224.0,0.712,23583.35,562609336.0,21.97,4.044,0.94,-2.4,8.5,54.712242,149357.0,31.61,12.96,18.25,777.66
2010-01-13,3.298,1.451,107916.0,0.712,23658.4,505558155.0,20.63,4.09,0.94,-2.4,8.5,53.9696858,105590.0,32.75,12.65,17.85,784.24
2010-01-14,3.289,1.4502,106382.0,0.712,23805.99,617788245.0,21.34,4.096,0.94,-2.4,8.5,53.6615592,22475.0,30.86,13.02,17.63,788.36
2010-01-15,3.267,1.4382,107786.0,0.712,23472.11,757188368.0,21.48,4.076,1.35,-2.4,8.6,53.6153541,144795.0,29.8,12.54,17.91,785.42
2010-01-18,3.249,1.4385,95845.0,0.712,23509.76,470008104.0,21.48,4.068,1.35,-2.4,8.6,53.597607,67291.0,29.8,12.75,17.91,787.06
2010-01-19,3.282,1.4298,96791.0,0.712,23705.67,708704167.0,21.31,4.059,1.35,-2.4,8.6,54.294422,202057.0,28.52,13.19,17.58,795.61
2010-01-20,3.22,1.4101,98117.0,0.712,23126.02,732386373.0,22.85,4.058,1.35,-2.4,8.6,54.1238544,152765.0,31.15,13.44,18.68,788.21
2010-01-21,3.241,1.409,105235.0,0.712,22876.46,754155298.0,24.82,4.095,1.35,-2.4,8.6,52.9309176,176440.0,32.51,13.31,22.27,777.07
2010-01-22,3.219,1.4137,103396.0,0.712,22567.81,1108761453.0,26.01,4.091,1.35,-2.4,8.6,51.5170288,181079.0,34.85,13.4,27.31,772.7
2010-01-25,3.219,1.415,105861.0,0.712,22373.09,669930163.0,24.73,4.041,1.35,-2.4,8.6,52.0774599,144131.0,33.33,14.16,25.41,775.78
2010-01-26,3.206,1.4073,104095.0,0.712,22407.71,707740085.0,24.35,4.015,1.35,-2.4,8.6,52.0784082,143555.0,33.78,14.77,24.55,780.44
2010-01-27,3.191,1.4017,105170.0,0.712,21997.59,737770505.0,24.08,4.092,1.35,-2.4,8.6,51.5374608,173118.0,34.23,15.37,23.14,775.06
2010-01-28,3.199,1.3962,104123.0,0.712,21603.13,911811553.0,23.35,4.151,1.35,-2.4,8.6,51.6616699,159036.0,33.28,15.55,23.73,777.28
2010-01-29,3.2,1.3862,99166.0,0.712,21896.29,876712117.0,23.87,4.115,1.35,-2.4,8.6,51.551244,151211.0,34.05,14.85,24.62,779.55
2010-01-31,3.2,1.3862,99166.0,0.6798,21896.29,876712117.0,23.87,4.115,1.35,-2.4,8.6,51.551244,151211.0,34.05,14.85,24.62,779.55
2010-02-01,3.192,1.3927,87315.0,0.6798,22012.0,674852904.0,23.84,4.048,1.35,-2.4,8.6,52.4951733,150864.0,32.45,13.55,22.59,794.69
2010-02-02,3.192,1.3961,80340.0,0.6798,22413.74,1035691661.0,22.75,4.06,1.35,-2.4,8.6,54.4802568,191905.0,32.44,13.54,21.48,798.27
2010-02-03,3.217,1.3898,91672.0,0.6798,22169.25,846480830.0,22.09,4.08,1.35,-2.4,8.6,54.6267176,229625.0,34.65,13.58,21.6,797.94
2010-02-04,3.167,1.3734,107816.0,0.6798,21404.82,995128915.0,27.19,4.056,1.35,-2.4,8.6,52.5192956,248418.0,38.51,13.75,26.08,773.86
2010-02-05,3.115,1.3662,96155.0,0.6798,20815.88,1466460002.0,27.59,4.054,1.35,-2.4,8.6,50.9370964,282105.0,39.99,13.99,26.11,779.2
2010-02-08,3.142,1.3652,101357.0,0.6798,20938.24,1060741240.0,26.88,4.108,1.35,-2.4,8.6,51.3548739,160464.0,39.53,14.0,26.51,778.47
2010-02-09,3.15,1.3789,88652.0,0.6798,20818.97,920644723.0,25.45,4.061,1.35,-2.4,8.6,52.3101186,178410.0,38.74,13.72,26.0,780.99
2010-02-10,3.185,1.3726,85541.0,0.6798,21241.63,919967352.0,26.02,4.015,1.35,-2.4,8.6,52.8482916,141051.0,37.91,13.14,25.4,781.09
2010-02-11,3.229,1.3681,87423.0,0.6798,21076.45,945460664.0,25.48,4.027,1.35,-2.4,8.6,53.395167,21155.0,36.04,13.36,23.96,799.49
2010-02-12,3.186,1.3615,88976.0,0.6798,21035.91,802255448.0,24.29,4.056,1.35,-2.4,8.6,53.543592,160818.0,36.04,13.32,22.73,802.23
2010-02-15,3.206,1.3598,89217.0,0.6798,21122.47,450491364.0,24.29,4.057,1.08,0.4,8.7,53.323854,48131.0,36.04,13.41,22.73,809.01
2010-02-16,3.21,1.3768,97247.0,0.6798,21289.2,620164474.0,25.38,4.061,1.08,0.4,8.7,54.9678976,149990.0,36.15,13.78,22.25,813.07
2010-02-17,3.198,1.3605,96745.0,0.6798,21650.81,708591575.0,24.88,4.041,1.08,0.4,8.7,56.0599754,178799.0,35.38,13.28,21.72,819.22
2010-02-18,3.242,1.3614,90498.0,0.6798,21686.12,724855509.0,24.0,4.063,1.08,0.4,8.7,57.1325212,186456.0,33.36,12.95,20.63,825.12
2010-02-19,3.275,1.3615,96222.0,0.6798,21772.33,705955843.0,24.05,4.083,1.08,0.4,8.7,57.4289912,165165.0,34.63,12.59,20.02,820.93
2010-02-22,3.273,1.3597,89996.0,0.6798,21704.78,528030576.0,23.53,4.093,1.08,0.4,8.7,57.8145106,142726.0,33.68,12.35,19.94,818.6
2010-02-23,3.181,1.3505,79987.0,0.6798,21224.07,757718911.0,23.89,4.03,1.08,0.4,8.7,57.2013075,179348.0,34.88,12.42,21.37,816.01
2010-02-24,3.144,1.353,87503.0,0.6798,21346.31,816113697.0,22.68,3.995,1.08,0.4,8.7,57.716319,153140.0,33.46,12.77,20.27,809.95
2010-02-25,3.112,1.3555,95727.0,0.6798,20843.23,848811130.0,21.85,4.044,1.08,0.4,8.7,56.2821846,174397.0,33.56,12.73,20.1,815.61
2010-02-26,3.107,1.3625,84807.0,0.6798,21068.32,798789796.0,21.31,3.991,1.08,0.4,8.7,56.9464046,145252.0,32.82,12.22,19.5,818.76
2010-02-28,3.107,1.3625,84807.0,0.6617,21068.32,798789796.0,21.31,3.991,1.08,0.4,8.7,56.9464046,145252.0,32.82,12.22,19.5,818.76
2010-03-01,3.113,1.356,100720.0,0.6617,21320.8,619104310.0,21.13,3.977,1.08,0.4,8.7,56.7032994,136794.0,34.29,12.24,19.26,823.66
2010-03-02,3.123,1.3604,96533.0,0.6617,21431.41,580940722.0,21.76,3.969,1.08,0.4,8.7,57.4685544,217312.0,34.88,12.05,19.06,833.63
2010-03-03,3.141,1.3698,81180.0,0.6617,21745.06,729600236.0,21.37,3.965,1.08,0.4,8.7,57.8548775,174628.0,34.53,11.87,18.83,831.4
2010-03-04,3.118,1.3579,83521.0,0.6617,21844.56,782542729.0,20.06,3.955,1.08,0.4,8.7,57.8392122,186728.0,33.54,11.53,18.72,833.1
2010-03-05,3.159,1.3621,73530.0,0.6617,22278.12,767912028.0,19.29,3.95,1.08,0.4,8.7,58.6520424,153680.0,32.67,11.39,17.42,830.92
2010-03-08,3.165,1.3628,76430.0,0.6617,22398.21,452393861.0,19.89,3.96,1.08,0.4,8.7,59.0472766,143115.0,33.22,11.43,17.79,822.66
2010-03-09,3.129,1.36,79656.0,0.6617,22355.8,533804727.0,19.88,3.928,1.08,0.4,8.7,58.7570239,130845.0,33.19,11.38,17.92,823.09
2010-03-10,3.158,1.3659,76741.0,0.6617,22638.65,550154507.0,20.93,3.934,1.08,0.4,8.7,58.9210176,179448.0,33.28,11.48,18.57,810.89
2010-03-11,3.181,1.3677,79536.0,0.6617,22540.85,537755267.0,20.19,3.944,1.08,0.4,8.7,58.696722,137058.0,32.7,11.41,18.06,810.67
2010-03-12,3.178,1.3761,74841.0,0.6617,22565.19,585028783.0,20.16,3.954,1.08,0.4,8.7,57.6919191,111578.0,32.11,11.37,17.58,800.77
2010-03-15,3.15,1.3673,69366.0,0.6617,22373.23,449810969.0,20.9,3.948,1.21,0.4,8.5,56.9664093,77785.0,33.38,11.56,18.0,810.5
2010-03-16,3.142,1.3769,78907.0,0.6617,22619.85,587376376.0,20.32,3.926,1.21,0.4,8.5,57.3898554,17215.0,33.22,11.48,17.69,816.54
2010-03-17,3.114,1.3737,75259.0,0.6617,22902.58,792253372.0,19.8,3.912,1.21,0.4,8.5,59.6636016,160966.0,32.47,11.31,16.91,818.51
2010-03-18,3.118,1.3606,79214.0,0.6617,22785.15,666138624.0,19.23,3.945,1.21,0.4,8.5,59.8853556,142552.0,31.73,11.14,16.62,827.23
2010-03-19,3.109,1.3531,74931.0,0.6617,22687.3,1115349119.0,19.71,3.956,1.21,0.4,8.5,59.0345152,170942.0,31.85,11.15,16.97,817.43
2010-03-22,3.066,1.3555,70479.0,0.6617,22622.81,613617257.0,19.06,3.935,1.21,0.4,8.5,59.4175796,159627.0,29.57,11.24,16.87,812.78
2010-03-23,3.057,1.3498,79969.0,0.6617,22765.89,734787710.0,18.52,3.905,1.21,0.4,8.5,59.786595,147441.0,29.23,11.45,16.35,816.04
2010-03-24,3.077,1.3313,80162.0,0.6617,22798.7,729624677.0,20.81,3.936,1.21,0.4,8.5,59.806563,174440.0,29.34,11.6,17.55,816.25
2010-03-25,3.129,1.3278,78018.0,0.6617,23034.46,613940225.0,20.27,3.922,1.21,0.4,8.5,59.9566793,167681.0,30.13,11.62,18.4,821.49
2010-03-26,3.156,1.341,73524.0,0.6617,23063.87,798743510.0,19.73,3.92,1.21,0.4,8.5,59.1273459,159170.0,30.1,11.91,17.77,824.09
2010-03-29,3.131,1.3477,67559.0,0.6617,23104.97,557523326.0,19.07,3.918,1.21,0.4,8.5,60.22814,137929.0,30.17,11.96,17.59,822.05
2010-03-30,3.124,1.3411,73754.0,0.6617,23003.34,541652552.0,18.16,3.884,1.21,0.4,8.5,60.6072448,139991.0,29.56,12.27,17.13,821.92
2010-03-31,3.102,1.351,69145.0,0.645,22847.97,664118154.0,18.14,3.866,1.21,0.4,8.5,61.213713,152047.0,29.61,11.85,17.59,823.5
2010-04-01,3.099,1.3581,69067.0,0.645,23206.66,552967575.0,17.49,3.843,1.21,0.4,8.5,61.8582432,132419.0,29.24,11.56,17.47,828.49
2010-04-02,3.099,1.3502,43892.0,0.645,23206.66,552967575.0,17.49,3.846,1.21,0.4,8.5,61.8582432,132419.0,29.24,11.7,17.47,829.26
2010-04-05,3.099,1.3483,44506.0,0.645,23206.66,552967575.0,18.06,3.846,1.21,0.4,8.5,63.6946196,61252.0,29.65,11.7,17.02,837.68
2010-04-06,3.144,1.3398,68713.0,0.645,23346.66,500846847.0,17.93,3.912,1.21,0.4,8.5,64.300637,119371.0,28.8,12.05,16.23,846.04
2010-04-07,3.128,1.334,75412.0,0.645,23151.3,599737647.0,19.13,3.898,1.21,0.4,8.5,64.1608317,152655.0,29.04,12.18,16.62,859.94
2010-04-08,3.096,1.3358,71459.0,0.645,22820.01,743348647.0,18.86,3.891,1.21,0.4,8.5,63.4904622,157315.0,29.25,12.13,16.48,860.76
2010-04-09,3.158,1.3496,68697.0,0.645,23103.87,681414944.0,19.4,3.897,1.21,0.4,8.5,62.8556368,154816.0,29.15,12.74,16.14,859.06
2010-04-12,3.184,1.3584,75306.0,0.645,23291.65,633114864.0,18.27,3.88,1.21,0.4,8.5,62.4042832,139422.0,27.02,12.81,15.58,847.38
2010-04-13,3.147,1.3606,75098.0,0.645,23195.56,821856258.0,17.51,3.883,1.21,0.4,8.5,62.2666584,121589.0,27.26,12.61,16.2,845.08
2010-04-14,3.14,1.3651,66275.0,0.645,23480.42,793274948.0,17.31,3.896,1.21,0.4,8.5,63.1091825,101211.0,27.14,13.16,15.59,845.04
2010-04-15,3.129,1.3579,73481.0,0.645,23539.24,695341332.0,17.44,3.886,1.47,0.4,8.8,64.1946031,18896.0,26.9,12.93,15.89,852.99
2010-04-16,3.093,1.3496,71923.0,0.645,23007.22,954483407.0,18.85,3.868,1.47,0.4,8.8,63.7151504,200556.0,27.16,12.52,18.36,841.69
2010-04-19,3.085,1.3484,75075.0,0.645,22785.78,774297907.0,18.94,3.868,1.47,0.4,8.8,62.4666526,200188.0,29.02,12.41,17.34,840.88
2010-04-20,3.101,1.3436,77288.0,0.645,23271.68,854772059.0,17.69,3.886,1.47,0.4,8.8,63.114096,164015.0,27.8,12.41,15.73,847.96
2010-04-21,3.079,1.3386,75505.0,0.645,23045.05,775328726.0,17.8,3.899,1.47,0.4,8.8,64.022185,207887.0,27.67,12.79,16.32,855.4
2010-04-22,3.06,1.3292,79272.0,0.645,22616.5,937914929.0,17.77,3.934,1.47,0.4,8.8,64.4521111,220268.0,27.65,12.57,16.47,858.05
2010-04-23,3.068,1.3383,77604.0,0.645,22726.0,799442475.0,17.9,3.955,1.47,0.4,8.8,65.194945,150138.0,26.68,12.62,16.62,864.07
2010-04-26,3.048,1.3395,78887.0,0.645,22783.27,597190611.0,17.73,3.973,1.47,0.4,8.8,64.8229365,125025.0,28.02,13.75,17.47,861.61
2010-04-27,3.009,1.3163,79827.0,0.645,22036.47,1043192500.0,17.73,3.995,1.47,0.4,8.8,65.1679238,189602.0,28.02,15.2,22.81,890.77
2010-04-28,2.992,1.3211,78750.0,0.645,21501.24,1622581506.0,20.13,4.088,1.47,0.4,8.8,65.2179504,187868.0,30.68,14.3,21.08,880.16
2010-04-29,3.012,1.3224,76686.0,0.645,21695.7,1211781608.0,19.35,4.045,1.47,0.4,8.8,65.71378,157008.0,29.53,14.45,18.44,880.87
2010-04-30,2.965,1.3295,72135.0,0.6447,21562.48,1229242714.0,20.42,3.985,1.47,0.4,8.8,65.7688704,162736.0,30.25,14.65,22.05,885.84
2010-05-03,3.053,1.3192,65287.0,0.6447,21628.91,583508569.0,20.93,4.008,1.47,0.4,8.8,67.4200776,94348.0,30.18,15.13,20.19,895.79
2010-05-04,2.948,1.298,70213.0,0.6447,20613.25,1406755580.0,21.71,4.006,1.47,0.4,8.8,66.0018814,194514.0,32.67,15.7,23.84,902.13
2010-05-05,2.865,1.2812,74583.0,0.6447,20351.95,1703630285.0,21.79,4.065,1.47,0.4,8.8,64.4787572,224320.0,35.61,15.55,24.91,916.7
2010-05-06,2.797,1.2656,76299.0,0.6447,19483.93,2025393240.0,26.31,4.282,1.47,0.4,8.8,63.0768762,231806.0,39.73,16.25,32.8,954.67
2010-05-07,2.765,1.2759,71177.0,0.6447,18846.18,2111969623.0,26.24,4.283,1.47,0.4,8.8,61.3448952,230378.0,42.61,16.77,40.95,946.18
2010-05-10,2.955,1.2781,70751.0,0.6447,20971.21,2362062090.0,24.35,4.003,1.47,0.4,8.8,62.6866892,173960.0,40.05,16.3,28.84,940.16
2010-05-11,2.929,1.2653,74028.0,0.6447,20874.65,1707180894.0,25.96,3.963,1.47,0.4,8.8,63.6136617,153994.0,38.87,16.07,28.32,974.34
2010-05-12,2.942,1.2621,76452.0,0.6447,21029.48,1609727772.0,25.34,3.939,1.47,0.4,8.8,64.337196,120959.0,36.96,15.94,25.52,979.05
2010-05-13,2.934,1.2528,72361.0,0.6447,20878.83,1359410838.0,24.41,3.879,1.47,0.4,8.8,63.9446031,120461.0,36.46,15.69,26.68,983.65
2010-05-14,2.862,1.236,75385.0,0.6447,19781.17,2100783030.0,26.21,3.909,1.47,0.4,8.8,62.4432508,27811.0,40.46,16.04,31.24,996.72
2010-05-15,2.862,1.236,75385.0,0.6447,19781.17,2100783030.0,26.21,3.909,1.47,1.7,8.7,62.4432508,27811.0,40.46,16.04,31.24,996.72
2010-05-17,2.869,1.2393,74063.0,0.6447,19826.83,1784330623.0,26.46,3.916,1.47,1.7,8.7,60.598941,200850.0,41.13,15.85,30.84,986.49
2010-05-18,2.83,1.218,80263.0,0.6447,20314.21,1556898569.0,26.25,3.9,1.47,1.7,8.7,61.1085186,216552.0,42.96,16.44,33.55,1002.05
2010-05-19,2.778,1.2427,83406.0,0.6447,19612.66,2093149177.0,27.05,3.957,1.47,1.7,8.7,59.298343,224492.0,44.03,16.3,35.32,958.66
2010-05-20,2.687,1.2465,79466.0,0.6447,19282.05,1643860046.0,30.73,3.989,1.47,1.7,8.7,57.63364,243991.0,46.46,16.3,45.79,948.41
2010-05-21,2.664,1.257,74638.0,0.6447,19535.91,1646557633.0,27.78,3.964,1.47,1.7,8.7,57.0243072,183163.0,44.57,16.48,40.1,934.44
2010-05-24,2.651,1.2351,61128.0,0.6447,19030.49,843070972.0,25.72,3.929,1.47,1.7,8.7,57.6227905,137702.0,44.9,16.48,38.32,965.35
2010-05-25,2.571,1.2365,71518.0,0.6447,18382.71,2117903870.0,25.72,3.984,1.47,1.7,8.7,56.2471715,192340.0,45.8,16.7,34.61,970.48
2010-05-26,2.647,1.2167,77725.0,0.6447,18778.41,1877181994.0,24.74,4.017,1.47,1.7,8.7,58.963106,168443.0,43.45,16.9,35.02,994.33
2010-05-27,2.708,1.2368,79038.0,0.6447,19631.87,1578774845.0,23.0,4.13,1.47,1.7,8.7,60.3655964,169289.0,40.7,16.35,29.68,979.62
2010-05-28,2.685,1.2267,76101.0,0.6447,19475.88,1336991079.0,22.28,4.153,1.47,1.7,8.7,60.341104,142577.0,40.49,16.32,32.07,989.01
2010-05-31,2.653,1.2305,69228.0,0.6865,19543.97,601185549.0,22.28,4.169,1.47,1.7,8.7,60.666562,14776.0,40.49,16.34,32.07,987.9
2010-06-01,2.663,1.2225,77337.0,0.6865,19279.18,1582841255.0,23.15,4.193,1.47,1.7,8.7,59.47678,203027.0,46.06,16.38,35.54,1001.96
2010-06-02,2.651,1.2249,78579.0,0.6865,19183.13,1134021618.0,21.55,4.284,1.47,1.7,8.7,60.2087625,176173.0,42.92,16.65,30.17,998.24
2010-06-03,2.679,1.2157,79655.0,0.6865,19473.35,1120728399.0,21.7,4.293,1.47,1.7,8.7,62.0300037,171232.0,41.72,16.62,29.46,993.13
2010-06-04,2.585,1.1973,73704.0,0.6865,18734.73,1372166290.0,23.15,4.258,1.47,1.7,8.7,60.2102889,177341.0,47.15,17.45,35.48,1017.61
2010-06-07,2.551,1.1914,67191.0,0.6865,18631.18,1209088630.0,24.95,4.354,1.47,1.7,8.7,60.533922,140827.0,46.78,18.0,36.57,1039.73
2010-06-08,2.51,1.1972,71735.0,0.6865,18542.8,1539139921.0,24.98,4.314,1.47,1.7,8.7,60.390744,154485.0,43.85,19.06,33.7,1030.83
2010-06-09,2.569,1.1985,70961.0,0.6865,18912.91,1189346182.0,24.58,4.144,1.47,1.7,8.7,61.9694026,142450.0,42.55,19.01,33.73,1027.15
2010-06-10,2.624,1.2108,78027.0,0.6865,19391.09,1394358656.0,23.29,4.026,1.47,1.7,8.7,62.182011,160432.0,38.91,18.51,30.57,1005.04
2010-06-11,2.583,1.211,73011.0,0.6865,19660.27,1422300790.0,21.62,4.046,1.47,1.7,8.7,61.395256,154979.0,39.37,18.28,28.79,1011.8
2010-06-14,2.632,1.2217,64752.0,0.6865,20188.54,1162183340.0,21.79,4.099,1.47,1.7,8.7,61.553456,183183.0,39.72,18.86,28.58,998.9
2010-06-15,2.684,1.2323,73291.0,0.6865,20582.72,1354114625.0,21.26,4.062,1.34,1.7,8.5,61.835538,24506.0,37.72,19.92,25.87,1000.69
2010-06-16,2.667,1.2306,70280.0,0.6865,20562.63,1414592317.0,20.85,4.073,1.34,1.7,8.5,63.4973454,162546.0,37.38,19.66,25.92,1000.16
2010-06-17,2.665,1.2378,69782.0,0.6865,20568.91,1136477721.0,22.78,4.04,1.34,1.7,8.5,63.5639984,179204.0,36.29,19.86,25.05,1004.56
2010-06-18,2.733,1.2384,64218.0,0.6865,20752.31,1245939409.0,22.04,3.997,1.34,1.7,8.5,63.1618678,119762.0,35.25,19.81,23.95,1014.0
2010-06-21,2.762,1.2306,71619.0,0.6865,20810.44,800697392.0,22.25,3.99,1.34,1.7,8.5,64.0499202,149054.0,35.36,19.78,24.88,999.72
2010-06-22,2.693,1.2266,72283.0,0.6865,20609.03,1019275122.0,22.37,4.036,1.34,1.7,8.5,63.6228904,122999.0,35.47,19.43,27.05,1010.11
2010-06-23,2.654,1.2313,70996.0,0.6865,20358.92,1002161961.0,22.38,4.063,1.34,1.7,8.5,61.9426805,164564.0,36.76,19.39,26.91,1003.82
2010-06-24,2.604,1.2333,66319.0,0.6865,19942.39,1213153739.0,22.27,4.059,1.34,1.7,8.5,62.0041701,146527.0,37.41,19.24,29.74,1008.8
2010-06-25,2.601,1.2374,64355.0,0.6865,19961.74,1255755424.0,22.06,4.101,1.34,1.7,8.5,63.132678,158177.0,35.82,19.0,28.53,1013.33
2010-06-28,2.588,1.2277,61849.0,0.6865,20130.61,950591821.0,22.8,4.124,1.34,1.7,8.5,63.1993827,114960.0,36.71,19.18,29.0,1007.37
2010-06-29,2.562,1.2179,65607.0,0.6865,19236.26,1050865860.0,24.07,4.137,1.34,1.7,8.5,61.9430296,168850.0,39.16,19.87,34.13,1018.18
2010-06-30,2.552,1.2234,69932.0,0.7276,19311.75,1154457366.0,23.46,4.106,1.34,1.7,8.5,61.3124239,207087.0,39.5,20.23,34.54,1014.51
2010-07-01,2.574,1.2517,65260.0,0.7276,18943.76,1003572592.0,25.13,4.094,1.34,1.7,8.5,57.7931494,211211.0,41.22,20.63,32.86,957.46
2010-07-02,2.58,1.256,58288.0,0.7276,19073.85,771495972.0,22.95,4.028,1.34,1.7,8.5,57.046297,136170.0,39.19,20.63,30.12,963.39
2010-07-05,2.542,1.2539,51606.0,0.7276,18848.56,410301899.0,22.95,4.019,1.34,1.7,8.5,56.9980397,46916.0,39.19,21.02,30.12,963.28
2010-07-06,2.599,1.2623,64663.0,0.7276,19356.66,849052838.0,23.7,4.087,1.34,1.7,8.5,56.60269,134113.0,40.24,21.24,29.65,944.13
2010-07-07,2.592,1.2634,67684.0,0.7276,20013.07,1102458968.0,22.0,4.089,1.34,1.7,8.5,58.1839001,148095.0,37.75,20.73,26.84,951.06
2010-07-08,2.639,1.2693,64974.0,0.7276,20243.73,884382879.0,20.26,4.06,1.34,1.7,8.5,58.8595264,147165.0,35.78,21.16,25.71,942.53
2010-07-09,2.631,1.2634,62235.0,0.7276,20478.98,750972503.0,19.68,4.036,1.34,1.7,8.5,59.6956842,123288.0,34.57,21.15,24.98,958.47
2010-07-12,2.588,1.2589,56302.0,0.7276,20517.92,525536223.0,18.51,4.047,1.34,1.7,8.5,59.0750658,109330.0,33.2,21.0,24.43,948.82
2010-07-13,2.634,1.2726,55011.0,0.7276,20851.85,659761068.0,18.99,4.082,1.34,1.7,8.5,60.2308035,124022.0,32.87,20.82,24.56,950.87
2010-07-14,2.66,1.274,53364.0,0.7276,20804.37,584650415.0,18.24,4.133,1.34,1.7,8.5,60.2590761,70918.0,33.16,20.01,24.89,947.58
2010-07-15,2.654,1.2938,63744.0,0.7276,20480.08,712174666.0,17.18,4.143,1.6,1.7,8.5,58.8887748,13595.0,33.24,19.87,25.14,933.26
2010-07-16,2.623,1.293,56417.0,0.7276,20161.02,807570843.0,20.13,4.054,1.6,1.7,8.5,58.291158,124966.0,34.13,19.39,26.25,922.35
2010-07-19,2.641,1.294,56521.0,0.7276,20117.54,740300676.0,20.31,4.064,1.6,1.7,8.5,58.439136,146290.0,34.03,18.86,25.97,914.52
2010-07-20,2.638,1.2884,60873.0,0.7276,19985.32,783194418.0,20.41,3.996,1.6,1.7,8.5,59.1589152,150782.0,32.43,18.23,23.93,924.81
2010-07-21,2.645,1.2756,61639.0,0.7276,20137.92,704082260.0,20.5,4.019,1.6,1.7,8.5,59.0855578,150599.0,33.88,17.05,25.64,929.08
2010-07-22,2.647,1.2888,61056.0,0.7276,20694.26,812897398.0,19.81,4.049,1.6,1.7,8.5,60.3820944,167710.0,33.59,17.75,24.63,926.36
2010-07-23,2.697,1.2904,59456.0,0.7276,20604.08,642326227.0,20.28,4.032,1.6,1.7,8.5,60.0198775,119509.0,32.44,18.02,23.47,920.68
2010-07-26,2.758,1.2994,60436.0,0.7276,20819.96,610062644.0,20.98,3.993,1.6,1.7,8.5,59.643225,98279.0,33.07,17.85,22.73,909.65
2010-07-27,2.772,1.2993,58286.0,0.7276,21158.08,1055759625.0,22.12,3.977,1.6,1.7,8.5,58.5934545,167475.0,32.91,17.13,23.19,893.97
2010-07-28,2.751,1.2992,60311.0,0.7276,21082.06,751369681.0,21.29,3.989,1.6,1.7,8.5,58.543382,159858.0,33.79,17.3,24.25,895.27
2010-07-29,2.731,1.3077,58787.0,0.7276,21096.97,673960007.0,19.74,3.963,1.6,1.7,8.5,59.333073,209063.0,31.57,17.89,24.13,891.56
2010-07-30,2.672,1.3045,57392.0,0.7276,21021.56,711473056.0,18.86,3.959,1.6,1.7,8.5,59.9312244,156377.0,31.52,18.5,23.5,904.45
2010-07-31,2.672,1.3045,57392.0,0.8488,21021.56,711473056.0,18.86,3.959,1.6,1.7,8.5,59.9312244,156377.0,31.52,18.5,23.5,904.45
2010-08-02,2.699,1.318,55309.0,0.8488,21547.84,597309502.0,18.79,3.918,1.6,1.7,8.5,61.3205586,152055.0,31.62,18.9,22.01,895.8
2010-08-03,2.613,1.3226,55684.0,0.8488,21498.32,721243462.0,18.42,3.877,1.6,1.7,8.5,62.5135212,197725.0,32.09,18.78,22.63,895.67
2010-08-04,2.606,1.3158,52653.0,0.8488,21466.44,908327783.0,18.11,3.859,1.6,1.7,8.5,62.471178,163166.0,31.76,19.15,22.21,908.18
2010-08-05,2.573,1.3191,56776.0,0.8488,21302.97,696448232.0,18.0,3.828,1.6,1.7,8.5,61.8677249,119305.0,31.32,19.06,22.1,905.51
2010-08-06,2.525,1.3282,53969.0,0.8488,21084.47,692932404.0,17.82,3.782,1.6,1.7,8.5,60.352464,145822.0,30.9,18.73,21.74,906.31
2010-08-09,2.529,1.3232,51802.0,0.8488,21341.62,406651012.0,17.61,3.776,1.6,1.7,8.5,61.2073826,105323.0,31.31,18.82,22.14,907.13
2010-08-10,2.538,1.3177,61781.0,0.8488,21259.89,494396794.0,18.11,3.854,1.6,1.7,8.5,60.40844,181384.0,32.08,18.84,22.37,911.87
2010-08-11,2.421,1.2832,62555.0,0.8488,20579.24,603629589.0,19.0,3.807,1.6,1.7,8.5,60.504852,141997.0,34.18,18.82,25.39,931.2
2010-08-12,2.419,1.2823,62148.0,0.8488,20539.4,673684920.0,18.74,3.843,1.6,1.7,8.5,58.894272,170675.0,34.84,18.61,25.73,944.33
2010-08-13,2.391,1.275,57639.0,0.8488,20473.15,643741470.0,18.37,3.869,1.6,1.7,8.5,58.9095241,123239.0,34.62,18.55,26.24,951.51
2010-08-15,2.391,1.275,57639.0,0.8488,20473.15,643741470.0,18.37,3.869,1.6,1.6,8.3,58.9095241,123239.0,34.62,18.55,26.24,951.51
2010-08-16,2.333,1.2823,61319.0,0.8488,20409.06,462099788.0,18.5,3.859,1.6,1.6,8.3,58.3717725,22084.0,35.41,18.11,26.1,953.71
2010-08-17,2.365,1.2879,63000.0,0.8488,20668.57,495011759.0,17.37,3.818,1.6,1.6,8.3,59.7330678,167822.0,33.56,18.08,24.33,949.31
2010-08-18,2.316,1.2855,64855.0,0.8488,20536.77,518754843.0,17.79,3.758,1.6,1.6,8.3,59.4867777,173574.0,33.9,17.65,24.59,955.25
2010-08-19,2.289,1.282,67545.0,0.8488,20115.69,645068053.0,18.14,3.771,1.6,1.6,8.3,58.736259,146843.0,34.18,17.95,26.44,959.59
2010-08-20,2.278,1.2705,59346.0,0.8488,19870.46,623220260.0,18.87,3.789,1.6,1.6,8.3,58.4493034,120706.0,33.73,18.21,25.49,965.86
2010-08-23,2.281,1.2658,60323.0,0.8488,20010.34,473784380.0,18.42,3.784,1.6,1.6,8.3,58.1605362,132873.0,33.56,18.37,25.66,966.43
2010-08-24,2.185,1.2624,64983.0,0.8488,19694.88,692699123.0,19.11,3.753,1.6,1.6,8.3,57.3350932,191921.0,34.84,17.72,27.46,973.59
2010-08-25,2.145,1.2657,64648.0,0.8488,19465.45,794223966.0,19.6,3.762,1.6,1.6,8.3,58.0550784,189407.0,33.24,17.72,26.7,978.98
2010-08-26,2.171,1.2719,62736.0,0.8488,19735.47,727031889.0,18.81,3.772,1.6,1.6,8.3,58.9829746,181356.0,33.08,17.94,27.37,970.17
2010-08-27,2.167,1.2762,59493.0,0.8488,19817.46,823392503.0,18.39,3.796,1.6,1.6,8.3,60.061407,188036.0,32.13,17.9,24.45,968.2
2010-08-30,2.137,1.2663,59864.0,0.8488,19699.66,389990324.0,18.52,3.782,1.6,1.6,8.3,60.49102,74833.0,32.99,17.88,27.21,975.92
2010-08-31,2.112,1.2685,67508.0,0.8955,19734.57,845893468.0,19.39,3.768,1.6,1.6,8.3,58.8409512,192766.0,34.51,18.41,26.05,982.06
2010-09-01,2.226,1.2811,67824.0,0.8955,20369.96,841863337.0,17.98,3.755,1.6,1.6,8.3,59.597283,159766.0,33.25,18.21,23.89,971.0
2010-09-02,2.293,1.2825,67116.0,0.8955,20412.28,622368622.0,17.83,3.76,1.6,1.6,8.3,59.9846289,167831.0,32.66,18.33,23.19,975.02
2010-09-03,2.346,1.2893,59828.0,0.8955,20639.86,687233779.0,17.51,3.773,1.6,1.6,8.3,59.4660187,164460.0,32.11,18.8,21.31,965.81
2010-09-06,2.342,1.2872,58017.0,0.8955,20660.91,319373652.0,17.51,3.783,1.6,1.6,8.3,59.7187656,62903.0,32.11,18.34,21.31,970.6
2010-09-07,2.259,1.2682,67629.0,0.8955,20395.45,623565101.0,17.77,3.766,1.6,1.6,8.3,61.2995448,205669.0,33.28,18.26,23.8,989.43
2010-09-08,2.303,1.272,64731.0,0.8955,20580.26,682169912.0,17.88,3.76,1.6,1.6,8.3,61.4541272,204521.0,32.82,18.55,23.25,986.17
2010-09-09,2.334,1.2694,65402.0,0.8955,20858.47,755772157.0,17.41,3.757,1.6,1.6,8.3,61.0285419,143968.0,31.81,18.81,22.81,979.37
2010-09-10,2.409,1.2677,55316.0,0.8955,20833.19,635276107.0,17.3,3.803,1.6,1.6,8.3,61.6549528,134036.0,31.37,18.59,21.99,982.38
2010-09-13,2.443,1.2878,61985.0,0.8955,21001.62,693937383.0,16.69,3.855,1.6,1.6,8.3,61.3683756,113936.0,31.72,18.65,21.21,966.58
2010-09-14,2.374,1.2995,64962.0,0.8955,21003.94,645873502.0,18.24,3.851,1.6,1.6,8.3,60.9159948,91965.0,32.07,18.57,21.56,975.8
2010-09-15,2.406,1.3004,64128.0,0.8955,20872.79,622275554.0,17.56,3.859,1.6,1.6,8.3,60.6810009,17660.0,31.97,18.55,22.1,974.44
2010-09-16,2.479,1.3074,60675.0,0.8955,20684.36,623244303.0,18.26,3.9,1.6,1.6,8.3,60.0277824,161823.0,31.69,18.41,21.72,974.58
2010-09-17,2.45,1.3045,57835.0,0.8955,20517.96,1053209119.0,18.08,3.919,1.6,1.6,8.3,59.9542218,155045.0,31.08,18.41,22.01,975.71
2010-09-20,2.49,1.3064,55964.0,0.8955,20753.54,680554140.0,17.92,3.971,1.6,1.6,8.3,60.7162872,145672.0,31.85,18.26,21.5,977.16
2010-09-21,2.454,1.3251,68577.0,0.8955,20740.73,892651088.0,17.94,3.925,1.6,1.6,8.3,59.1804372,161032.0,32.81,18.12,22.35,968.82
2010-09-22,2.365,1.3399,73181.0,0.8955,20365.3,1072118275.0,17.36,3.898,1.6,1.6,8.3,58.175644,157455.0,31.67,18.24,22.51,963.25
2010-09-23,2.293,1.331,69685.0,0.8955,20262.8,826765936.0,17.56,3.898,1.6,1.6,8.3,58.6848241,169286.0,31.4,18.41,23.87,969.48
2010-09-24,2.343,1.3488,71257.0,0.8955,20607.72,867188078.0,17.81,3.922,1.6,1.6,8.3,58.474218,143196.0,29.88,18.68,21.71,960.46
2010-09-27,2.283,1.3454,72267.0,0.8955,20593.94,550545902.0,18.22,3.888,1.6,1.6,8.3,58.3987239,146394.0,30.87,18.52,22.54,961.37
2010-09-28,2.257,1.3579,72884.0,0.8955,20541.59,793446074.0,18.2,3.932,1.6,1.6,8.3,57.9644053,175700.0,30.82,18.99,22.6,963.11
2010-09-29,2.233,1.3628,73007.0,0.8955,20372.45,708313658.0,18.65,3.91,1.6,1.6,8.3,59.2674106,187726.0,30.8,19.13,23.25,960.59
2010-09-30,2.285,1.363,72424.0,0.8805,20505.2,871627265.0,18.65,3.863,1.6,1.6,8.3,60.3892008,173945.0,30.04,19.2,23.7,959.38
2010-10-01,2.293,1.3789,66964.0,0.8805,20391.27,806858951.0,18.41,3.835,1.6,1.6,8.3,60.737175,153491.0,30.46,18.93,22.5,954.91
2010-10-04,2.247,1.368,69910.0,0.8805,20090.97,599090624.0,18.88,3.792,1.6,1.6,8.3,60.8768472,141040.0,31.37,18.74,23.53,960.43
2010-10-05,2.285,1.3832,70952.0,0.8805,20510.02,662677619.0,19.58,3.821,1.6,1.6,8.3,61.3359264,153860.0,31.88,18.95,21.76,968.53
2010-10-06,2.238,1.3936,72901.0,0.8805,20568.31,602463692.0,19.84,3.766,1.6,1.6,8.3,61.0365042,155267.0,30.93,18.89,21.49,967.22
2010-10-07,2.279,1.3926,71128.0,0.8805,20691.9,662043048.0,21.43,3.79,1.6,1.6,8.3,59.9094144,216161.0,32.29,18.73,21.56,956.71
2010-10-08,2.255,1.394,69059.0,0.8805,20750.74,653080146.0,20.65,3.718,1.6,1.6,8.3,60.2797608,169157.0,32.22,18.66,20.71,965.37
2010-10-11,2.27,1.3873,66328.0,0.8805,20837.71,355617940.0,20.13,3.663,1.6,1.6,8.3,60.3470504,108238.0,33.26,18.96,18.96,975.03
2010-10-12,2.241,1.3924,78990.0,0.8805,20750.22,665925091.0,20.01,3.761,1.6,1.6,8.3,59.96803,143197.0,33.26,19.0,18.93,968.98
2010-10-13,2.292,1.3962,76618.0,0.8805,21145.26,693871894.0,20.85,3.731,1.6,1.6,8.3,60.6217072,107293.0,33.19,18.82,19.07,981.67
2010-10-14,2.293,1.4078,77722.0,0.8805,21094.86,595979035.0,22.61,3.704,1.6,1.6,8.3,60.0441949,27957.0,32.46,18.97,19.88,980.19
2010-10-15,2.359,1.3976,75520.0,0.8805,21062.18,613925856.0,21.05,3.735,1.74,1.6,8.6,58.9937995,222424.0,33.42,18.99,19.03,978.51
2010-10-18,2.377,1.3945,78005.0,0.8805,21258.59,567790792.0,20.89,3.738,1.74,1.6,8.6,60.501727,182884.0,32.2,18.98,19.09,981.93
2010-10-19,2.416,1.3732,85097.0,0.8805,21233.48,776456014.0,21.16,3.774,1.74,1.6,8.6,59.059453,245994.0,33.99,18.67,20.63,971.36
2010-10-20,2.436,1.3964,78738.0,0.8805,21425.79,603851966.0,20.51,3.775,1.74,1.6,8.6,59.868468,212200.0,32.39,18.78,19.79,963.37
2010-10-21,2.476,1.392,75763.0,0.8805,21616.43,701435210.0,21.11,3.861,1.74,1.6,8.6,58.7858537,208824.0,33.65,18.67,19.27,951.3
2010-10-22,2.476,1.3949,71657.0,0.8805,21536.21,519383253.0,20.45,3.833,1.74,1.6,8.6,59.474024,141969.0,32.45,18.68,18.78,951.06
2010-10-25,2.457,1.3963,75871.0,0.8805,21435.03,586416757.0,20.06,3.774,1.74,1.6,8.6,59.8296772,199144.0,33.05,18.77,19.85,958.87
2010-10-26,2.507,1.3859,78746.0,0.8805,21363.52,555340927.0,20.16,3.807,1.74,1.6,8.6,60.364873,153047.0,31.89,19.07,20.22,966.21
2010-10-27,2.572,1.3768,79486.0,0.8805,21250.82,616858467.0,20.42,3.887,1.74,1.6,8.6,60.4516136,187587.0,32.0,19.08,20.71,962.02
2010-10-28,2.57,1.3931,73983.0,0.8805,21509.62,558313182.0,20.81,3.908,1.74,1.6,8.6,60.0025738,167934.0,31.56,18.93,20.88,964.15
2010-10-29,2.524,1.3947,74924.0,0.8805,21450.61,561802627.0,21.24,3.904,1.74,1.6,8.6,59.61855,197774.0,32.12,18.81,21.2,974.02
2010-10-31,2.524,1.3947,74924.0,0.9977,21450.61,561802627.0,21.24,3.904,1.74,1.6,8.6,59.61855,197774.0,32.12,18.81,21.2,974.02
2010-11-01,2.474,1.3889,64607.0,0.9977,21184.93,612199501.0,22.45,3.907,1.74,1.6,8.6,60.9255538,212003.0,32.83,18.67,21.83,972.46
2010-11-02,2.46,1.4037,81250.0,0.9977,21397.82,565310379.0,21.87,3.931,1.74,1.6,8.6,60.846084,176791.0,33.33,18.68,21.57,966.46
2010-11-03,2.416,1.4143,77944.0,0.9977,21180.81,576109981.0,20.68,3.915,1.74,1.6,8.6,61.0758428,195888.0,31.89,18.9,19.56,952.6
2010-11-04,2.41,1.4198,82303.0,0.9977,21469.19,694980043.0,21.48,3.941,1.74,1.6,8.6,61.98016,150413.0,30.78,18.77,18.52,980.11
2010-11-05,2.421,1.4031,74826.0,0.9977,21194.74,918332208.0,21.06,3.941,1.74,1.6,8.6,62.7968781,130633.0,29.86,18.65,18.26,992.66
2010-11-08,2.388,1.3921,76486.0,0.9977,21228.98,558391457.0,22.38,4.0,1.74,1.6,8.6,63.5443564,127019.0,30.82,18.36,18.29,1012.49
2010-11-09,2.397,1.3777,87314.0,0.9977,21578.48,694629351.0,24.65,4.009,1.74,1.6,8.6,64.1143305,200879.0,30.93,18.37,19.08,1008.92
2010-11-10,2.428,1.3782,88049.0,0.9977,21058.01,983164169.0,24.02,4.081,1.74,1.6,8.6,64.5475968,182373.0,30.25,18.49,18.47,1018.64
2010-11-11,2.427,1.3655,85624.0,0.9977,20855.96,1014625660.0,23.22,4.198,1.74,1.6,8.6,65.0382273,165062.0,30.27,18.62,18.64,1031.18
2010-11-12,2.503,1.3691,87554.0,0.9977,20829.83,1214221935.0,23.67,4.126,1.74,1.6,8.6,63.0635994,160867.0,30.92,18.78,20.61,998.83
2010-11-15,2.557,1.3583,81103.0,0.9977,20993.27,619561641.0,23.32,4.108,1.74,2.2,8.4,63.829407,28407.0,31.13,19.37,20.2,1000.88
2010-11-16,2.609,1.3492,87331.0,0.9977,20563.07,760383247.0,23.56,4.198,1.74,2.2,8.4,62.8001814,198212.0,33.43,19.41,22.58,993.14
2010-11-17,2.597,1.3518,83399.0,0.9977,20639.08,715119781.0,22.09,4.183,1.74,2.2,8.4,61.60638,215567.0,33.69,19.36,21.76,988.16
2010-11-18,2.703,1.3644,89566.0,0.9977,20880.38,634518002.0,21.31,4.26,1.74,2.2,8.4,62.334846,183976.0,31.49,19.5,18.75,991.42
2010-11-19,2.711,1.3684,82609.0,0.9977,20773.12,697980014.0,20.13,4.213,1.74,2.2,8.4,61.6339852,207656.0,30.64,19.53,18.04,988.81
2010-11-22,2.653,1.3625,82207.0,0.9977,20372.2,736679698.0,20.23,4.174,1.74,2.2,8.4,61.6216024,148048.0,30.84,20.78,18.37,1002.64
2010-11-23,2.559,1.3371,129537.0,0.9977,19950.96,984285546.0,21.33,4.242,1.74,2.2,8.4,62.2618425,181850.0,31.6,20.56,20.63,1029.09
2010-11-24,2.656,1.3329,121546.0,0.9977,19941.19,966646930.0,20.59,4.265,1.74,2.2,8.4,64.4006016,183965.0,30.03,20.92,19.56,1031.1
2010-11-25,2.666,1.3361,105982.0,0.9977,19945.94,781477415.0,20.59,4.439,1.74,2.2,8.4,64.441545,65176.0,30.03,20.78,19.56,1028.76
2010-11-26,2.737,1.324,106941.0,0.9977,19844.31,917734014.0,15.92,4.457,1.74,2.2,8.4,64.6377182,114251.0,28.82,20.87,22.22,1029.55
2010-11-29,2.774,1.3118,116722.0,0.9977,19314.38,1069512671.0,21.51,4.681,1.74,2.2,8.4,66.5801554,176875.0,30.75,21.82,21.53,1042.28
2010-11-30,2.667,1.2977,156492.0,1.042,19105.71,1309935771.0,22.61,4.709,1.74,2.2,8.4,66.2090928,172886.0,31.89,21.76,23.54,1066.1
2010-12-01,2.772,1.3142,141909.0,1.042,19566.06,1190823237.0,22.64,4.541,1.74,2.2,8.4,67.6229604,180274.0,31.17,22.65,21.36,1055.32
2010-12-02,2.827,1.3224,147934.0,1.042,20054.09,1598647546.0,21.69,4.408,1.74,2.2,8.4,68.579778,185728.0,30.9,22.53,19.39,1047.05
2010-12-03,2.873,1.3414,131958.0,1.042,20120.8,1033306342.0,20.95,4.477,1.74,2.2,8.4,68.1526958,195913.0,31.7,23.43,18.01,1053.11
2010-12-06,2.85,1.3305,100522.0,1.042,19930.29,713662623.0,20.74,4.551,1.74,2.2,8.4,68.73382,142247.0,31.5,23.89,18.02,1069.95
2010-12-07,2.943,1.3263,143491.0,1.042,20112.44,698433329.0,20.97,4.56,1.74,2.2,8.4,68.9062322,202011.0,32.17,23.43,17.99,1056.38
2010-12-08,3.013,1.3256,142608.0,1.042,20393.95,717349110.0,21.13,4.592,1.74,2.2,8.4,68.4750726,170407.0,30.96,24.06,17.74,1041.45
2010-12-09,2.959,1.3242,136286.0,1.042,20533.56,839356638.0,20.04,4.582,1.74,2.2,8.4,68.7129183,131083.0,30.41,23.73,17.25,1047.57
2010-12-10,2.946,1.3233,127083.0,1.042,20487.34,548855268.0,19.63,4.604,1.74,2.2,8.4,68.3748312,121138.0,30.36,23.69,17.61,1047.14
2010-12-13,2.986,1.3389,116704.0,1.042,20634.6,664327806.0,17.35,4.634,1.74,2.2,8.4,68.1079872,128041.0,29.25,23.27,17.55,1040.24
2010-12-14,3.018,1.3384,143965.0,1.042,20708.58,604470262.0,16.77,4.653,1.74,2.2,8.4,68.1484636,119095.0,29.0,22.26,17.61,1042.81
2010-12-15,3.033,1.3211,127304.0,1.042,20410.27,791256702.0,16.87,4.611,2.0,2.2,8.2,69.789868,111125.0,28.46,22.39,17.94,1044.11
2010-12-16,3.082,1.3236,114102.0,1.042,20366.62,677457011.0,17.31,4.646,2.0,2.2,8.2,69.2887392,20779.0,27.93,23.14,17.39,1034.74
2010-12-17,3.023,1.318,109612.0,1.042,20069.18,868799251.0,16.41,4.69,2.0,2.2,8.2,69.5527791,125777.0,26.82,23.37,16.11,1042.11
2010-12-20,2.966,1.3118,111692.0,1.042,20373.66,618229771.0,16.3,4.67,2.0,2.2,8.2,70.6966294,106864.0,26.61,23.13,16.41,1054.86
2010-12-21,2.98,1.3095,142636.0,1.042,20736.6,557111285.0,16.66,4.708,2.0,2.2,8.2,71.17218,107656.0,25.83,22.77,16.49,1057.19
2010-12-22,2.954,1.3099,140146.0,1.042,20733.37,450427291.0,16.32,4.717,2.0,2.2,8.2,71.494283,109913.0,25.5,22.84,15.45,1056.82
2010-12-23,2.981,1.3119,119141.0,1.042,20774.16,311256819.0,16.23,4.742,2.0,2.2,8.2,71.8420625,96199.0,25.42,22.81,16.47,1051.83
2010-12-24,2.981,1.3115,64567.0,1.042,20774.16,311256819.0,16.23,4.742,2.0,2.2,8.2,71.4986873,23316.0,25.42,22.86,16.47,1054.99
2010-12-27,3.033,1.3159,89038.0,1.042,20513.51,273449205.0,17.31,4.768,2.0,2.2,8.2,71.320369,38026.0,27.48,22.81,17.67,1050.85
2010-12-28,2.991,1.3117,119341.0,1.042,20448.48,227337168.0,18.7,4.787,2.0,2.2,8.2,71.9524806,35354.0,27.88,22.81,17.52,1071.14
2010-12-29,3.014,1.3223,113137.0,1.042,20471.01,262084071.0,19.54,4.885,2.0,2.2,8.2,71.1943164,78317.0,27.78,24.16,17.28,1066.85
2010-12-30,2.949,1.3281,117715.0,1.042,20173.29,423976876.0,19.67,4.871,2.0,2.2,8.2,70.0930464,110395.0,29.27,23.82,17.52,1056.28
2010-12-31,2.949,1.3377,95783.0,1.0217,20173.29,423976876.0,19.53,4.871,2.0,2.2,8.2,70.8303625,71719.0,29.48,24.11,17.75,1060.16
2011-01-03,2.908,1.3351,98515.0,1.0217,20436.28,539318335.0,18.95,4.775,2.0,2.2,8.2,71.0361084,82668.0,28.21,24.08,17.61,1058.64
2011-01-04,2.89,1.3301,140890.0,1.0217,20547.03,638713883.0,18.84,4.637,2.0,2.2,8.2,70.3177246,184625.0,30.26,22.94,17.38,1037.05
2011-01-05,2.955,1.3151,136523.0,1.0217,20551.58,707355821.0,18.83,4.688,2.0,2.2,8.2,72.6182,212403.0,29.32,22.58,17.02,1046.71
2011-01-06,2.922,1.3001,142529.0,1.0217,20637.39,604553098.0,19.24,4.82,2.0,2.2,8.2,72.7019484,217453.0,30.21,22.75,17.4,1053.93
2011-01-07,2.859,1.2916,139569.0,1.0217,20542.06,868616159.0,18.5,4.812,2.0,2.2,8.2,72.2588859,165974.0,29.64,22.79,17.14,1060.01
2011-01-10,2.864,1.2941,124999.0,1.0217,20058.18,923454833.0,18.32,4.896,2.0,2.2,8.2,73.951218,165991.0,29.09,22.44,17.54,1061.54
2011-01-11,2.932,1.2975,160374.0,1.0217,20339.05,838237167.0,17.52,4.838,2.0,2.2,8.2,75.2290031,160417.0,28.01,22.63,16.89,1064.88
2011-01-12,3.06,1.3135,169223.0,1.0217,21116.39,1480901740.0,16.92,4.836,2.0,2.2,8.2,74.7007184,158640.0,27.53,22.95,16.24,1055.17
2011-01-13,3.041,1.3354,153530.0,1.0217,21308.13,1238233714.0,18.46,4.708,2.0,2.2,8.2,73.4312504,96063.0,27.73,22.75,16.39,1028.56
2011-01-14,3.035,1.3375,149768.0,1.0217,21460.09,850382090.0,18.72,4.661,2.0,2.2,8.2,73.7790888,20653.0,26.5,22.31,15.46,1017.68
2011-01-15,3.035,1.3375,149768.0,1.0217,21460.09,850382090.0,18.72,4.661,2.13,2.2,8.2,73.7790888,20653.0,26.5,22.31,15.46,1017.68
2011-01-17,3.04,1.3292,141071.0,1.0217,21344.14,600345693.0,18.72,4.746,2.13,2.2,8.2,73.2995119,85289.0,26.5,22.5,15.46,1024.59
2011-01-18,3.117,1.3379,154845.0,1.0217,21590.86,812301975.0,17.66,4.776,2.13,2.2,8.2,73.099632,203399.0,26.52,22.55,15.87,1021.56
2011-01-19,3.107,1.3466,136911.0,1.0217,21712.14,1125719037.0,17.95,4.778,2.13,2.2,8.2,72.8945976,181435.0,27.28,22.59,17.31,1016.89
2011-01-20,3.152,1.3476,135716.0,1.0217,21792.28,1307333880.0,18.53,4.816,2.13,2.2,8.2,71.6681548,218211.0,27.4,22.54,17.99,997.47
2011-01-21,3.177,1.3615,153472.0,1.0217,22093.85,1307985271.0,19.06,4.69,2.13,2.2,8.2,71.685248,161784.0,26.53,22.33,18.47,985.17
2011-01-24,3.141,1.3643,127752.0,1.0217,22156.85,849629269.0,18.99,4.671,2.13,2.2,8.2,70.8131978,193777.0,27.1,22.05,17.65,977.87
2011-01-25,3.147,1.3689,159645.0,1.0217,21940.13,946593508.0,18.73,4.771,2.13,2.2,8.2,69.5810775,229708.0,29.98,21.52,17.59,973.92
2011-01-26,3.184,1.3697,153526.0,1.0217,22007.0,849718950.0,18.86,4.794,2.13,2.2,8.2,71.4831119,205114.0,28.0,21.66,16.64,981.97
2011-01-27,3.207,1.3726,160322.0,1.0217,22311.52,1099234472.0,18.87,4.802,2.13,2.2,8.2,70.9525106,201584.0,29.79,21.58,16.15,955.16
2011-01-28,3.165,1.3613,164292.0,1.0217,22025.11,1118208585.0,18.65,4.781,2.13,2.2,8.2,73.0329378,234919.0,33.26,21.26,20.04,980.62
2011-01-31,3.163,1.3685,142860.0,1.0172,22050.45,1035089580.0,18.33,4.728,2.13,2.2,8.2,73.8110373,197707.0,35.18,20.84,19.53,972.97
2011-02-01,3.223,1.3833,164977.0,1.0172,22525.59,948480824.0,17.7,4.638,2.13,2.2,8.2,73.5488634,181776.0,33.38,21.18,17.63,968.58
2011-02-02,3.249,1.3803,164253.0,1.0172,22653.59,1070554457.0,17.22,4.543,2.13,2.2,8.2,74.1432832,182248.0,31.83,21.75,17.3,967.95
2011-02-03,3.209,1.363,159556.0,1.0172,22443.86,1138269607.0,17.74,4.615,2.13,2.2,8.2,74.6592768,162562.0,32.19,22.08,16.69,992.74
2011-02-04,3.261,1.3585,149142.0,1.0172,22618.05,886938354.0,17.0,4.626,2.13,2.2,8.2,73.4858613,173531.0,32.24,22.26,15.93,992.56
2011-02-07,3.25,1.3586,146895.0,1.0172,22793.01,858966325.0,16.14,4.721,2.13,2.2,8.2,73.0529625,193647.0,31.56,21.85,16.28,992.6
2011-02-08,3.257,1.3633,171155.0,1.0172,22734.17,909787703.0,15.61,4.755,2.13,2.2,8.2,73.2923192,202988.0,31.07,21.48,15.81,1000.07
2011-02-09,3.309,1.373,175112.0,1.0172,22683.46,789019081.0,15.84,4.766,2.13,2.2,8.2,74.1585606,136431.0,30.29,21.21,15.87,992.27
2011-02-10,3.303,1.3593,167916.0,1.0172,22596.79,875495080.0,15.49,4.788,2.13,2.2,8.2,74.2070329,130453.0,29.86,21.24,16.09,1001.57
2011-02-11,3.289,1.3546,167018.0,1.0172,22695.19,761696461.0,15.87,4.778,2.13,2.2,8.2,74.8786689,18897.0,29.58,21.56,15.69,1000.3
2011-02-14,3.293,1.3483,168245.0,1.0172,22637.29,639135338.0,15.56,4.828,2.13,2.2,8.2,76.4513436,191735.0,30.12,21.4,15.95,1010.08
2011-02-15,3.292,1.3489,163570.0,1.0172,22823.82,1017550666.0,15.23,4.801,2.39,2.4,8.1,75.3497976,184707.0,30.47,21.38,16.37,1017.6
2011-02-16,3.241,1.3566,183813.0,1.0172,23167.58,1119324327.0,15.13,4.746,2.39,2.4,8.1,76.5003892,208417.0,31.42,21.13,16.72,1013.37
2011-02-17,3.184,1.3601,192331.0,1.0172,23178.38,923798778.0,15.3,4.741,2.39,2.4,8.1,75.4282716,210884.0,31.04,21.36,16.59,1016.76
2011-02-18,3.252,1.3694,183934.0,1.0172,23059.03,908692631.0,16.17,4.79,2.39,2.4,8.1,74.86523,209576.0,30.82,21.19,16.43,1012.22
2011-02-21,3.189,1.3675,132497.0,1.0172,22230.2,1138570067.0,16.17,4.819,2.39,2.4,8.1,77.3234324,128964.0,30.82,21.6,16.43,1028.12
2011-02-22,3.152,1.3653,184178.0,1.0172,21993.96,692487308.0,16.83,4.831,2.39,2.4,8.1,77.4775032,248646.0,38.54,22.01,20.8,1023.73
2011-02-23,3.141,1.3746,162454.0,1.0172,21929.79,1050473797.0,18.02,4.861,2.39,2.4,8.1,80.93215,258624.0,41.92,22.02,22.13,1025.64
2011-02-24,3.133,1.3803,158234.0,1.0172,21948.73,885951540.0,16.62,4.87,2.39,2.4,8.1,80.6780928,305885.0,42.62,21.97,21.32,1015.44
2011-02-25,3.145,1.375,153885.0,1.0172,22349.71,856075027.0,15.69,4.85,2.39,2.4,8.1,81.5560578,178318.0,42.49,21.78,19.22,1024.55
2011-02-28,3.171,1.3801,121686.0,1.0867,22466.57,916150745.0,15.98,4.864,2.39,2.4,8.1,81.009162,172912.0,39.05,22.18,18.35,1022.31
2011-03-01,3.181,1.3775,143119.0,1.0867,22227.23,939707724.0,17.46,4.821,2.39,2.4,8.1,83.789149,194425.0,41.85,22.28,21.01,1040.66
2011-03-02,3.211,1.3863,134590.0,1.0867,22238.75,1049782232.0,17.91,4.805,2.39,2.4,8.1,83.927909,208292.0,42.25,22.53,20.7,1034.39
2011-03-03,3.326,1.3963,128084.0,1.0867,22154.23,1189590180.0,17.56,4.905,2.39,2.4,8.1,82.2103022,213736.0,40.42,22.95,18.6,1014.15
2011-03-04,3.284,1.3982,117278.0,1.0867,22138.44,981394234.0,17.5,4.887,2.39,2.4,8.1,82.9429037,167586.0,44.87,22.85,19.06,1021.3
2011-03-07,3.288,1.3972,118686.0,1.0867,22145.79,1056802133.0,17.79,4.908,2.39,2.4,8.1,82.3364288,205260.0,45.16,23.7,20.66,1024.61
2011-03-08,3.305,1.3903,125566.0,1.0867,22353.45,889056521.0,17.35,4.968,2.39,2.4,8.1,81.3206662,227052.0,44.21,23.2,19.82,1027.44
2011-03-09,3.289,1.3907,118243.0,1.0867,22441.24,866166332.0,16.65,4.992,2.39,2.4,8.1,83.3678164,191317.0,43.0,23.44,20.22,1027.47
2011-03-10,3.246,1.3792,124979.0,1.0867,22084.46,757453613.0,17.18,4.977,2.39,2.4,8.1,83.6936758,201416.0,42.86,23.17,21.88,1024.33
2011-03-11,3.206,1.3907,106545.0,1.0867,21863.02,844087437.0,17.65,4.869,2.39,2.4,8.1,81.8577904,165967.0,41.36,23.85,20.08,1018.77
2011-03-14,3.224,1.399,111355.0,1.0867,21804.32,1286160377.0,17.95,4.786,2.39,2.4,8.1,81.251316,125650.0,40.99,25.27,21.13,1019.55
2011-03-15,3.138,1.3996,142086.0,1.0867,21365.4,1669386502.0,19.04,4.71,2.52,2.4,8.1,77.5364548,101153.0,42.34,25.68,24.32,995.82
2011-03-16,3.085,1.3901,133148.0,1.0867,20836.77,1615087294.0,18.74,4.694,2.52,2.4,8.1,79.5767094,23225.0,42.82,25.87,29.4,1006.26
2011-03-17,3.174,1.4022,141630.0,1.0867,21140.59,1380466116.0,18.16,4.729,2.52,2.4,8.1,81.943233,184238.0,43.1,25.19,26.37,1000.0
2011-03-18,3.194,1.4176,124924.0,1.0867,21197.1,1312056502.0,18.1,4.68,2.52,2.4,8.1,80.3685006,235366.0,41.9,24.47,24.44,999.54
2011-03-21,3.243,1.4226,111079.0,1.0867,21527.11,785320886.0,17.01,4.722,2.52,2.4,8.1,80.8099824,161344.0,39.1,23.97,20.61,1001.79
2011-03-22,3.255,1.4201,144877.0,1.0867,21556.82,973245904.0,16.63,4.78,2.52,2.4,8.1,81.473626,149464.0,37.9,24.19,20.21,1006.59
2011-03-23,3.239,1.4082,123718.0,1.0867,21698.38,777792978.0,16.83,4.75,2.52,2.4,8.1,82.0555215,133351.0,36.36,24.68,19.17,1019.81
2011-03-24,3.26,1.4173,128206.0,1.0867,22023.91,979406843.0,17.61,4.786,2.52,2.4,8.1,81.6485604,165366.0,35.98,24.76,18.0,1007.97
2011-03-25,3.273,1.4081,124269.0,1.0867,21984.99,692261720.0,16.95,4.749,2.52,2.4,8.1,82.0897062,114224.0,34.7,24.36,17.91,1014.16
2011-03-28,3.304,1.4084,111805.0,1.0867,22009.95,670063977.0,17.09,4.793,2.52,2.4,8.1,81.511444,138658.0,34.29,24.54,19.44,1007.13
2011-03-29,3.341,1.4109,138354.0,1.0867,21780.78,1177815042.0,16.4,4.867,2.52,2.4,8.1,81.6219532,155799.0,33.49,24.09,18.16,1003.9
2011-03-30,3.341,1.4125,141656.0,1.0867,22001.19,882949813.0,15.91,4.802,2.52,2.4,8.1,81.5074348,123187.0,33.07,23.58,17.71,1007.13
2011-03-31,3.358,1.4165,125176.0,1.1755,21727.44,1215863135.0,17.16,4.842,2.52,2.4,8.1,82.8526392,178835.0,34.62,24.77,17.74,1010.79
2011-04-01,3.385,1.4228,125053.0,1.1755,21967.77,1312173183.0,16.24,4.818,2.52,2.4,8.1,83.427108,184821.0,33.91,24.86,17.4,1001.65
2011-04-04,3.378,1.4218,109825.0,1.1755,22007.81,816239897.0,15.82,4.769,2.52,2.4,8.1,85.1451298,172877.0,33.32,24.8,17.5,1010.16
2011-04-05,3.393,1.422,131542.0,1.1755,22058.98,862069355.0,16.41,4.774,2.52,2.4,8.1,85.9487706,199747.0,32.15,24.36,17.25,1023.04
2011-04-06,3.432,1.4332,132903.0,1.1755,22326.52,1472560829.0,16.05,4.751,2.52,2.4,8.1,85.333602,154915.0,32.4,24.0,16.9,1016.53
2011-04-07,3.413,1.4302,139506.0,1.1755,22243.99,1124292442.0,15.74,4.75,2.52,2.4,8.1,85.770864,155315.0,32.77,23.73,17.11,1018.03
2011-04-08,3.487,1.4478,129669.0,1.1755,22389.15,855177305.0,15.59,4.756,2.52,2.4,8.1,87.477155,153923.0,35.5,23.94,17.87,1017.05
2011-04-11,3.496,1.4434,116794.0,1.1755,22365.93,722388863.0,15.26,4.73,2.52,2.4,8.1,85.8945838,169924.0,33.86,23.86,16.59,1013.65
2011-04-12,3.449,1.4476,141906.0,1.1755,22018.55,919371289.0,15.65,4.674,2.52,2.4,8.1,83.531536,207260.0,34.48,23.74,17.09,1002.9
2011-04-13,3.45,1.444,134988.0,1.1755,22096.96,736345475.0,14.72,4.685,2.52,2.4,8.1,85.0968576,118986.0,32.78,23.51,16.92,1007.82
2011-04-14,3.438,1.4488,146259.0,1.1755,21833.72,949093892.0,15.06,4.73,2.52,2.4,8.1,84.4565428,28238.0,32.38,23.25,16.27,1016.49
2011-04-15,3.379,1.4429,124862.0,1.1755,21821.26,800088334.0,15.78,4.734,2.64,2.4,8.0,85.5570225,143884.0,31.58,23.21,15.32,1028.4
2011-04-18,3.245,1.4232,134333.0,1.1755,21184.67,1115537165.0,16.73,4.793,2.64,2.4,8.0,85.4480504,158605.0,30.72,23.02,16.96,1049.38
2011-04-19,3.275,1.4335,143914.0,1.1755,21249.9,820311343.0,16.31,4.771,2.64,2.4,8.0,84.6385947,228889.0,30.0,22.98,15.83,1041.21
2011-04-20,3.3,1.4518,138557.0,1.1755,21502.45,1003665359.0,16.38,4.754,2.64,2.4,8.0,85.30788,168571.0,30.36,23.03,15.07,1033.23
2011-04-21,3.269,1.4551,129211.0,1.1755,21810.7,1013550568.0,15.7,4.768,2.64,2.4,8.0,85.2108876,133917.0,30.15,22.84,14.69,1032.47
2011-04-22,3.269,1.4555,54315.0,1.1755,21810.7,1013550568.0,15.7,4.761,2.64,2.4,8.0,85.2108876,133917.0,30.15,22.65,14.69,1035.71
2011-04-25,3.269,1.4579,80369.0,1.1755,21810.7,1013550568.0,18.32,4.772,2.64,2.4,8.0,84.8208672,71951.0,31.22,22.65,15.77,1032.34
2011-04-26,3.247,1.4642,124904.0,1.1755,21932.78,854362427.0,17.3,4.822,2.64,2.4,8.0,84.7838958,143811.0,30.68,21.83,15.62,1028.86
2011-04-27,3.295,1.4776,134601.0,1.1755,22238.16,926066916.0,17.76,4.818,2.64,2.4,8.0,84.6842301,209507.0,30.39,22.31,15.35,1032.82
2011-04-28,3.25,1.4822,127908.0,1.1755,22380.19,835337742.0,17.82,4.774,2.64,2.4,8.0,84.3472434,192582.0,30.21,22.61,14.62,1035.31
2011-04-29,3.236,1.4799,99545.0,1.1755,22417.96,382476606.0,20.25,4.744,2.64,2.4,8.0,85.0663908,78855.0,30.39,23.09,14.75,1055.48
2011-04-30,3.236,1.4799,99545.0,1.3212,22417.96,382476606.0,20.25,4.744,2.64,2.4,8.0,85.0663908,78855.0,30.39,23.09,14.75,1055.48
2011-05-02,3.245,1.4824,123801.0,1.3212,22397.7,412697085.0,21.11,4.712,2.64,2.4,8.0,84.4034496,131016.0,31.82,23.14,15.99,1041.68
2011-05-03,3.27,1.4826,138015.0,1.3212,22315.68,798920379.0,19.61,4.696,2.64,2.4,8.0,82.5913005,194435.0,31.82,22.17,16.7,1036.01
2011-05-04,3.293,1.4821,149057.0,1.3212,21915.32,1068400530.0,19.8,4.706,2.64,2.4,8.0,81.7693168,221789.0,31.85,21.93,17.08,1021.58
2011-05-05,3.211,1.4538,155057.0,1.3212,21741.02,810833215.0,22.06,4.698,2.64,2.4,8.0,76.21378,403813.0,42.51,21.9,18.2,1011.44
2011-05-06,3.18,1.4308,152189.0,1.3212,21953.76,906382230.0,21.4,4.771,2.64,2.4,8.0,76.2720483,427365.0,41.44,22.08,18.4,1044.33
2011-05-09,3.1,1.4362,149337.0,1.3212,21666.4,818099146.0,19.95,4.777,2.64,2.4,8.0,80.698852,326044.0,42.09,22.57,17.16,1052.94
2011-05-10,3.124,1.4406,157036.0,1.3212,21984.32,880874924.0,19.14,4.746,2.64,2.4,8.0,81.6540408,267712.0,40.45,23.11,15.91,1051.67
2011-05-11,3.143,1.4195,147546.0,1.3212,22031.16,776070018.0,19.47,4.743,2.64,2.4,8.0,79.3021879,282891.0,42.83,23.36,16.95,1055.72
2011-05-12,3.113,1.4241,137135.0,1.3212,21787.69,911147085.0,19.23,4.704,2.64,2.4,8.0,79.334556,247292.0,42.34,23.08,16.03,1056.67
2011-05-13,3.082,1.4118,145112.0,1.3212,21764.31,1189608645.0,19.77,4.727,2.64,2.4,8.0,80.6280656,165420.0,39.73,22.9,17.07,1057.8
2011-05-15,3.082,1.4118,145112.0,1.3212,21764.31,1189608645.0,19.77,4.727,2.51,1.5,8.3,80.6280656,165420.0,39.73,22.9,17.07,1057.8
2011-05-16,3.121,1.4154,139245.0,1.3212,21685.34,723331088.0,19.33,4.703,2.51,1.5,8.3,79.6448723,28086.0,40.51,22.99,18.24,1051.99
2011-05-17,3.1,1.4237,158021.0,1.3212,21408.94,950749740.0,19.0,4.722,2.51,1.5,8.3,77.256976,226252.0,38.67,23.07,17.55,1042.88
2011-05-18,3.111,1.4245,163583.0,1.3212,21444.04,771033790.0,18.15,4.743,2.51,1.5,8.3,78.8346,182842.0,38.6,23.06,16.23,1050.11
2011-05-19,3.129,1.4312,146708.0,1.3212,21559.72,835523115.0,17.44,4.762,2.51,1.5,8.3,77.8502682,163744.0,37.29,23.09,15.52,1042.13
2011-05-20,3.062,1.4152,125840.0,1.3212,21236.87,1009676408.0,17.55,4.778,2.51,1.5,8.3,79.4158979,214849.0,37.18,23.18,17.43,1067.63
2011-05-23,3.016,1.405,131406.0,1.3212,20532.64,914557654.0,18.3,4.813,2.51,1.5,8.3,78.362574,191503.0,38.73,23.25,18.27,1079.5
2011-05-24,3.069,1.4103,136420.0,1.3212,20582.15,993129072.0,17.84,4.787,2.51,1.5,8.3,79.7916471,193632.0,36.58,23.13,17.82,1080.52
2011-05-25,3.049,1.4085,158873.0,1.3212,20815.73,1229136609.0,17.53,4.736,2.51,1.5,8.3,81.5980014,225716.0,35.53,23.17,17.07,1081.66
2011-05-26,3.006,1.4138,156243.0,1.3212,20668.35,1370071962.0,16.66,4.721,2.51,1.5,8.3,81.3760155,193654.0,34.01,23.22,16.09,1073.7
2011-05-27,2.989,1.4321,133250.0,1.3212,20830.87,1188325611.0,16.62,4.758,2.51,1.5,8.3,80.3231484,136988.0,33.47,23.28,15.98,1071.16
2011-05-30,2.979,1.4278,104760.0,1.3212,20791.48,453343258.0,16.62,4.812,2.51,1.5,8.3,80.3195784,18832.0,33.47,23.45,15.98,1076.62
2011-05-31,3.021,1.4394,146182.0,1.4251,21109.75,1315638040.0,16.74,4.793,2.51,1.5,8.3,81.0958329,168236.0,33.51,23.72,15.45,1065.49
2011-06-01,2.992,1.4312,171094.0,1.4251,20866.29,1131128738.0,17.74,4.735,2.51,1.5,8.3,80.0232563,191586.0,34.77,23.33,18.3,1075.68
2011-06-02,2.981,1.449,138150.0,1.4251,20700.93,821318340.0,17.38,4.694,2.51,1.5,8.3,79.7376202,217540.0,33.26,23.02,18.09,1057.07
2011-06-03,3.058,1.4634,125821.0,1.4251,20809.92,1096773273.0,16.79,4.631,2.51,1.5,8.3,79.1581056,194131.0,32.37,23.08,17.95,1053.14
2011-06-06,3.022,1.4576,138664.0,1.4251,20525.04,711480267.0,18.12,4.665,2.51,1.5,8.3,78.5401488,154184.0,34.03,22.92,18.49,1057.9
2011-06-07,3.092,1.4689,139230.0,1.4251,20574.49,823582700.0,16.84,4.735,2.51,1.5,8.3,79.5014884,237247.0,33.62,22.97,18.07,1050.74
2011-06-08,3.057,1.4576,142718.0,1.4251,20277.28,940553464.0,16.56,4.765,2.51,1.5,8.3,80.852171,252407.0,32.83,22.94,18.79,1053.97
2011-06-09,3.03,1.4508,138196.0,1.4251,20389.59,900347353.0,16.06,4.81,2.51,1.5,8.3,82.4160139,233045.0,32.16,22.95,17.77,1062.96
2011-06-10,2.964,1.4345,135497.0,1.4251,20117.49,870691983.0,16.51,4.801,2.51,1.5,8.3,82.8027258,186220.0,33.47,22.98,18.86,1066.06
2011-06-13,2.968,1.4415,136540.0,1.4251,20081.12,692189537.0,16.95,4.792,2.51,1.5,8.3,82.622052,232153.0,34.69,23.18,19.61,1050.29
2011-06-14,3.017,1.4438,163674.0,1.4251,20358.91,873555216.0,15.33,4.767,2.51,1.5,8.3,83.2252192,155479.0,32.57,23.23,18.26,1054.8
2011-06-15,2.978,1.4166,168601.0,1.4251,19918.52,947280203.0,17.32,4.843,2.64,1.5,8.2,82.663232,23991.0,35.75,23.12,21.32,1079.96
2011-06-16,2.929,1.421,179371.0,1.4251,19852.44,1251876604.0,17.61,4.875,2.64,1.5,8.2,80.2392946,229648.0,35.59,22.92,22.73,1074.51
2011-06-17,2.954,1.4308,164547.0,1.4251,20096.84,1648072880.0,17.03,4.823,2.64,1.5,8.2,79.1236011,213256.0,36.31,22.9,21.85,1065.52
2011-06-20,2.957,1.4307,135607.0,1.4251,19692.52,887285839.0,16.64,4.879,2.64,1.5,8.2,78.0668424,180219.0,35.91,22.73,19.99,1074.76
2011-06-21,2.992,1.4406,148931.0,1.4251,20102.34,924086352.0,15.99,4.83,2.64,1.5,8.2,77.017052,230172.0,35.72,22.68,18.86,1072.96
2011-06-22,2.956,1.4353,134731.0,1.4251,20014.11,773177091.0,16.1,4.891,2.64,1.5,8.2,79.5723912,220843.0,34.29,22.67,18.52,1082.74
2011-06-23,2.866,1.4257,131797.0,1.4251,19468.31,1042068335.0,16.97,4.935,2.64,1.5,8.2,75.2332366,463810.0,34.48,22.42,19.29,1066.04
2011-06-24,2.841,1.419,131261.0,1.4251,19154.36,1342936651.0,17.79,4.986,2.64,1.5,8.2,74.0801664,264607.0,35.08,22.29,21.1,1056.74
2011-06-27,2.888,1.4282,124283.0,1.4251,19297.11,836090143.0,17.52,5.016,2.64,1.5,8.2,74.2120782,204812.0,34.66,22.02,20.56,1046.48
2011-06-28,2.933,1.4368,144693.0,1.4251,19454.68,1083428715.0,16.84,4.989,2.64,1.5,8.2,75.7097922,212666.0,32.88,22.14,19.17,1043.9
2011-06-29,2.989,1.4434,134286.0,1.4251,19864.67,1226682491.0,15.79,4.948,2.64,1.5,8.2,77.871844,230746.0,32.29,22.29,17.27,1047.51
2011-06-30,3.028,1.4504,132367.0,1.4886,20186.94,1004989159.0,15.34,4.879,2.64,1.5,8.2,77.5504608,193585.0,31.36,22.33,16.52,1033.99
2011-07-01,3.053,1.4522,129059.0,1.4886,20516.99,1227954381.0,15.06,4.872,2.64,1.5,8.2,76.9659397,158446.0,30.57,21.86,15.87,1021.82
2011-07-04,3.028,1.4537,113947.0,1.4886,20476.15,621533054.0,15.06,4.919,2.64,1.5,8.2,76.625181,44885.0,30.57,21.93,15.87,1028.36
2011-07-05,3.011,1.4422,140472.0,1.4886,20277.52,670795967.0,15.15,4.999,2.64,1.5,8.2,78.7760379,188858.0,30.79,21.95,16.06,1050.67
2011-07-06,2.931,1.4316,142018.0,1.4886,19783.21,1175949900.0,15.81,5.138,2.64,1.5,8.2,79.3658424,183525.0,31.04,21.98,16.34,1066.84
2011-07-07,2.966,1.4359,151347.0,1.4886,19735.63,1193952598.0,15.29,5.218,2.64,1.5,8.2,82.5896337,215109.0,30.96,22.19,15.95,1065.84
2011-07-08,2.824,1.4267,145320.0,1.4886,19049.88,1490397321.0,15.18,5.272,2.64,1.5,8.2,82.9398636,217548.0,30.86,22.1,15.95,1080.54
2011-07-11,2.669,1.4035,149041.0,1.4886,18295.19,1524665503.0,16.3,5.718,2.64,1.5,8.2,83.5335,179635.0,33.98,21.86,18.39,1106.87
2011-07-12,2.696,1.3976,178293.0,1.4886,18510.53,1917475378.0,17.63,5.624,2.64,1.5,8.2,84.2513025,150986.0,33.3,21.88,19.87,1119.28
2011-07-13,2.758,1.4181,154165.0,1.4886,18842.65,1502092761.0,18.22,5.588,2.64,1.5,8.2,83.7600926,107671.0,33.6,21.95,19.91,1113.99
2011-07-14,2.746,1.4142,157649.0,1.4886,18640.35,1159452408.0,17.9,5.657,2.64,1.5,8.2,83.6652552,17508.0,33.57,21.81,20.8,1121.46
2011-07-15,2.701,1.415,141177.0,1.4886,18450.45,959757007.0,16.91,5.796,2.76,1.5,8.5,82.8688146,143920.0,31.88,21.85,19.53,1124.68
2011-07-18,2.651,1.4109,123196.0,1.4886,17885.74,1095041050.0,18.96,6.021,2.76,1.5,8.5,82.2527585,152085.0,32.85,21.92,20.95,1136.28
2011-07-19,2.682,1.4155,148962.0,1.4886,18229.47,990347282.0,18.14,5.742,2.76,1.5,8.5,82.6982076,192535.0,31.46,21.9,19.21,1121.76
2011-07-20,2.766,1.4217,150092.0,1.4886,18784.11,1105572205.0,17.91,5.629,2.76,1.5,8.5,83.104347,161917.0,31.18,21.89,19.09,1125.25
2011-07-21,2.875,1.4421,157961.0,1.4886,19490.76,1998091174.0,17.4,5.359,2.76,1.5,8.5,81.4849593,184004.0,31.08,21.88,17.56,1101.18
2011-07-22,2.82,1.4353,132606.0,1.4886,19461.14,1579455374.0,16.98,5.404,2.76,1.5,8.5,82.6797624,119580.0,30.63,21.75,17.52,1112.37
2011-07-25,2.764,1.4374,141928.0,1.4886,18979.43,1239397673.0,18.69,5.664,2.76,1.5,8.5,82.050858,129314.0,31.23,21.59,19.35,1122.35
2011-07-26,2.747,1.4512,163040.0,1.4886,19029.86,1196420410.0,18.58,5.647,2.76,1.5,8.5,81.5043824,177466.0,31.17,21.41,20.23,1115.03
2011-07-27,2.659,1.4365,153972.0,1.4886,18494.27,1119723041.0,19.24,5.77,2.76,1.5,8.5,81.7477202,177126.0,32.34,21.23,22.98,1122.24
2011-07-28,2.64,1.4329,130962.0,1.4886,18558.02,1270753751.0,18.99,5.858,2.76,1.5,8.5,81.9043704,187592.0,33.13,21.33,23.74,1127.63
2011-07-29,2.545,1.4395,125135.0,1.4886,18433.68,1017485301.0,19.53,5.889,2.76,1.5,8.5,81.0981106,196458.0,33.64,22.23,25.25,1129.5
2011-07-31,2.545,1.4395,125135.0,1.5976,18433.68,1017485301.0,19.53,5.889,2.76,1.5,8.5,81.0981106,196458.0,33.64,22.23,25.25,1129.5
2011-08-01,2.472,1.4249,119698.0,1.5976,17720.44,1412261835.0,19.58,6.042,2.76,1.5,8.5,81.977258,247669.0,34.29,21.92,23.66,1134.71
2011-08-02,2.411,1.4192,133601.0,1.5976,17272.79,1349599994.0,20.09,6.159,2.76,1.5,8.5,82.0600452,210261.0,35.27,21.8,24.79,1168.65
2011-08-03,2.414,1.4325,140804.0,1.5976,17006.02,1600971555.0,19.95,6.121,2.76,1.5,8.5,79.0435984,240045.0,34.02,21.55,23.38,1159.06
2011-08-04,2.313,1.4106,133126.0,1.5976,16128.07,1131387283.0,22.28,6.269,2.76,1.5,8.5,76.03167,322548.0,42.94,21.53,31.66,1168.14
2011-08-05,2.36,1.428,117187.0,1.5976,16015.87,1941156088.0,21.74,6.162,2.76,1.5,8.5,76.5896236,290606.0,42.37,21.36,32.0,1165.29
2011-08-08,2.272,1.4174,133089.0,1.5976,15639.75,1821313746.0,28.21,5.351,2.76,1.5,8.5,73.1906448,243243.0,56.17,21.6,48.0,1211.01
2011-08-09,2.363,1.4368,135457.0,1.5976,15721.45,1970946581.0,31.13,5.195,2.76,1.5,8.5,71.3876943,307861.0,61.82,21.68,35.06,1211.2
2011-08-10,2.198,1.4172,144009.0,1.5976,14676.04,1792721472.0,32.2,5.132,2.76,1.5,8.5,75.2755416,260958.0,59.45,21.74,42.99,1266.32
2011-08-11,2.29,1.4241,151584.0,1.5976,15277.19,1759176003.0,29.76,5.045,2.76,1.5,8.5,75.851644,223108.0,50.25,21.88,39.0,1239.84
2011-08-12,2.334,1.4248,125259.0,1.5976,15888.61,1154486659.0,25.91,5.032,2.76,1.5,8.5,75.8208555,176266.0,49.06,22.0,36.36,1225.17
2011-08-15,2.323,1.4444,122632.0,1.5976,15888.61,1154486659.0,24.81,5.043,2.76,0.7,8.5,76.0939903,114741.0,44.66,21.95,31.87,1221.45
2011-08-16,2.321,1.4407,138521.0,1.5976,15750.6,908572268.0,26.68,5.009,2.76,0.7,8.5,75.9842217,29202.0,43.95,21.75,32.85,1238.72
2011-08-17,2.236,1.4423,143813.0,1.5976,15950.75,759588177.0,25.12,4.937,2.76,0.7,8.5,76.683404,178711.0,42.67,22.13,31.58,1238.76
2011-08-18,2.084,1.433,146592.0,1.5976,14970.42,978430693.0,26.81,4.961,2.76,0.7,8.5,74.6619016,260626.0,57.42,22.29,42.67,1272.84
2011-08-19,2.112,1.4395,136576.0,1.5976,14602.33,1153067406.0,28.91,4.942,2.76,0.7,8.5,75.4572278,253158.0,55.29,22.16,43.05,1286.08
2011-08-22,2.112,1.4358,128270.0,1.5976,14861.64,800935912.0,33.09,4.972,2.76,0.7,8.5,75.4705728,245432.0,52.4,22.38,42.44,1320.82
2011-08-23,2.123,1.4438,131322.0,1.5976,14707.32,788172455.0,33.42,5.002,2.76,0.7,8.5,75.7102922,233272.0,47.67,22.82,36.27,1267.42
2011-08-24,2.178,1.4412,132015.0,1.5976,14981.35,721481160.0,33.29,5.038,2.76,0.7,8.5,76.4297805,204406.0,47.89,23.36,35.9,1214.56
2011-08-25,2.186,1.4378,131659.0,1.5976,14944.61,985494525.0,34.42,5.052,2.76,0.7,8.5,76.9373162,220392.0,51.42,22.98,39.76,1230.94
2011-08-26,2.152,1.4497,136175.0,1.5976,14800.01,718112218.0,33.03,5.07,2.76,0.7,8.5,76.816128,194489.0,48.12,23.79,35.59,1260.64
2011-08-29,2.226,1.4508,107775.0,1.5976,15140.98,422129917.0,32.55,5.085,2.76,0.7,8.5,77.1155276,92598.0,45.63,23.79,32.28,1231.29
2011-08-30,2.146,1.4445,121875.0,1.5976,15106.28,592709031.0,32.12,5.118,2.76,0.7,8.5,78.9337656,184907.0,44.74,24.56,32.89,1270.04
2011-08-31,2.222,1.4377,130256.0,1.5521,15563.2,754688177.0,30.42,5.134,2.76,0.7,8.5,79.885066,212628.0,44.33,24.8,31.62,1267.77
2011-09-01,2.158,1.4258,131247.0,1.5521,15670.82,710210739.0,28.06,5.153,2.76,0.7,8.5,80.1584344,179417.0,42.77,26.55,31.82,1279.67
2011-09-02,2.013,1.4203,125733.0,1.5521,15060.79,710230038.0,30.16,5.282,2.76,0.7,8.5,79.0893064,227677.0,45.33,26.05,33.92,1325.8
2011-09-05,1.868,1.409,109984.0,1.5521,14333.91,757960761.0,30.16,5.568,2.76,0.7,8.5,78.1259776,78914.0,45.33,26.1,33.92,1347.37
2011-09-06,1.844,1.3998,143256.0,1.5521,14049.71,1092871395.0,34.17,5.49,2.76,0.7,8.5,80.6474871,188944.0,47.41,26.45,37.0,1337.59
2011-09-07,1.898,1.4097,137477.0,1.5521,14645.96,727988453.0,34.11,5.245,2.76,0.7,8.5,82.145046,193492.0,44.9,26.55,33.38,1288.36
2011-09-08,1.879,1.3881,144545.0,1.5521,14747.6,781228494.0,34.43,5.274,2.76,0.7,8.5,82.5229655,190728.0,45.7,27.03,34.32,1345.52
2011-09-09,1.777,1.3651,144208.0,1.5521,14020.18,821050613.0,37.58,5.406,2.76,0.7,8.5,82.6096635,202666.0,49.45,26.7,38.52,1360.17
2011-09-12,1.742,1.3672,149963.0,1.5521,13474.14,1293196086.0,37.2,5.576,2.76,0.7,8.5,82.101895,159203.0,48.14,26.43,38.59,1326.06
2011-09-13,1.783,1.368,156007.0,1.5521,13769.44,1253274178.0,32.49,5.706,2.76,0.7,8.5,81.7904711,133942.0,45.14,26.21,36.91,1339.54
2011-09-14,1.863,1.3745,151383.0,1.5521,14140.08,1059006970.0,29.83,5.595,2.76,0.7,8.5,81.775496,85044.0,43.72,25.69,34.6,1323.25
2011-09-15,1.935,1.3876,146905.0,1.5521,14642.72,1085554803.0,29.46,5.603,3.03,0.7,9.0,83.1220778,17007.0,42.05,25.81,31.97,1287.9
2011-09-16,1.86,1.3797,131269.0,1.5521,14547.38,1562637676.0,28.86,5.525,3.03,0.7,9.0,81.337056,219606.0,41.7,25.42,30.98,1312.01
2011-09-19,1.798,1.3683,114373.0,1.5521,14086.72,698147608.0,30.7,5.587,3.03,0.7,9.0,79.7627862,166598.0,45.93,25.39,32.73,1299.54
2011-09-20,1.79,1.3704,134068.0,1.5521,14356.13,820466852.0,30.63,5.717,3.03,0.7,9.0,80.6621434,183665.0,45.8,25.52,32.86,1315.95
2011-09-21,1.774,1.3564,144048.0,1.5521,14119.76,759769169.0,29.68,5.761,3.03,0.7,9.0,81.36291,207912.0,47.35,25.45,37.32,1311.41
2011-09-22,1.688,1.346,146803.0,1.5521,13481.59,1097294419.0,32.19,5.666,3.03,0.7,9.0,78.3727406,305825.0,55.61,24.99,41.35,1288.96
2011-09-23,1.75,1.3496,137618.0,1.5521,13664.91,1069855772.0,39.17,5.62,3.03,0.7,9.0,77.0376112,244205.0,54.63,25.1,41.25,1226.05
2011-09-26,1.824,1.3538,124439.0,1.5521,14118.98,1374878549.0,39.86,5.653,3.03,0.7,9.0,76.7763204,200581.0,54.31,24.06,39.02,1201.96
2011-09-27,1.953,1.3591,122294.0,1.5521,14811.16,1182276608.0,36.55,5.595,3.03,0.7,9.0,78.8314692,219790.0,50.13,24.38,37.71,1213.37
2011-09-28,1.992,1.3541,125953.0,1.5521,14741.22,892096319.0,39.95,5.647,3.03,0.7,9.0,76.663685,207766.0,53.51,24.72,41.08,1187.46
2011-09-29,2.009,1.3591,149886.0,1.5521,15046.02,1019018519.0,37.08,5.578,3.03,0.7,9.0,76.484331,220409.0,50.62,24.56,38.84,1187.33
2011-09-30,1.888,1.3384,152259.0,1.5365,14836.33,853826998.0,37.03,5.55,3.03,0.7,9.0,76.7781616,243642.0,55.68,26.68,42.96,1212.47
2011-10-03,1.815,1.3169,154065.0,1.5365,14642.52,701165374.0,36.92,5.543,3.03,0.7,9.0,77.2345056,203332.0,58.65,26.38,45.45,1259.93
2011-10-04,1.719,1.3338,171203.0,1.5365,14243.97,856184306.0,37.74,5.494,3.03,0.7,9.0,74.8165546,264826.0,57.09,26.55,40.82,1216.15
2011-10-05,1.839,1.3346,149918.0,1.5365,14805.48,794291953.0,36.94,5.534,3.03,0.7,9.0,76.9745617,215939.0,52.79,26.72,37.81,1228.86
2011-10-06,1.941,1.3431,159014.0,1.5365,15331.53,1007471130.0,35.22,5.46,3.03,0.7,9.0,78.7212715,192569.0,50.04,26.22,36.27,1227.9
2011-10-07,2.005,1.3375,152120.0,1.5365,15529.0,991077546.0,33.16,5.532,3.03,0.7,9.0,79.1622408,170247.0,49.71,25.8,36.2,1224.66
2011-10-10,2.083,1.3642,140868.0,1.5365,16098.16,897305978.0,31.26,5.58,3.03,0.7,9.0,79.8636185,162624.0,47.21,25.9,33.02,1228.06
2011-10-11,2.085,1.3643,154979.0,1.5365,16036.14,1402998344.0,30.62,5.628,3.03,0.7,9.0,81.1628754,180794.0,47.07,26.23,32.86,1218.12
2011-10-12,2.194,1.3786,153056.0,1.5365,16505.98,1166737176.0,29.51,5.738,3.03,0.7,9.0,80.7772032,126973.0,47.53,26.28,31.26,1216.41
2011-10-13,2.109,1.3774,158402.0,1.5365,15894.39,1226477929.0,28.48,5.819,3.03,0.7,9.0,80.6669711,59122.0,47.76,25.49,30.7,1209.32
2011-10-14,2.207,1.3875,152608.0,1.5365,16289.65,1125663642.0,26.61,5.799,3.03,0.7,9.0,82.6521696,19214.0,45.35,25.58,28.24,1209.81
2011-10-15,2.207,1.3875,152608.0,1.5365,16289.65,1125663642.0,26.61,5.799,3.41,0.7,8.9,82.6521696,19214.0,45.35,25.58,28.24,1209.81
2011-10-17,2.103,1.374,139675.0,1.5365,15914.6,953896353.0,28.93,5.809,3.41,0.7,8.9,80.174448,203733.0,50.14,25.66,33.39,1215.34
2011-10-18,2.01,1.3737,156687.0,1.5365,15970.14,826005954.0,29.17,5.875,3.41,0.7,8.9,80.912754,267355.0,47.8,25.27,31.56,1203.73
2011-10-19,2.067,1.3754,147730.0,1.5365,16293.19,768479703.0,31.13,5.909,3.41,0.7,8.9,78.8060334,250461.0,50.01,25.13,34.44,1193.15
2011-10-20,2.01,1.3775,152579.0,1.5365,15677.86,1109963448.0,32.08,5.999,3.41,0.7,8.9,79.680272,277562.0,49.52,24.96,34.78,1174.77
2011-10-21,2.117,1.3894,137219.0,1.5365,16116.48,987022695.0,28.89,5.891,3.41,0.7,8.9,78.8547144,190680.0,48.03,25.52,31.32,1180.4
2011-10-24,2.114,1.3925,146447.0,1.5365,16232.26,738401651.0,26.98,5.952,3.41,0.7,8.9,80.0355885,188006.0,45.6,25.2,29.26,1186.23
2011-10-25,2.064,1.3904,151154.0,1.5365,16060.49,721753061.0,29.92,5.953,3.41,0.7,8.9,79.7758824,256186.0,48.27,25.03,32.22,1224.37
2011-10-26,2.042,1.39,139735.0,1.5365,16071.92,714895833.0,30.79,5.925,3.41,0.7,8.9,78.3520322,205830.0,47.59,24.57,29.86,1239.66
2011-10-27,2.211,1.419,147675.0,1.5365,16954.68,1167336821.0,27.58,5.876,3.41,0.7,8.9,78.9850176,238405.0,43.82,24.75,25.46,1228.83
2011-10-28,2.199,1.4146,134861.0,1.5365,16653.55,998183159.0,25.84,6.019,3.41,0.7,8.9,77.6964781,187750.0,41.58,24.63,24.53,1231.07
2011-10-31,2.025,1.3856,128827.0,1.5759,16017.73,783710723.0,27.45,6.129,3.41,0.7,8.9,79.0705476,169588.0,43.26,25.62,29.96,1237.09
2011-11-01,1.767,1.3694,136521.0,1.5759,14928.24,1166703811.0,29.7,6.296,3.41,0.7,8.9,79.991585,239030.0,46.63,25.5,34.77,1254.6
2011-11-02,1.821,1.3746,138038.0,1.5759,15273.31,1075797440.0,30.16,6.185,3.41,0.7,8.9,79.5426632,238271.0,45.56,25.2,32.74,1262.19
2011-11-03,1.903,1.3813,154364.0,1.5759,15766.16,1295687802.0,30.12,6.166,3.41,0.7,8.9,80.2364868,224717.0,43.85,25.3,30.5,1275.8
2011-11-04,1.83,1.3794,145732.0,1.5759,15346.55,1028623546.0,28.37,6.365,3.41,0.7,8.9,81.1726515,178385.0,42.45,25.4,30.16,1270.68
2011-11-07,1.796,1.3775,137484.0,1.5759,15548.94,1073642958.0,30.24,6.546,3.41,0.7,8.9,83.164832,186133.0,43.3,26.03,29.85,1304.02
2011-11-08,1.802,1.3837,142610.0,1.5759,15664.06,897599022.0,29.21,6.707,3.41,0.7,8.9,83.1105,224851.0,43.35,25.63,27.48,1289.45
2011-11-09,1.735,1.3546,144741.0,1.5759,15071.77,1230908521.0,29.85,7.286,3.41,0.7,8.9,82.9106113,271930.0,48.97,25.09,36.16,1306.92
2011-11-10,1.773,1.3601,147098.0,1.5759,15218.34,1110726876.0,28.81,6.957,3.41,0.7,8.9,83.6041404,223768.0,47.84,25.2,32.81,1292.79
2011-11-11,1.878,1.375,133310.0,1.5759,15778.85,1033391929.0,27.85,6.512,3.41,0.7,8.9,83.0251432,132504.0,46.6,24.81,30.04,1300.25
2011-11-14,1.808,1.3623,127688.0,1.5759,15464.45,1061929957.0,27.85,6.702,3.41,0.7,8.9,82.1328545,122947.0,46.41,24.63,31.13,1306.21
2011-11-15,1.773,1.3531,141937.0,1.5759,15297.6,1034832142.0,26.75,7.057,3.28,-1.1,9.5,83.0607056,20240.0,43.05,24.65,31.22,1315.47
2011-11-16,1.819,1.3462,134165.0,1.5759,15419.2,1080836720.0,26.94,7.005,3.28,-1.1,9.5,83.1078204,270998.0,43.29,24.83,33.51,1308.06
2011-11-17,1.889,1.3459,130996.0,1.5759,15198.31,765090764.0,28.86,6.858,3.28,-1.1,9.5,80.40746,269899.0,42.94,24.55,34.51,1276.02
2011-11-18,1.969,1.3509,122979.0,1.5759,15232.56,777138668.0,27.59,6.705,3.28,-1.1,9.5,79.62129,207453.0,42.94,24.33,32.0,1273.65
2011-11-21,1.904,1.3494,134058.0,1.5759,14509.94,750039553.0,30.07,6.674,3.28,-1.1,9.5,79.2055616,183497.0,44.82,24.4,32.91,1244.42
2011-11-22,1.917,1.3513,135346.0,1.5759,14286.06,708852842.0,27.56,6.826,3.28,-1.1,9.5,80.6854709,215453.0,42.94,24.4,31.97,1256.81
2011-11-23,2.069,1.3333,141193.0,1.5759,13915.78,779221515.0,27.81,7.01,3.28,-1.1,9.5,80.2671404,193006.0,45.19,24.27,33.98,1269.55
2011-11-24,2.195,1.3348,125320.0,1.5759,13920.58,753540894.0,27.81,7.126,3.28,-1.1,9.5,80.7466204,66692.0,45.19,24.05,33.98,1269.01
2011-11-25,2.271,1.3233,121451.0,1.5759,13937.4,727694595.0,20.46,7.311,3.28,-1.1,9.5,80.405416,128590.0,69.12,23.96,34.47,1268.99
2011-11-28,2.308,1.3308,128419.0,1.5759,14578.23,814803887.0,26.61,7.2,3.28,-1.1,9.5,81.90587,209091.0,44.52,23.78,32.13,1285.74
2011-11-29,2.335,1.3329,138488.0,1.5759,14627.37,739346577.0,25.74,7.272,3.28,-1.1,9.5,83.1415968,223511.0,42.7,23.6,30.64,1286.95
2011-11-30,2.281,1.3441,136861.0,1.4847,15268.66,1209707272.0,25.32,7.083,3.28,-1.1,9.5,82.2257748,231067.0,41.0,23.05,27.8,1298.15
2011-12-01,2.174,1.3463,147871.0,1.4847,15244.62,844846491.0,24.55,6.654,3.28,-1.1,9.5,80.9555922,187089.0,40.89,23.34,27.41,1296.38
2011-12-02,2.135,1.3402,125079.0,1.4847,15476.09,945049827.0,23.51,6.589,3.28,-1.1,9.5,82.0328304,156653.0,39.8,23.27,27.52,1301.71
2011-12-05,2.207,1.3401,105969.0,1.4847,15926.47,986797332.0,24.97,6.37,3.28,-1.1,9.5,81.9413201,145848.0,39.34,22.99,27.84,1283.91
2011-12-06,2.192,1.3401,113963.0,1.4847,15848.21,788490343.0,24.52,6.309,3.28,-1.1,9.5,82.6875301,135056.0,38.23,22.8,28.13,1288.79
2011-12-07,2.105,1.3412,122898.0,1.4847,15650.93,959017007.0,24.15,6.506,3.28,-1.1,9.5,81.665568,167441.0,38.34,23.15,28.67,1298.38
2011-12-08,2.011,1.3345,119697.0,1.4847,14979.07,841199358.0,25.18,6.799,3.28,-1.1,9.5,81.0111474,172097.0,40.27,23.49,30.59,1279.64
2011-12-09,2.145,1.3372,124438.0,1.4847,15483.91,918043009.0,23.13,6.856,3.28,-1.1,9.5,81.2292946,159308.0,38.87,23.93,26.38,1278.22
2011-12-12,2.036,1.3184,117779.0,1.4847,14896.73,711195217.0,23.66,7.06,3.28,-1.1,9.5,81.35671,141316.0,40.45,23.66,25.67,1262.37
2011-12-13,2.033,1.3033,127756.0,1.4847,14851.25,690628494.0,24.1,7.033,3.28,-1.1,9.5,84.01716,156387.0,39.39,23.69,25.41,1251.03
2011-12-14,1.926,1.298,125116.0,1.4847,14430.02,778062179.0,28.63,7.203,3.28,-1.1,9.5,80.9095084,98846.0,43.82,23.52,26.04,1212.5
2011-12-15,1.952,1.3015,112378.0,1.4847,14627.69,807321810.0,27.28,6.998,3.27,-1.1,9.7,80.7448506,14325.0,45.04,23.35,25.11,1205.92
2011-12-16,1.865,1.3033,100571.0,1.4847,14572.22,1334948927.0,24.8,6.969,3.27,-1.1,9.7,79.298388,140082.0,41.73,23.17,24.29,1225.13
2011-12-19,1.887,1.2994,95412.0,1.4847,14548.2,664514811.0,23.42,6.836,3.27,-1.1,9.7,79.7603076,147875.0,41.27,22.94,24.92,1225.77
2011-12-20,1.953,1.3077,112965.0,1.4847,14965.18,690040077.0,21.33,6.584,3.27,-1.1,9.7,81.616431,170239.0,38.96,23.25,23.22,1234.45
2011-12-21,1.94,1.3044,114602.0,1.4847,14819.86,1015623980.0,21.22,6.781,3.27,-1.1,9.7,82.5747944,145091.0,36.37,23.13,21.43,1237.23
2011-12-22,1.947,1.3048,103763.0,1.4847,15027.44,563539254.0,20.23,6.825,3.27,-1.1,9.7,82.686896,111157.0,35.81,23.12,21.16,1229.22
2011-12-23,1.953,1.304,76130.0,1.4847,15073.99,460170440.0,19.67,6.992,3.27,-1.1,9.7,82.7912852,64609.0,35.74,22.97,20.73,1231.06
2011-12-26,1.953,1.3058,32392.0,1.4847,15073.99,460170440.0,19.67,6.992,3.27,-1.1,9.7,82.7912852,64609.0,35.74,22.97,20.73,1228.54
2011-12-27,1.912,1.3068,70149.0,1.4847,14924.01,220495062.0,20.81,6.983,3.27,-1.1,9.7,83.6166821,50676.0,36.95,22.97,21.91,1217.9
2011-12-28,1.893,1.2935,81157.0,1.4847,14796.55,332459520.0,24.33,6.969,3.27,-1.1,9.7,83.154636,114937.0,38.73,22.54,23.52,1199.58
2011-12-29,1.845,1.2961,102312.0,1.4847,14908.53,274024235.0,23.12,7.006,3.27,-1.1,9.7,83.3351155,108319.0,38.66,22.08,22.65,1192.47
2011-12-30,1.825,1.2945,91178.0,1.4847,15089.74,210856902.0,23.24,7.0,3.27,-1.1,9.7,82.95105,93574.0,38.74,22.0,23.4,1207.75
2011-12-31,1.825,1.2945,91178.0,1.4261,15089.74,210856902.0,23.24,7.0,3.27,-1.1,9.7,82.95105,93574.0,38.74,22.0,23.4,1207.75
2012-01-02,1.902,1.2928,46017.0,1.4261,15454.62,269254004.0,23.24,6.906,3.27,-1.1,9.7,82.95105,93574.0,38.74,22.35,23.4,1210.77
2012-01-03,1.899,1.305,87136.0,1.4261,15645.56,486166580.0,22.9,6.931,3.27,-1.1,9.7,85.9229764,178618.0,40.07,21.7,22.97,1228.69
2012-01-04,1.925,1.294,88573.0,1.4261,15327.03,466037555.0,22.08,6.927,3.27,-1.1,9.7,87.86736,221268.0,39.04,21.88,22.22,1245.01
2012-01-05,1.868,1.278,103779.0,1.4261,14767.22,682933068.0,22.34,7.077,3.27,-1.1,9.7,88.2156678,205410.0,38.7,22.0,21.48,1268.69
2012-01-06,1.854,1.272,96269.0,1.4261,14645.64,621978525.0,21.3,7.13,3.27,-1.1,9.7,88.8832496,190831.0,37.12,21.73,20.63,1270.45
2012-01-09,1.845,1.2765,108140.0,1.4261,14401.55,629663471.0,21.47,7.131,3.27,-1.1,9.7,88.0922055,203390.0,36.52,22.45,21.07,1261.47
2012-01-10,1.882,1.2772,111733.0,1.4261,14844.81,780310543.0,21.51,7.155,3.27,-1.1,9.7,88.6937088,186772.0,35.44,22.4,20.69,1276.62
2012-01-11,1.822,1.2703,115601.0,1.4261,14882.44,673318613.0,22.34,7.037,3.27,-1.1,9.7,88.3575728,191800.0,35.52,22.53,21.05,1291.7
2012-01-12,1.835,1.2825,111164.0,1.4261,15192.79,945230441.0,21.6,6.669,3.27,-1.1,9.7,86.7527598,148852.0,36.59,22.29,20.47,1286.22
2012-01-13,1.771,1.2677,106192.0,1.4261,15011.09,819062689.0,21.2,6.676,3.27,-1.1,9.7,87.1183852,108350.0,35.62,22.05,20.91,1292.49
2012-01-15,1.771,1.2677,106192.0,1.4261,15011.09,819062689.0,21.2,6.676,3.13,-1.1,9.8,87.1183852,108350.0,35.62,22.05,20.91,1292.49
2012-01-16,1.773,1.2661,92120.0,1.4261,15220.98,617584800.0,21.2,6.608,3.13,-1.1,9.8,87.829096,15274.0,35.62,21.6,20.91,1297.2
2012-01-17,1.792,1.2737,114870.0,1.4261,15325.98,741225799.0,21.6,6.496,3.13,-1.1,9.8,87.5633183,189959.0,33.97,21.1,22.2,1296.04
2012-01-18,1.792,1.2854,105019.0,1.4261,15278.0,699920066.0,21.14,6.446,3.13,-1.1,9.8,86.0901602,213897.0,32.59,21.3,20.89,1291.61
2012-01-19,1.859,1.2964,105110.0,1.4261,15651.99,1280622393.0,20.34,6.434,3.13,-1.1,9.8,86.0463235,173945.0,33.51,21.25,19.87,1278.51
2012-01-20,1.926,1.2937,97178.0,1.4261,15632.06,1240582847.0,19.58,6.271,3.13,-1.1,9.8,84.9195828,161673.0,33.35,21.63,18.28,1288.09
2012-01-23,1.99,1.3028,85927.0,1.4261,15907.52,1226079972.0,20.18,6.102,3.13,-1.1,9.8,84.8789964,143535.0,33.16,21.85,18.67,1286.65
2012-01-24,2.004,1.3021,103411.0,1.4261,15929.25,1042695992.0,20.08,6.182,3.13,-1.1,9.8,84.5019397,178433.0,33.23,22.07,18.91,1277.91
2012-01-25,1.957,1.3109,98618.0,1.4261,15840.24,1059353005.0,22.24,6.221,3.13,-1.1,9.8,83.7663623,234587.0,31.93,22.29,18.31,1305.2
2012-01-26,1.878,1.3097,101400.0,1.4261,16111.04,1194989928.0,21.71,6.029,3.13,-1.1,9.8,84.5914887,195025.0,31.97,21.85,18.57,1313.58
2012-01-27,1.861,1.3224,110658.0,1.4261,15946.87,860330937.0,20.82,5.848,3.13,-1.1,9.8,84.286052,218694.0,31.57,22.79,18.53,1313.97
2012-01-30,1.79,1.3125,111887.0,1.4261,15753.14,761865949.0,21.23,6.049,3.13,-1.1,9.8,84.380425,163790.0,31.74,23.88,19.4,1317.41
2012-01-31,1.793,1.3078,128648.0,1.2222,15828.05,936910263.0,20.93,5.964,3.13,-1.1,9.8,84.8597472,238208.0,32.31,23.01,19.44,1329.43
2012-02-01,1.832,1.3158,118062.0,1.2222,16264.55,1241866729.0,21.54,5.703,3.13,-1.1,9.8,84.7844844,210932.0,32.18,23.36,18.55,1324.41
2012-02-02,1.855,1.3145,122137.0,1.2222,16276.5,1158577832.0,21.93,5.634,3.13,-1.1,9.8,85.2572525,213050.0,31.81,23.65,17.98,1338.12
2012-02-03,1.939,1.3143,107483.0,1.2222,16439.62,1359243738.0,21.05,5.666,3.13,-1.1,9.8,87.1793388,235991.0,30.71,23.85,17.1,1312.06
2012-02-06,1.892,1.3131,110021.0,1.2222,16389.82,932675150.0,21.2,5.628,3.13,-1.1,9.8,88.2876508,212323.0,31.2,23.81,17.76,1309.44
2012-02-07,1.962,1.3264,126208.0,1.2222,16491.71,851371423.0,20.45,5.641,3.13,-1.1,9.8,87.6281216,245838.0,32.41,24.15,17.65,1316.04
2012-02-08,1.978,1.3257,130326.0,1.2222,16669.22,1208216718.0,20.69,5.566,3.13,-1.1,9.8,88.406304,217974.0,32.32,23.6,18.16,1307.03
2012-02-09,2.026,1.3281,133960.0,1.2222,16653.83,1076157280.0,20.03,5.481,3.13,-1.1,9.8,89.2935264,189772.0,32.43,23.5,18.63,1301.45
2012-02-10,1.928,1.3173,124450.0,1.2222,16361.04,794148758.0,19.73,5.577,3.13,-1.1,9.8,89.0535403,169308.0,32.83,23.31,20.79,1304.74
2012-02-13,1.928,1.3193,111945.0,1.2222,16369.28,586462996.0,19.07,5.541,3.13,-1.1,9.8,89.3885814,120609.0,33.3,22.79,19.04,1304.96
2012-02-14,1.914,1.3118,126784.0,1.2222,16445.91,662149965.0,19.24,5.567,3.13,-1.1,9.8,90.0745496,24276.0,33.64,22.68,19.54,1310.72
2012-02-15,1.86,1.307,133787.0,1.2222,16513.21,872839052.0,19.28,5.687,3.25,-2.7,10.1,90.9945323,223574.0,34.85,23.44,21.14,1322.9
2012-02-16,1.876,1.3139,134907.0,1.2222,16369.66,907195197.0,19.21,5.696,3.25,-2.7,10.1,91.4145199,205126.0,33.99,23.43,19.22,1315.23
2012-02-17,1.929,1.3151,113099.0,1.2222,16547.21,838597120.0,18.61,5.561,3.25,-2.7,10.1,90.928632,183825.0,33.05,23.53,17.78,1309.26
2012-02-20,1.965,1.3239,88648.0,1.2222,16724.22,636934179.0,18.61,5.467,3.25,-2.7,10.1,90.678567,64824.0,33.05,23.41,17.78,1308.7
2012-02-21,1.983,1.3239,116192.0,1.2222,16710.86,912087450.0,19.94,5.431,3.25,-2.7,10.1,91.8946644,156159.0,34.68,23.59,18.19,1328.52
2012-02-22,1.912,1.3243,121929.0,1.2222,16557.62,894904102.0,19.84,5.51,3.25,-2.7,10.1,92.804248,180940.0,33.67,24.18,18.19,1341.48
2012-02-23,1.883,1.3367,125237.0,1.2222,16312.3,891830093.0,19.76,5.518,3.25,-2.7,10.1,92.4813582,214761.0,33.21,24.24,16.8,1330.71
2012-02-24,1.885,1.3454,120922.0,1.2222,16487.53,781892367.0,19.01,5.457,3.25,-2.7,10.1,93.2580869,146862.0,33.8,24.25,17.31,1317.31
2012-02-27,1.825,1.3399,121119.0,1.2222,16308.6,829744053.0,19.1,5.457,3.25,-2.7,10.1,92.6705544,177944.0,34.12,25.2,18.19,1317.67
2012-02-28,1.8,1.3469,119809.0,1.2222,16345.3,857327630.0,20.12,5.368,3.25,-2.7,10.1,90.2447975,195248.0,33.52,25.0,17.96,1325.38
2012-02-29,1.811,1.3324,130339.0,1.0483,16351.41,1093505989.0,22.9,5.188,3.25,-2.7,10.1,92.0600098,243681.0,32.52,24.8,18.43,1271.19
2012-03-01,1.873,1.3311,124648.0,1.0483,16830.6,1216297376.0,19.53,4.929,3.25,-2.7,10.1,94.809012,260752.0,33.2,24.3,17.26,1288.97
2012-03-02,1.801,1.3201,104701.0,1.0483,16902.51,985461385.0,18.96,4.914,3.25,-2.7,10.1,93.667348,196633.0,32.91,24.15,17.29,1296.98
2012-03-05,1.824,1.3218,122589.0,1.0483,16787.15,667892761.0,19.4,4.943,3.25,-2.7,10.1,93.659652,166569.0,33.34,23.7,18.05,1290.89
2012-03-06,1.782,1.3114,126628.0,1.0483,16218.06,810319404.0,20.23,5.056,3.25,-2.7,10.1,93.0146292,233269.0,34.34,23.95,20.87,1276.1
2012-03-07,1.781,1.3149,117524.0,1.0483,16398.89,875945746.0,19.18,4.974,3.25,-2.7,10.1,94.3945012,199254.0,32.93,24.2,19.07,1280.52
2012-03-08,1.804,1.327,106492.0,1.0483,16664.25,1111057901.0,19.26,4.823,3.25,-2.7,10.1,94.5290752,191532.0,32.12,24.65,17.95,1280.89
2012-03-09,1.796,1.3113,92882.0,1.0483,16479.2,947188339.0,19.41,4.84,3.25,-2.7,10.1,96.072348,140588.0,31.42,24.68,17.11,1305.61
2012-03-12,1.756,1.3153,94012.0,1.0483,16457.19,932655756.0,19.21,4.886,3.25,-2.7,10.1,95.2934952,151690.0,30.0,24.65,15.64,1292.7
2012-03-13,1.815,1.3082,99132.0,1.0483,16799.01,926049175.0,20.47,4.877,3.25,-2.7,10.1,96.4838302,133814.0,29.45,24.6,14.8,1280.11
2012-03-14,1.96,1.3027,118104.0,1.0483,16850.32,1054789322.0,20.6,4.843,3.25,-2.7,10.1,95.9319708,106672.0,29.31,24.85,15.31,1260.05
2012-03-15,1.976,1.3082,122086.0,1.0483,16993.31,867035539.0,18.24,4.844,3.36,-2.7,10.7,94.4428555,20330.0,29.44,24.65,15.42,1266.8
2012-03-16,2.052,1.3173,98802.0,1.0483,17081.69,1145550936.0,18.99,4.862,3.36,-2.7,10.7,95.5061453,159876.0,28.68,24.95,14.47,1259.9
2012-03-19,2.051,1.324,107751.0,1.0483,17133.42,750817698.0,17.83,4.827,3.36,-2.7,10.7,94.9475059,128753.0,26.85,25.2,15.04,1255.61
2012-03-20,2.042,1.3224,114370.0,1.0483,16953.62,630502829.0,18.42,4.878,3.36,-2.7,10.7,93.859544,185592.0,27.87,25.25,15.58,1246.58
2012-03-21,1.985,1.3211,114981.0,1.0483,16734.75,755147499.0,18.04,4.972,3.36,-2.7,10.7,94.011948,152408.0,26.93,24.8,15.13,1248.59
2012-03-22,1.909,1.3196,109574.0,1.0483,16450.68,730779672.0,18.51,5.1,3.36,-2.7,10.7,93.3167234,189187.0,27.51,24.65,15.57,1244.77
2012-03-23,1.872,1.3271,118703.0,1.0483,16485.24,883840126.0,18.3,5.055,3.36,-2.7,10.7,94.2879576,207429.0,28.17,24.4,14.82,1252.34
2012-03-26,1.944,1.3357,98047.0,1.0483,16619.11,712486298.0,19.22,5.028,3.36,-2.7,10.7,94.0703855,128771.0,27.89,24.55,14.26,1264.78
2012-03-27,1.885,1.3317,121033.0,1.0483,16498.73,755582553.0,18.62,5.137,3.36,-2.7,10.7,94.2704968,211602.0,27.53,24.35,15.59,1260.75
2012-03-28,1.832,1.3314,118901.0,1.0483,16451.71,863641201.0,18.18,5.095,3.36,-2.7,10.7,93.2553344,212669.0,28.03,24.85,15.47,1247.61
2012-03-29,1.802,1.3301,122679.0,1.0483,15908.85,1187737265.0,17.43,5.226,3.36,-2.7,10.7,92.0152498,224416.0,28.94,24.6,15.48,1248.69
2012-03-30,1.798,1.3343,123303.0,1.0483,15980.07,1129672226.0,17.01,5.133,3.36,-2.7,10.7,92.0936448,185189.0,29.0,25.25,15.5,1250.12
2012-03-31,1.798,1.3343,123303.0,0.8585,15980.07,1129672226.0,17.01,5.133,3.36,-2.7,10.7,92.0936448,185189.0,29.0,25.25,15.5,1250.12
2012-04-02,1.801,1.3321,104546.0,0.8585,15948.86,930415927.0,17.1,5.077,3.36,-2.7,10.7,94.1590467,229530.0,28.46,24.75,15.64,1259.48
2012-04-03,1.802,1.3233,122284.0,0.8585,15624.23,982493752.0,18.05,5.142,3.36,-2.7,10.7,94.3554534,197645.0,27.95,24.6,15.66,1242.6
2012-04-04,1.803,1.3141,122520.0,0.8585,15245.92,1003593486.0,18.88,5.311,3.36,-2.7,10.7,93.0982932,250186.0,28.73,24.6,16.44,1232.58
2012-04-05,1.737,1.3063,120841.0,0.8585,15216.02,1115410159.0,18.02,5.443,3.36,-2.7,10.7,94.4881336,183560.0,28.03,24.6,16.7,1248.0
2012-04-06,1.737,1.3094,59804.0,0.8585,15216.02,1115410159.0,18.02,5.435,3.36,-2.7,10.7,94.4881336,183560.0,28.03,24.6,16.7,1250.56
2012-04-09,1.737,1.31,62352.0,0.8585,15216.02,1115410159.0,19.21,5.458,3.36,-2.7,10.7,93.6413712,91960.0,29.84,24.48,18.81,1251.83
2012-04-10,1.647,1.308,124060.0,0.8585,14458.88,993548759.0,19.94,5.624,3.36,-2.7,10.7,91.6518564,223005.0,31.62,24.25,20.39,1268.32
2012-04-11,1.696,1.3109,116438.0,0.8585,14689.84,1026398835.0,20.02,5.499,3.36,-2.7,10.7,91.6769094,178711.0,30.69,24.55,20.02,1264.07
2012-04-12,1.793,1.3185,115963.0,0.8585,14869.91,987024346.0,18.64,5.389,3.36,-2.7,10.7,92.3097324,125983.0,29.41,24.85,17.2,1270.27
2012-04-13,1.729,1.3075,102724.0,0.8585,14359.5,895662030.0,18.44,5.503,3.36,-2.7,10.7,93.1780206,15614.0,29.61,25.0,19.55,1267.88
2012-04-15,1.729,1.3075,102724.0,0.8585,14359.5,895662030.0,18.44,5.503,3.35,-2.7,10.7,93.1780206,15614.0,29.61,25.0,19.55,1267.88
2012-04-16,1.717,1.3138,116113.0,0.8585,14411.24,831388427.0,18.8,5.58,3.35,-2.7,10.7,90.333282,232834.0,29.78,24.85,19.55,1257.31
2012-04-17,1.754,1.3123,112934.0,0.8585,14942.05,926626161.0,18.03,5.483,3.35,-2.7,10.7,90.5127356,248479.0,28.74,24.38,18.46,1256.22
2012-04-18,1.715,1.312,123023.0,0.8585,14580.15,871731743.0,17.54,5.496,3.35,-2.7,10.7,89.916734,251109.0,28.36,24.2,18.64,1249.86
2012-04-19,1.698,1.3134,125882.0,0.8585,14287.27,952677244.0,17.33,5.582,3.35,-2.7,10.7,89.84284,204709.0,28.31,24.4,18.36,1249.41
2012-04-20,1.711,1.3221,107463.0,0.8585,14401.78,883293920.0,16.72,5.638,3.35,-2.7,10.7,89.8265012,178697.0,27.1,24.5,17.44,1241.56
2012-04-23,1.648,1.3154,101329.0,0.8585,13849.55,889960280.0,17.11,5.743,3.35,-2.7,10.7,90.2469033,203505.0,26.91,24.25,18.97,1244.07
2012-04-24,1.704,1.3194,111544.0,0.8585,14192.77,859113507.0,17.64,5.671,3.35,-2.7,10.7,89.5558272,173505.0,26.11,24.1,18.1,1243.0
2012-04-25,1.748,1.3222,103135.0,0.8585,14606.43,806624667.0,17.45,5.642,3.35,-2.7,10.7,90.0928384,242120.0,25.68,23.9,16.82,1243.29
2012-04-26,1.688,1.3208,107829.0,0.8585,14509.96,783456588.0,16.94,5.635,3.35,-2.7,10.7,90.7938304,225240.0,24.62,24.0,16.24,1252.86
2012-04-27,1.704,1.3252,112880.0,0.8585,14778.9,846200485.0,16.61,5.64,3.35,-2.7,10.7,90.423718,173893.0,24.34,24.15,16.32,1253.25
2012-04-30,1.663,1.324,81876.0,0.7443,14592.34,624410556.0,16.93,5.517,3.35,-2.7,10.7,90.2344963,174064.0,25.15,25.3,17.15,1256.52
2012-05-01,1.663,1.3236,66635.0,0.7443,14592.34,624410556.0,16.47,5.537,3.35,-2.7,10.7,90.4055232,160252.0,25.12,25.3,16.6,1253.85
2012-05-02,1.613,1.3155,111023.0,0.7443,14213.17,872463006.0,16.55,5.547,3.35,-2.7,10.7,89.852094,216217.0,25.03,24.85,16.88,1256.09
2012-05-03,1.612,1.315,106885.0,0.7443,14118.13,859818379.0,17.45,5.507,3.35,-2.7,10.7,88.2741968,231991.0,27.46,24.95,17.56,1243.38
2012-05-04,1.583,1.3082,95129.0,0.7443,13918.57,704411786.0,16.32,5.447,3.35,-2.7,10.7,86.5159238,323768.0,29.79,24.85,19.16,1255.19
2012-05-07,1.605,1.3052,96867.0,0.7443,14275.35,703697903.0,16.38,5.401,3.35,-2.7,10.7,86.6997972,159882.0,29.07,24.68,18.94,1253.94
2012-05-08,1.536,1.3002,109847.0,0.7443,13936.7,833514630.0,17.93,5.631,3.35,-2.7,10.7,86.7017703,252428.0,29.06,24.6,19.05,1233.67
2012-05-09,1.52,1.2932,96480.0,0.7443,13771.82,1003905470.0,19.32,5.769,3.35,-2.7,10.7,87.535296,239776.0,29.27,24.9,20.08,1228.53
2012-05-10,1.538,1.2935,105041.0,0.7443,14004.94,1250760009.0,18.25,5.675,3.35,-2.7,10.7,87.151563,198338.0,28.61,24.8,18.83,1231.55
2012-05-11,1.517,1.2915,106078.0,0.7443,14045.35,906031954.0,18.46,5.676,3.35,-2.7,10.7,86.9217954,189445.0,28.79,24.65,19.89,1222.57
2012-05-14,1.456,1.2825,101574.0,0.7443,13660.87,947507248.0,20.05,5.858,3.35,-2.7,10.7,86.9944761,199082.0,30.96,24.5,21.87,1213.34
2012-05-15,1.461,1.273,106294.0,0.7443,13311.36,1080119162.0,20.75,6.024,3.35,-3.3,10.6,88.170132,151541.0,32.13,24.35,21.97,1212.46
2012-05-16,1.477,1.2715,126774.0,0.7443,13283.55,1054968367.0,22.2,5.974,3.35,-3.3,10.6,87.8565637,22415.0,31.48,24.25,22.27,1209.44
2012-05-17,1.425,1.2693,114183.0,0.7443,13089.26,893211050.0,22.59,5.975,3.35,-3.3,10.6,84.6849216,293237.0,32.62,23.65,24.49,1238.28
2012-05-18,1.423,1.2782,110843.0,0.7443,13048.9,1010126293.0,23.29,5.937,3.35,-3.3,10.6,83.820979,206503.0,33.18,23.5,25.1,1245.15
2012-05-21,1.429,1.2812,97575.0,0.7443,13012.04,780045711.0,20.69,5.933,3.35,-3.3,10.6,84.9283812,171292.0,30.01,23.5,22.01,1241.14
2012-05-22,1.477,1.2682,114293.0,0.7443,13456.03,970336654.0,20.04,5.727,3.35,-3.3,10.6,85.4834532,180212.0,29.75,23.55,22.48,1235.18
2012-05-23,1.388,1.2584,139144.0,0.7443,12960.87,854753484.0,21.79,5.808,3.35,-3.3,10.6,83.8843096,239756.0,30.9,23.3,22.33,1239.28
2012-05-24,1.391,1.2535,135760.0,0.7443,13107.8,838664630.0,21.93,5.723,3.35,-3.3,10.6,85.0023935,191101.0,30.12,23.4,21.54,1241.82
2012-05-25,1.371,1.2515,128969.0,0.7443,13154.8,755863022.0,21.11,5.8,3.35,-3.3,10.6,85.3614432,145986.0,30.19,23.4,21.76,1256.36
2012-05-28,1.364,1.254,85134.0,0.7443,13057.26,578453776.0,21.11,5.87,3.35,-3.3,10.6,85.4148695,55581.0,30.19,23.95,21.76,1253.85
2012-05-29,1.367,1.2496,116480.0,0.7443,13107.13,849514339.0,21.72,5.899,3.35,-3.3,10.6,85.3717368,223911.0,30.72,23.9,21.03,1244.2
2012-05-30,1.266,1.237,127729.0,0.7443,12872.58,1014777242.0,23.46,6.067,3.35,-3.3,10.6,83.6461827,225431.0,33.32,23.45,24.14,1262.3
2012-05-31,1.211,1.2356,127770.0,0.6849,12873.84,881694618.0,23.11,6.041,3.35,-3.3,10.6,82.4454284,258762.0,34.79,23.4,24.06,1261.08
2012-06-01,1.173,1.2432,139822.0,0.6849,12739.98,860889042.0,25.3,5.855,3.35,-3.3,10.6,79.1751234,324332.0,41.63,23.55,26.66,1307.1
2012-06-04,1.219,1.2495,110659.0,0.6849,12891.96,734315986.0,25.36,5.664,3.35,-3.3,10.6,79.111632,174173.0,38.58,23.33,26.12,1293.12
2012-06-05,1.216,1.2453,121918.0,0.6849,12973.66,777390477.0,23.99,5.639,3.35,-3.3,10.6,79.3704968,145827.0,36.67,23.33,24.68,1297.97
2012-06-06,1.317,1.2571,133262.0,0.6849,13427.15,1132498111.0,23.14,5.661,3.35,-3.3,10.6,80.0571072,238424.0,35.58,23.73,22.16,1288.31
2012-06-07,1.375,1.256,130563.0,0.6849,13545.32,1016754855.0,22.92,5.704,3.35,-3.3,10.6,79.5622674,284006.0,36.9,23.65,21.72,1264.34
2012-06-08,1.337,1.2516,124812.0,0.6849,13445.46,961817773.0,22.03,5.772,3.35,-3.3,10.6,79.4745406,252948.0,37.57,23.6,21.23,1273.14
2012-06-11,1.305,1.2475,107687.0,0.6849,13070.75,1280343182.0,22.19,6.036,3.35,-3.3,10.6,78.5568,233783.0,42.31,23.6,23.56,1279.19
2012-06-12,1.427,1.2512,127640.0,0.6849,12979.69,1201217163.0,22.9,6.163,3.35,-3.3,10.6,77.6372022,245701.0,39.45,23.55,22.09,1286.21
2012-06-13,1.497,1.2555,120915.0,0.6849,12894.8,982319557.0,23.96,6.209,3.35,-3.3,10.6,77.364045,138290.0,39.07,23.5,24.27,1288.32
2012-06-14,1.491,1.263,123014.0,0.6849,13084.62,850859994.0,24.1,6.157,3.35,-3.3,10.6,76.8254431,35173.0,36.19,23.33,21.68,1284.57
2012-06-15,1.448,1.2636,118770.0,0.6849,13390.69,1733440874.0,22.94,5.931,3.34,-3.3,10.9,77.2475779,148877.0,36.28,23.5,21.11,1286.6
2012-06-18,1.416,1.2575,116990.0,0.6849,13009.63,948671715.0,20.64,6.051,3.34,-3.3,10.9,76.3818415,233812.0,35.04,23.3,18.32,1294.16
2012-06-19,1.533,1.2687,125648.0,0.6849,13445.46,1066260072.0,20.51,5.909,3.34,-3.3,10.9,75.4789896,276726.0,32.92,23.2,18.38,1274.8
2012-06-20,1.607,1.2704,134980.0,0.6849,13732.16,986131949.0,19.88,5.763,3.34,-3.3,10.9,72.9609335,328770.0,34.66,23.3,17.24,1263.51
2012-06-21,1.53,1.2541,119674.0,0.6849,13751.63,1169436497.0,21.07,5.733,3.34,-3.3,10.9,71.1502174,351702.0,37.52,23.43,20.08,1247.06
2012-06-22,1.581,1.2568,119951.0,0.6849,13662.8,1239935837.0,20.29,5.777,3.34,-3.3,10.9,72.3900566,238666.0,35.08,23.5,18.11,1250.03
2012-06-25,1.459,1.2503,101523.0,0.6849,13113.78,863287820.0,20.46,6.003,3.34,-3.3,10.9,72.7907081,211662.0,36.84,23.45,20.38,1266.58
2012-06-26,1.501,1.2489,116808.0,0.6849,12968.18,859046617.0,20.47,6.177,3.34,-3.3,10.9,74.481114,236484.0,34.42,23.65,19.72,1258.04
2012-06-27,1.564,1.2469,113098.0,0.6849,13302.77,691880220.0,19.96,6.202,3.34,-3.3,10.9,74.986065,231828.0,33.45,24.02,19.45,1261.88
2012-06-28,1.51,1.2438,129292.0,0.6849,13391.3,830634533.0,20.56,6.179,3.34,-3.3,10.9,73.4525264,235159.0,34.58,23.75,19.71,1247.02
2012-06-29,1.579,1.2658,113219.0,0.6849,14274.37,1292116554.0,19.53,5.801,3.34,-3.3,10.9,77.262978,275794.0,35.0,23.95,17.08,1262.2
2012-06-30,1.579,1.2658,113219.0,0.6589,14274.37,1292116554.0,19.53,5.801,3.34,-3.3,10.9,77.262978,275794.0,35.0,23.95,17.08,1262.2
2012-07-02,1.513,1.2585,96592.0,0.6589,14308.79,1008942320.0,19.34,5.734,3.34,-3.3,10.9,77.346364,245472.0,36.38,24.0,16.8,1268.27
2012-07-03,1.536,1.2605,106861.0,0.6589,14494.41,744287093.0,25.23,5.635,3.34,-3.3,10.9,79.8734712,289692.0,36.38,24.45,16.66,1280.45
2012-07-04,1.456,1.2522,104953.0,0.6589,14381.2,579522912.0,25.23,5.772,3.34,-3.3,10.9,79.6753243,79561.0,36.38,24.35,16.66,1289.42
2012-07-05,1.393,1.2392,108740.0,0.6589,14088.74,1084756226.0,18.94,5.966,3.34,-3.3,10.9,81.261879,314932.0,38.22,24.7,17.5,1293.17
2012-07-06,1.33,1.2287,96497.0,0.6589,13732.07,747409793.0,19.46,6.027,3.34,-3.3,10.9,79.9138953,223916.0,37.51,24.6,17.1,1287.46
2012-07-09,1.329,1.2318,100411.0,0.6589,13812.65,743454371.0,19.04,6.095,3.34,-3.3,10.9,81.4417824,225174.0,37.28,24.75,17.98,1287.87
2012-07-10,1.32,1.2249,96677.0,0.6589,13868.27,677345295.0,20.28,5.954,3.34,-3.3,10.9,79.9817283,201849.0,37.68,24.27,18.72,1277.04
2012-07-11,1.273,1.2237,104189.0,0.6589,13861.42,562527766.0,19.22,5.816,3.34,-3.3,10.9,81.9069537,171819.0,35.97,24.0,17.95,1287.82
2012-07-12,1.25,1.2196,108095.0,0.6589,13583.82,655531414.0,19.31,5.907,3.34,-3.3,10.9,82.8713358,175041.0,34.46,23.95,18.33,1288.25
2012-07-13,1.259,1.225,103556.0,0.6589,13714.68,631936954.0,18.52,6.052,3.34,-3.3,10.9,83.592192,110859.0,33.86,24.15,16.74,1296.37
2012-07-15,1.259,1.225,103556.0,0.6589,13714.68,631936954.0,18.52,6.052,3.07,-3.3,11.0,83.592192,110859.0,33.86,24.15,16.74,1296.37
2012-07-16,1.228,1.2272,92454.0,0.6589,13664.81,475685532.0,18.03,6.104,3.07,-3.3,11.0,84.378753,18625.0,34.01,24.1,17.11,1294.7
2012-07-17,1.227,1.2293,111854.0,0.6589,13536.73,592800990.0,17.7,6.029,3.07,-3.3,11.0,84.60088,186276.0,35.36,23.85,16.48,1286.41
2012-07-18,1.201,1.2283,110086.0,0.6589,13594.39,703533053.0,17.35,6.068,3.07,-3.3,11.0,85.6139108,198740.0,34.93,23.8,16.16,1280.48
2012-07-19,1.219,1.2279,113476.0,0.6589,13666.49,727569801.0,16.83,6.003,3.07,-3.3,11.0,87.79232,199489.0,36.74,23.75,15.45,1287.09
2012-07-20,1.167,1.2156,109833.0,0.6589,13067.22,1019484455.0,16.88,6.157,3.07,-3.3,11.0,87.8826312,168455.0,35.33,24.0,16.27,1301.8
2012-07-23,1.172,1.2114,106035.0,0.6589,12706.36,1107554914.0,18.34,6.317,3.07,-3.3,11.0,85.2400974,215644.0,37.23,23.75,18.62,1299.51
2012-07-24,1.236,1.2059,110011.0,0.6589,12362.51,637107686.0,19.6,6.565,3.07,-3.3,11.0,85.7620692,221458.0,36.27,23.5,20.47,1309.41
2012-07-25,1.267,1.2156,116729.0,0.6589,12506.74,570486479.0,19.64,6.446,3.07,-3.3,11.0,85.8671632,217390.0,34.86,23.75,19.34,1319.2
2012-07-26,1.327,1.2281,118963.0,0.6589,13210.04,894904070.0,19.37,6.047,3.07,-3.3,11.0,85.7100602,218010.0,34.1,24.0,17.53,1315.2
2012-07-27,1.394,1.2317,128301.0,0.6589,13596.88,836307516.0,19.11,5.951,3.07,-3.3,11.0,86.4419283,185602.0,32.99,23.75,16.7,1317.19
2012-07-30,1.378,1.226,108864.0,0.6589,13978.04,753487668.0,19.43,6.014,3.07,-3.3,11.0,86.623092,128633.0,33.09,23.8,18.03,1321.35
2012-07-31,1.283,1.2303,113411.0,0.497,13890.99,742684788.0,19.51,6.068,3.07,-3.3,11.0,85.2800252,210359.0,34.53,23.45,18.93,1311.62
2012-08-01,1.37,1.2224,114492.0,0.497,13928.59,555080191.0,19.01,5.922,3.07,-3.3,11.0,86.6816376,206851.0,33.98,24.05,18.96,1307.72
2012-08-02,1.25,1.218,121509.0,0.497,13282.55,1087460292.0,18.05,6.281,3.07,-3.3,11.0,86.946018,259588.0,33.6,23.9,17.57,1303.39
2012-08-03,1.408,1.2385,109235.0,0.497,14124.89,971088010.0,16.65,6.066,3.07,-3.3,11.0,87.9614242,215453.0,33.23,23.85,15.64,1293.35
2012-08-06,1.4,1.24,109473.0,0.497,14342.03,804992638.0,16.35,5.984,3.07,-3.3,11.0,88.3465975,149982.0,32.07,23.75,15.95,1299.03
2012-08-07,1.473,1.24,109486.0,0.497,14655.64,846816208.0,16.48,5.97,3.07,-3.3,11.0,90.3224,177352.0,32.15,24.05,15.99,1299.86
2012-08-08,1.433,1.2364,107424.0,0.497,14665.3,718561303.0,16.25,5.879,3.07,-3.3,11.0,90.698832,188637.0,31.42,23.9,15.32,1303.6
2012-08-09,1.445,1.2305,109976.0,0.497,14654.11,695037502.0,16.19,5.851,3.07,-3.3,11.0,92.0116296,141864.0,30.78,23.95,15.28,1313.66
2012-08-10,1.383,1.2289,109568.0,0.497,14548.64,445733737.0,16.16,5.906,3.07,-3.3,11.0,91.911933,139046.0,30.59,24.83,14.74,1317.5
2012-08-13,1.397,1.2331,99162.0,0.497,14532.87,458032253.0,15.13,5.886,3.07,-3.3,11.0,92.125056,146511.0,29.45,24.88,13.7,1304.84
2012-08-14,1.473,1.2321,110952.0,0.497,14656.87,385221552.0,14.96,5.848,3.07,-3.3,11.0,92.5490286,103775.0,29.84,24.9,14.85,1296.65
2012-08-15,1.563,1.2288,103371.0,0.497,14656.87,385221552.0,14.87,5.775,3.19,-3.5,10.9,94.60425,83421.0,31.18,24.65,14.63,1304.1
2012-08-16,1.533,1.2354,120246.0,0.497,14930.3,745064414.0,15.17,5.793,3.19,-3.5,10.9,94.624705,14433.0,31.73,24.55,14.29,1304.93
2012-08-17,1.489,1.2333,115889.0,0.497,15124.69,1067792394.0,14.7,5.793,3.19,-3.5,10.9,92.1994793,178791.0,31.19,24.9,13.45,1309.55
2012-08-20,1.507,1.2343,102654.0,0.497,14971.88,1216203564.0,14.78,5.781,3.19,-3.5,10.9,92.117466,162566.0,30.5,25.15,14.02,1312.12
2012-08-21,1.562,1.247,112665.0,0.497,15330.46,897699509.0,16.29,5.659,3.19,-3.5,10.9,91.9321088,172395.0,30.64,25.15,15.02,1312.4
2012-08-22,1.456,1.2526,118435.0,0.497,15161.18,863520096.0,17.15,5.652,3.19,-3.5,10.9,91.7372494,203759.0,31.07,25.15,15.11,1320.3
2012-08-23,1.377,1.2562,118987.0,0.497,14953.76,713212125.0,17.94,5.698,3.19,-3.5,10.9,91.5537105,196031.0,31.76,24.9,15.96,1329.12
2012-08-24,1.367,1.2511,111113.0,0.497,14880.68,588920684.0,16.88,5.719,3.19,-3.5,10.9,90.792487,215527.0,32.01,24.95,15.18,1334.19
2012-08-27,1.355,1.2499,95206.0,0.497,15012.87,431285944.0,16.9,5.711,3.19,-3.5,10.9,89.8147356,171394.0,33.42,25.05,16.35,1330.87
2012-08-28,1.338,1.2564,110609.0,0.497,14993.01,517721139.0,16.54,5.815,3.19,-3.5,10.9,89.6046736,191605.0,33.06,24.7,16.49,1326.19
2012-08-29,1.382,1.2529,105892.0,0.497,14943.57,646055700.0,16.5,5.765,3.19,-3.5,10.9,89.823801,181929.0,32.59,24.7,17.06,1321.28
2012-08-30,1.321,1.2504,110050.0,0.497,14780.55,491390521.0,17.14,5.782,3.19,-3.5,10.9,90.090711,157321.0,31.95,24.95,17.83,1323.25
2012-08-31,1.34,1.2575,116219.0,0.3324,15100.48,758471032.0,17.89,5.865,3.19,-3.5,10.9,91.1095011,209495.0,31.4,25.0,17.47,1343.62
2012-09-03,1.38,1.2593,82461.0,0.3324,15267.17,494292264.0,17.89,5.777,3.19,-3.5,10.9,91.9397402,76839.0,31.4,26.0,17.47,1343.04
2012-09-04,1.396,1.2564,104919.0,0.3324,15222.63,662296139.0,17.97,5.663,3.19,-3.5,10.9,90.8781456,216749.0,33.61,25.88,17.98,1348.19
2012-09-05,1.443,1.2599,104243.0,0.3324,15128.08,664895549.0,18.18,5.516,3.19,-3.5,10.9,89.7606639,229600.0,33.64,25.9,17.74,1343.1
2012-09-06,1.53,1.2628,103911.0,0.3324,15780.32,1359415494.0,17.8,5.311,3.19,-3.5,10.9,89.8715961,234049.0,34.07,25.95,15.6,1346.04
2012-09-07,1.522,1.2815,100299.0,0.3324,16110.27,1749693069.0,18.95,5.086,3.19,-3.5,10.9,89.153845,227675.0,32.77,25.6,14.38,1353.84
2012-09-10,1.553,1.2757,97851.0,0.3324,16092.06,951238462.0,19.08,5.181,3.19,-3.5,10.9,89.9972628,149700.0,32.71,25.42,16.28,1352.24
2012-09-11,1.543,1.2854,102594.0,0.3324,16226.66,977736138.0,19.59,5.08,3.19,-3.5,10.9,89.777738,151866.0,32.38,25.25,16.41,1346.81
2012-09-12,1.622,1.2899,102276.0,0.3324,16419.79,1284166944.0,20.15,5.029,3.19,-3.5,10.9,89.89799,135264.0,33.33,25.4,15.8,1341.76
2012-09-13,1.566,1.2988,100899.0,0.3324,16244.28,907958644.0,19.03,5.007,3.19,-3.5,10.9,90.005986,25025.0,32.96,25.55,14.05,1360.59
2012-09-14,1.71,1.3124,105840.0,0.3324,16624.45,1093863516.0,17.87,5.078,3.19,-3.5,10.9,88.8902536,181373.0,34.07,25.7,14.51,1349.32
2012-09-15,1.71,1.3124,105840.0,0.3324,16624.45,1093863516.0,17.87,5.078,3.19,-3.5,11.2,88.8902536,181373.0,34.07,25.7,14.51,1349.32
2012-09-17,1.679,1.3116,93571.0,0.3324,16470.09,797031674.0,18.08,5.162,3.19,-3.5,11.2,86.7569097,212968.0,35.64,25.38,14.59,1342.35
2012-09-18,1.636,1.3046,108301.0,0.3324,16076.03,917456414.0,17.89,5.102,3.19,-3.5,11.2,85.8732356,212109.0,35.81,25.25,14.18,1357.6
2012-09-19,1.614,1.3047,115061.0,0.3324,16100.23,918753814.0,17.69,4.984,3.19,-3.5,11.2,82.9233074,298801.0,36.58,25.15,13.88,1355.46
2012-09-20,1.574,1.2968,123580.0,0.3324,15830.28,913404659.0,17.29,5.04,3.19,-3.5,11.2,84.8474339,250449.0,33.58,25.4,14.07,1361.86
2012-09-21,1.598,1.2979,120284.0,0.3324,15991.1,1025066119.0,17.09,5.113,3.19,-3.5,11.2,85.8468816,161966.0,33.21,25.55,13.98,1365.73
2012-09-24,1.559,1.293,94584.0,0.3324,15867.07,513138838.0,16.94,5.115,3.19,-3.5,11.2,84.927054,187245.0,34.23,25.3,14.15,1363.93
2012-09-25,1.585,1.2898,117962.0,0.3324,15932.6,641291563.0,16.74,5.167,3.19,-3.5,11.2,85.6329895,195935.0,34.35,25.5,15.43,1363.72
2012-09-26,1.454,1.2871,111536.0,0.3324,15408.03,826990375.0,16.31,5.279,3.19,-3.5,11.2,85.4944776,198470.0,35.13,25.6,16.81,1361.28
2012-09-27,1.451,1.2913,123021.0,0.3324,15450.14,744255075.0,17.02,5.183,3.19,-3.5,11.2,86.7416641,226564.0,33.05,25.48,14.84,1375.79
2012-09-28,1.434,1.2858,122005.0,0.3324,15095.84,767790368.0,16.76,5.166,3.19,-3.5,11.2,87.4090747,184797.0,32.45,25.75,15.73,1377.41
2012-09-30,1.434,1.2858,122005.0,0.2463,15095.84,767790368.0,16.76,5.166,3.19,-3.5,11.2,87.4090747,184797.0,32.45,25.75,15.73,1377.41
2012-10-01,1.461,1.2888,122062.0,0.2463,15523.1,702537862.0,16.9,5.141,3.19,-3.5,11.2,87.0504648,161820.0,32.87,26.4,16.32,1374.56
2012-10-02,1.467,1.2918,133711.0,0.2463,15495.79,779245650.0,16.34,5.083,3.19,-3.5,11.2,86.3674527,152721.0,32.53,26.35,15.71,1373.39
2012-10-03,1.447,1.2904,123003.0,0.2463,15535.09,575081077.0,16.59,5.105,3.19,-3.5,11.2,83.8263415,240499.0,35.15,26.4,15.43,1377.75
2012-10-04,1.446,1.3017,126340.0,0.2463,15511.25,659019834.0,17.27,5.134,3.19,-3.5,11.2,86.4873334,240031.0,33.39,26.35,14.55,1373.59
2012-10-05,1.528,1.3033,107259.0,0.2463,15876.25,755958851.0,15.88,5.046,3.19,-3.5,11.2,85.9507056,237738.0,32.76,26.7,14.33,1366.24
2012-10-08,1.473,1.2969,98822.0,0.2463,15562.0,509721008.0,16.13,5.077,3.19,-3.5,11.2,86.2210474,168659.0,34.05,26.95,15.11,1368.62
2012-10-09,1.477,1.2884,104465.0,0.2463,15504.65,723840288.0,15.72,5.108,3.19,-3.5,11.2,88.87032,213793.0,34.5,26.75,16.37,1369.0
2012-10-10,1.491,1.2874,113447.0,0.2463,15440.63,588965819.0,15.53,5.102,3.19,-3.5,11.2,88.8069708,180307.0,35.09,26.65,16.29,1369.67
2012-10-11,1.512,1.2926,114742.0,0.2463,15634.45,773327609.0,15.31,5.015,3.19,-3.5,11.2,89.5167273,144677.0,34.52,26.48,15.59,1366.21
2012-10-12,1.459,1.295,101524.0,0.2463,15511.94,678358616.0,15.72,4.976,3.19,-3.5,11.2,88.509564,119845.0,33.69,26.4,16.14,1353.52
2012-10-15,1.476,1.2948,84094.0,0.2463,15590.72,539501543.0,15.47,4.98,2.54,-3.5,11.7,89.434656,108784.0,33.84,26.3,15.27,1341.31
2012-10-16,1.544,1.3052,100152.0,0.2463,15985.16,881187636.0,15.12,4.935,2.54,-3.5,11.7,88.1631819,20621.0,33.54,26.42,15.22,1335.77
2012-10-17,1.633,1.3117,106222.0,0.2463,16233.84,978033795.0,14.64,4.762,2.54,-3.5,11.7,86.3155314,197956.0,32.25,26.6,15.07,1333.15
2012-10-18,1.63,1.3065,107919.0,0.2463,16185.45,989622411.0,14.73,4.772,2.54,-3.5,11.7,86.046268,212561.0,30.83,26.85,15.03,1332.31
2012-10-19,1.602,1.3021,99931.0,0.2463,15862.31,764928001.0,15.1,4.774,2.54,-3.5,11.7,84.5864186,231128.0,31.91,27.3,17.06,1320.02
2012-10-22,1.617,1.3059,85574.0,0.2463,15866.78,674054474.0,14.88,4.772,2.54,-3.5,11.7,83.8047744,218731.0,33.13,27.75,16.62,1323.36
2012-10-23,1.575,1.2985,103505.0,0.2463,15578.95,684264676.0,15.8,4.865,2.54,-3.5,11.7,83.36549,254992.0,34.28,27.7,18.83,1313.67
2012-10-24,1.57,1.2971,105107.0,0.2463,15706.56,649201000.0,15.7,4.836,2.54,-3.5,11.7,83.1469575,233367.0,33.61,27.55,18.33,1311.52
2012-10-25,1.579,1.2933,107382.0,0.2463,15528.47,688334316.0,15.36,4.857,2.54,-3.5,11.7,83.8866378,216599.0,32.27,27.3,18.12,1322.11
2012-10-26,1.544,1.2939,98566.0,0.2463,15584.86,721323207.0,14.92,4.9,2.54,-3.5,11.7,84.666813,210558.0,32.21,27.85,17.81,1321.24
2012-10-29,1.455,1.2902,78394.0,0.2463,15349.12,554217541.0,14.92,5.004,2.54,-3.5,11.7,84.8236608,170595.0,32.21,27.7,17.81,1324.07
2012-10-30,1.476,1.2956,84830.0,0.2463,15521.77,448057654.0,14.92,4.992,2.54,-3.5,11.7,84.1923072,147694.0,32.21,27.5,17.81,1318.28
2012-10-31,1.459,1.2958,90412.0,0.2079,15539.71,576230737.0,14.99,4.971,2.54,-3.5,11.7,83.885964,174268.0,32.18,27.13,18.6,1326.9
2012-11-01,1.462,1.2942,71311.0,0.2079,15806.73,508139512.0,14.49,4.919,2.54,-3.5,11.7,83.5807956,205329.0,31.29,27.1,16.69,1324.39
2012-11-02,1.452,1.2836,84923.0,0.2079,15769.28,581088261.0,16.2,4.946,2.54,-3.5,11.7,82.3310608,234748.0,32.42,27.1,17.59,1306.92
2012-11-05,1.426,1.2795,89035.0,0.2079,15544.4,452500807.0,17.48,5.014,2.54,-3.5,11.7,84.1974588,217322.0,32.1,26.9,18.42,1316.25
2012-11-06,1.433,1.2813,110730.0,0.2079,15683.71,394168888.0,18.0,4.909,2.54,-3.5,11.7,86.6856922,259929.0,32.02,27.25,17.58,1338.81
2012-11-07,1.378,1.277,121231.0,0.2079,15291.78,666042314.0,16.69,4.917,2.54,-3.5,11.7,83.6496738,265328.0,33.98,27.1,19.08,1344.18
2012-11-08,1.365,1.2745,110635.0,0.2079,15194.08,688931162.0,17.02,5.003,2.54,-3.5,11.7,84.150495,200132.0,33.51,27.1,18.49,1358.42
2012-11-09,1.344,1.2708,102288.0,0.2079,15181.0,682681352.0,16.07,4.991,2.54,-3.5,11.7,86.087954,201017.0,31.54,27.2,18.61,1361.88
2012-11-12,1.346,1.2707,100712.0,0.2079,15121.7,681410175.0,15.66,5.017,2.54,-3.5,11.7,85.8348179,180987.0,30.0,27.35,16.68,1359.23
2012-11-13,1.347,1.2702,118174.0,0.2079,15333.15,874358394.0,14.54,5.005,2.54,-3.5,11.7,85.2309328,140008.0,31.27,27.27,16.65,1357.52
2012-11-14,1.341,1.2734,116307.0,0.2079,15252.93,768600312.0,14.94,4.959,2.54,-3.5,11.7,86.076733,113913.0,31.5,27.13,17.92,1354.18
2012-11-15,1.341,1.2778,119704.0,0.2079,15162.82,575576540.0,14.26,4.898,2.54,-3.3,11.7,86.852948,21030.0,30.54,27.48,17.99,1341.97
2012-11-16,1.318,1.2742,105563.0,0.2079,14855.79,702126647.0,13.28,4.878,2.54,-3.3,11.7,85.5050495,200902.0,31.1,27.65,16.41,1344.22
2012-11-19,1.354,1.2811,103595.0,0.2079,15308.96,534691554.0,13.61,4.883,2.54,-3.3,11.7,87.190786,232659.0,30.97,27.6,15.24,1351.62
2012-11-20,1.416,1.2816,103307.0,0.2079,15269.99,492165443.0,13.52,4.883,2.54,-3.3,11.7,85.6970541,236766.0,29.83,27.57,15.08,1347.79
2012-11-21,1.436,1.2828,114424.0,0.2079,15394.62,585048062.0,13.22,4.837,2.54,-3.3,11.7,86.4198044,192519.0,29.49,27.67,15.31,1347.56
2012-11-22,1.435,1.2882,106681.0,0.2079,15553.62,355435174.0,13.22,4.791,2.54,-3.3,11.7,85.817754,55283.0,29.49,27.68,15.31,1341.7
2012-11-23,1.438,1.2975,87018.0,0.2079,15635.89,423654605.0,15.48,4.741,2.54,-3.3,11.7,85.8416798,103820.0,29.49,27.65,15.14,1350.88
2012-11-26,1.412,1.2972,100002.0,0.2079,15520.14,408325037.0,13.18,4.761,2.54,-3.3,11.7,85.5071188,134485.0,29.38,27.4,15.5,1348.08
2012-11-27,1.436,1.2944,98384.0,0.2079,15479.81,502704525.0,13.68,4.75,2.54,-3.3,11.7,84.8811672,178244.0,28.65,27.45,15.92,1346.23
2012-11-28,1.374,1.2951,99742.0,0.2079,15453.43,610906421.0,13.7,4.592,2.54,-3.3,11.7,84.5570514,192924.0,28.69,27.4,15.51,1328.24
2012-11-29,1.376,1.2977,100533.0,0.2079,15887.99,847883079.0,12.67,4.569,2.54,-3.3,11.7,85.3505484,254908.0,28.28,27.33,15.06,1329.72
2012-11-30,1.383,1.2984,105941.0,0.192,15808.24,656365455.0,13.24,4.494,2.54,-3.3,11.7,85.6671214,162851.0,27.62,27.45,15.87,1318.37
2012-12-03,1.409,1.3053,96002.0,0.192,15876.06,676664317.0,13.4,4.441,2.54,-3.3,11.7,84.9769212,195733.0,28.39,27.98,16.64,1314.33
2012-12-04,1.392,1.3093,106721.0,0.192,16041.54,792995974.0,13.95,4.42,2.54,-3.3,11.7,83.8924968,213909.0,28.84,28.15,17.12,1295.78
2012-12-05,1.338,1.3066,97566.0,0.192,15954.43,899214053.0,14.0,4.458,2.54,-3.3,11.7,83.2777335,184649.0,29.13,28.5,16.46,1294.7
2012-12-06,1.296,1.2967,104173.0,0.192,15835.22,949061357.0,14.07,4.592,2.54,-3.3,11.7,82.5404657,215283.0,29.89,28.15,16.58,1309.68
2012-12-07,1.296,1.2924,93194.0,0.192,15699.22,675954304.0,13.87,4.534,2.54,-3.3,11.7,82.806725,181184.0,29.65,28.08,15.9,1318.46
2012-12-10,1.304,1.294,85797.0,0.192,15354.01,1065031975.0,14.2,4.82,2.54,-3.3,11.7,82.944624,168702.0,30.32,27.7,16.05,1322.07
2012-12-11,1.321,1.3004,94066.0,0.192,15585.61,639280447.0,14.16,4.719,2.54,-3.3,11.7,83.0586099,160055.0,29.94,27.5,15.57,1314.47
2012-12-12,1.338,1.3072,91055.0,0.192,15764.98,698087942.0,13.34,4.644,2.54,-3.3,11.7,83.766405,169434.0,29.13,27.52,15.95,1309.53
2012-12-13,1.351,1.3076,91341.0,0.192,15866.29,791121486.0,13.01,4.641,2.54,-3.3,11.7,82.5252516,77622.0,29.63,27.38,16.56,1296.8
2012-12-14,1.355,1.3161,94100.0,0.192,15908.09,605525726.0,12.6,4.597,2.54,-3.3,11.7,82.934353,16502.0,29.32,27.48,17.0,1287.83
2012-12-15,1.355,1.3161,94100.0,0.192,15908.09,605525726.0,12.6,4.597,2.28,-3.3,11.6,82.934353,16502.0,29.32,27.48,17.0,1287.83
2012-12-17,1.37,1.3163,93178.0,0.192,16004.73,804036754.0,11.97,4.564,2.28,-3.3,11.6,81.7751844,129067.0,28.95,27.33,16.34,1289.53
2012-12-18,1.418,1.3229,95261.0,0.192,16155.14,995086154.0,13.69,4.45,2.28,-3.3,11.6,82.2743328,137271.0,28.56,27.45,15.57,1263.89
2012-12-19,1.424,1.3226,97104.0,0.192,16332.5,973895568.0,13.73,4.39,2.28,-3.3,11.6,83.4420924,162393.0,27.64,27.38,17.36,1260.03
2012-12-20,1.42,1.3242,96973.0,0.192,16399.36,812232065.0,14.53,4.419,2.28,-3.3,11.6,83.219734,136538.0,27.61,27.3,17.67,1244.12
2012-12-21,1.38,1.3185,101389.0,0.192,16333.95,876631124.0,13.82,4.474,2.28,-3.3,11.6,82.6472068,132659.0,28.88,27.15,17.84,1256.22
2012-12-24,1.38,1.3186,74765.0,0.192,16333.95,876631124.0,13.21,4.498,2.28,-3.3,11.6,82.511744,49454.0,28.88,26.5,17.84,1256.15
2012-12-25,1.38,1.3182,24928.0,0.192,16333.95,876631124.0,13.21,4.498,2.28,-3.3,11.6,82.511744,49454.0,28.88,26.5,17.84,1257.23
2012-12-26,1.38,1.3223,57657.0,0.192,16333.95,876631124.0,13.56,4.501,2.28,-3.3,11.6,83.9977982,75293.0,28.73,26.5,19.48,1254.56
2012-12-27,1.327,1.3235,81182.0,0.192,16408.28,673748291.0,14.83,4.532,2.28,-3.3,11.6,83.717156,104800.0,28.08,26.35,19.47,1256.84
2012-12-28,1.306,1.3214,80134.0,0.192,16273.38,556289129.0,15.3,4.507,2.28,-3.3,11.6,83.7138974,117894.0,28.88,26.3,22.72,1251.85
2012-12-31,1.306,1.3194,75722.0,0.1855,16273.38,556289129.0,14.38,4.53,2.28,-3.3,11.6,84.2124912,98677.0,28.45,26.35,18.02,1268.07
2013-01-01,1.306,1.3204,6209.0,0.1855,16273.38,556289129.0,14.38,4.53,2.28,-3.3,11.6,84.2124912,98677.0,28.45,26.35,18.02,1269.17
2013-01-02,1.442,1.3184,101883.0,0.1855,16893.39,998288162.0,13.43,4.276,2.28,-3.3,11.6,85.308495,183135.0,27.8,26.6,14.68,1278.15
2013-01-03,1.474,1.3046,92571.0,0.1855,16909.83,754308731.0,13.72,4.248,2.28,-3.3,11.6,85.9575528,190290.0,26.83,27.1,14.56,1275.13
2013-01-04,1.545,1.3067,94858.0,0.1855,16959.78,1521378015.0,13.78,4.26,2.28,-3.3,11.6,85.1844299,191334.0,26.03,27.23,13.83,1266.94
2013-01-07,1.517,1.3115,87722.0,0.1855,16895.66,1992093876.0,14.51,4.348,2.28,-3.3,11.6,84.941386,203500.0,25.04,27.7,13.79,1255.94
2013-01-08,1.489,1.308,86884.0,0.1855,16951.14,1340577670.0,14.08,4.289,2.28,-3.3,11.6,85.5814882,194000.0,24.3,27.52,13.62,1267.42
2013-01-09,1.481,1.3063,98418.0,0.1855,17326.27,1640638331.0,14.16,4.275,2.28,-3.3,11.6,85.5545152,171953.0,24.6,27.68,13.81,1268.48
2013-01-10,1.554,1.3269,95769.0,0.1855,17451.07,1603462194.0,13.27,4.162,2.28,-3.3,11.6,84.3247796,196974.0,24.59,27.2,13.49,1262.42
2013-01-11,1.584,1.3343,96672.0,0.1855,17502.39,1089950568.0,13.79,4.127,2.28,-3.3,11.6,82.9202544,168066.0,24.57,27.13,13.36,1246.18
2013-01-14,1.547,1.3382,102079.0,0.1855,17391.24,1326830252.0,13.78,4.197,2.28,-3.3,11.6,83.6045676,110228.0,25.72,26.75,13.52,1245.98
2013-01-15,1.502,1.3303,113846.0,0.1855,17467.48,1084055565.0,13.76,4.219,2.27,-3.3,12.1,82.913613,101258.0,25.7,26.75,13.55,1261.39
2013-01-16,1.5,1.3289,115432.0,0.1855,17339.95,1095451811.0,14.49,4.183,2.27,-3.3,12.1,83.234025,19705.0,24.39,26.83,13.42,1263.67
2013-01-17,1.541,1.3374,108681.0,0.1855,17587.35,923613223.0,14.9,4.181,2.27,-3.3,12.1,83.071692,206285.0,23.99,27.0,13.57,1261.46
2013-01-18,1.558,1.3317,102897.0,0.1855,17554.13,977538665.0,13.8,4.161,2.27,-3.3,12.1,84.0204388,182511.0,21.98,26.45,12.46,1264.76
2013-01-21,1.595,1.3312,89435.0,0.1855,17631.99,623066571.0,13.8,4.225,2.27,-3.3,12.1,83.916552,74581.0,21.98,26.02,12.46,1269.29
2013-01-22,1.576,1.332,103545.0,0.1855,17715.9,1364301769.0,12.71,4.193,2.27,-3.3,12.1,84.399315,207850.0,21.67,26.4,12.43,1269.88
2013-01-23,1.545,1.3316,91812.0,0.1855,17579.0,1547466432.0,12.46,4.191,2.27,-3.3,12.1,84.710544,239710.0,22.75,26.15,12.46,1265.49
2013-01-24,1.574,1.3374,96546.0,0.1855,17756.63,1555765363.0,13.03,4.163,2.27,-3.3,12.1,84.7017216,211582.0,22.48,25.83,12.69,1247.02
2013-01-25,1.638,1.346,98676.0,0.1855,17726.89,2332386429.0,14.08,4.128,2.27,-3.3,12.1,84.1602432,204354.0,22.52,25.55,12.89,1232.25
2013-01-28,1.696,1.3455,88268.0,0.1855,17897.41,1716302162.0,14.39,4.201,2.27,-3.3,12.1,84.3406056,172156.0,22.98,26.05,13.57,1230.55
2013-01-29,1.692,1.3491,95379.0,0.1855,17891.91,1217094596.0,13.59,4.161,2.27,-3.3,12.1,84.7670628,208914.0,22.97,25.77,13.31,1232.4
2013-01-30,1.717,1.3567,101992.0,0.1855,17289.91,1360258277.0,13.21,4.292,2.27,-3.3,12.1,84.690492,200605.0,22.88,25.63,14.32,1235.81
2013-01-31,1.677,1.3578,94516.0,0.2049,17439.06,1359877101.0,13.76,4.313,2.27,-3.3,12.1,85.1014195,195486.0,22.54,25.7,14.28,1224.41
2013-02-01,1.665,1.3639,100698.0,0.2049,17318.94,1398435091.0,13.32,4.327,2.27,-3.3,12.1,85.6072644,245847.0,22.4,25.73,12.9,1221.13
2013-02-04,1.62,1.3513,89551.0,0.2049,16539.0,1244961739.0,13.78,4.476,2.27,-3.3,12.1,85.547468,214963.0,23.96,25.92,14.67,1238.1
2013-02-05,1.661,1.3581,100222.0,0.2049,16712.26,1192465661.0,13.03,4.451,2.27,-3.3,12.1,85.7960064,227098.0,23.06,25.9,13.72,1231.12
2013-02-06,1.634,1.352,94616.0,0.2049,16602.85,1306301823.0,13.57,4.559,2.27,-3.3,12.1,86.3381772,207777.0,23.39,25.6,13.41,1240.48
2013-02-07,1.605,1.3396,94480.0,0.2049,16400.56,1385162261.0,13.59,4.575,2.27,-3.3,12.1,87.5184876,242302.0,23.3,25.9,13.5,1246.87
2013-02-08,1.61,1.3363,88646.0,0.2049,16630.5,1066906711.0,13.14,4.557,2.27,-3.3,12.1,88.976437,206475.0,23.08,26.0,13.02,1247.77
2013-02-11,1.611,1.3406,78215.0,0.2049,16529.87,914334482.0,14.38,4.616,2.27,-3.3,12.1,88.1167109,141275.0,21.68,25.7,12.94,1230.04
2013-02-12,1.641,1.3453,86628.0,0.2049,16644.45,866931039.0,14.06,4.507,2.27,-3.3,12.1,88.2035378,98003.0,20.7,25.73,12.64,1227.21
2013-02-13,1.678,1.3453,90247.0,0.2049,16712.15,833679596.0,14.7,4.386,2.27,-3.3,12.1,88.2481376,27822.0,21.0,25.65,12.98,1221.06
2013-02-14,1.636,1.336,96765.0,0.2049,16544.95,756583322.0,14.72,4.391,2.27,-3.3,12.1,88.323,186862.0,20.21,25.85,12.66,1224.03
2013-02-15,1.659,1.3362,91947.0,0.2049,16489.8,616596263.0,15.9,4.376,1.89,-3.1,12.1,88.0555674,216482.0,22.59,25.65,12.46,1203.62
2013-02-18,1.631,1.3351,77256.0,0.2049,16406.03,528335858.0,15.9,4.404,1.89,-3.1,12.1,87.9187938,60363.0,22.59,25.58,12.46,1205.66
2013-02-19,1.62,1.3386,85860.0,0.2049,16664.42,704981635.0,15.75,4.401,1.89,-3.1,12.1,87.793316,134903.0,22.44,25.35,12.31,1198.14
2013-02-20,1.662,1.328,95084.0,0.2049,16527.5,652652645.0,18.59,4.422,1.89,-3.1,12.1,87.047956,219241.0,24.97,25.3,14.68,1177.8
2013-02-21,1.58,1.3188,93376.0,0.2049,16009.55,905497859.0,16.9,4.492,1.89,-3.1,12.1,86.0863931,248788.0,27.13,25.6,15.22,1194.64
2013-02-22,1.568,1.3188,83896.0,0.2049,16233.28,769930224.0,16.26,4.449,1.89,-3.1,12.1,86.518607,173497.0,24.58,25.75,14.17,1197.71
2013-02-25,1.577,1.3062,100780.0,0.2049,16351.99,1391728391.0,17.48,4.389,1.89,-3.1,12.1,87.6129752,190535.0,26.22,25.65,18.99,1219.57
2013-02-26,1.457,1.3061,101072.0,0.2049,15552.2,1581231510.0,15.61,4.89,1.89,-3.1,12.1,86.2952844,257230.0,25.9,25.73,16.87,1235.37
2013-02-27,1.45,1.3138,99778.0,0.2049,15827.02,861044114.0,15.57,4.805,1.89,-3.1,12.1,85.1498505,220008.0,24.33,25.9,14.73,1214.61
2013-02-28,1.458,1.3056,91594.0,0.2234,15921.25,804148837.0,15.79,4.733,1.89,-3.1,12.1,85.3092834,224447.0,23.61,26.3,15.51,1208.62
2013-03-01,1.413,1.302,83514.0,0.2234,15675.37,769410633.0,15.75,4.786,1.89,-3.1,12.1,84.79272,251904.0,23.68,26.1,15.36,1209.88
2013-03-04,1.419,1.3025,76679.0,0.2234,15542.17,686691934.0,16.03,4.873,1.89,-3.1,12.1,84.5215975,226779.0,24.28,26.5,14.01,1208.34
2013-03-05,1.45,1.305,81274.0,0.2234,15974.3,722822006.0,15.47,4.728,1.89,-3.1,12.1,85.5245108,233647.0,22.41,26.48,13.48,1207.16
2013-03-06,1.454,1.2965,77070.0,0.2234,15899.7,748020030.0,15.05,4.661,1.89,-3.1,12.1,85.6616886,201766.0,22.52,26.38,13.53,1217.3
2013-03-07,1.494,1.3104,81000.0,0.2234,15947.17,927154904.0,14.84,4.594,1.89,-3.1,12.1,84.8218995,213074.0,21.29,26.3,13.06,1203.53
2013-03-08,1.526,1.3004,77617.0,0.2234,16204.03,811085619.0,13.54,4.587,1.89,-3.1,12.1,85.2425415,228947.0,20.8,26.35,12.59,1213.38
2013-03-11,1.51,1.3043,78726.0,0.2234,16091.98,528498614.0,12.96,4.633,1.89,-3.1,12.1,84.5045718,164821.0,19.42,26.5,11.56,1211.63
2013-03-12,1.481,1.3032,91995.0,0.2234,16023.98,683812255.0,12.07,4.6,1.89,-3.1,12.1,84.138831,146001.0,18.77,26.42,12.27,1222.09
2013-03-13,1.476,1.296,89794.0,0.2234,15745.34,798240952.0,12.24,4.676,1.89,-3.1,12.1,83.734032,106228.0,19.09,26.35,11.83,1224.86
2013-03-14,1.475,1.3004,82486.0,0.2234,16131.05,905645877.0,12.59,4.651,1.89,-3.1,12.1,84.1428858,18266.0,18.36,26.28,11.3,1222.3
2013-03-15,1.452,1.3074,85284.0,0.2234,16061.15,1115985461.0,12.43,4.602,1.63,-3.1,12.0,83.9991216,186110.0,18.76,26.15,11.3,1216.91
2013-03-18,1.404,1.2954,94859.0,0.2234,15924.13,876101749.0,13.3,4.629,1.63,-3.1,12.0,84.5373396,180934.0,19.45,26.35,13.36,1238.48
2013-03-19,1.35,1.2881,88957.0,0.2234,15670.56,870929827.0,14.52,4.707,1.63,-3.1,12.0,83.417733,226677.0,21.14,26.65,14.39,1251.98
2013-03-20,1.387,1.2932,82311.0,0.2234,16015.98,877365567.0,13.33,4.629,1.63,-3.1,12.0,84.0710016,169060.0,19.58,26.85,12.67,1241.22
2013-03-21,1.364,1.2897,85359.0,0.2234,15935.99,752659460.0,13.37,4.589,1.63,-3.1,12.0,83.3290139,190904.0,19.74,26.9,13.99,1251.22
2013-03-22,1.378,1.2985,85198.0,0.2234,16045.51,730778141.0,12.89,4.523,1.63,-3.1,12.0,82.9111192,174361.0,19.11,27.2,13.57,1237.71
2013-03-25,1.344,1.2851,80056.0,0.2234,15644.36,1049713598.0,12.99,4.584,1.63,-3.1,12.0,84.1724855,199228.0,19.08,28.15,13.74,1248.46
2013-03-26,1.341,1.286,98109.0,0.2234,15495.92,1096902640.0,12.48,4.595,1.63,-3.1,12.0,85.038336,207409.0,17.81,28.35,12.77,1243.78
2013-03-27,1.278,1.278,98656.0,0.2234,15353.85,1212217947.0,12.33,4.757,1.63,-3.1,12.0,85.8291343,217522.0,17.95,28.35,13.15,1255.78
2013-03-28,1.282,1.2814,94467.0,0.2234,15338.72,852881929.0,12.41,4.766,1.63,-3.1,12.0,85.859608,164972.0,18.19,29.35,12.7,1245.16
2013-03-29,1.282,1.2818,44898.0,0.2234,15338.72,852881929.0,12.41,4.783,1.63,-3.1,12.0,85.859608,164972.0,18.19,29.35,12.7,1245.8
2013-03-31,1.282,1.2818,44898.0,0.2061,15338.72,852881929.0,12.41,4.783,1.63,-3.1,12.0,85.859608,164972.0,18.19,29.35,12.7,1245.8
2013-04-01,1.282,1.2847,57370.0,0.2061,15338.72,852881929.0,13.13,4.781,1.63,-3.1,12.0,86.4635612,102143.0,19.2,29.35,13.58,1244.38
2013-04-02,1.305,1.2818,92222.0,0.2061,15555.03,978216743.0,13.73,4.623,1.63,-3.1,12.0,86.3548035,205635.0,19.33,26.92,12.78,1229.11
2013-04-03,1.29,1.285,86507.0,0.2061,15200.3,735065660.0,15.21,4.599,1.63,-3.1,12.0,83.3540731,304648.0,21.74,27.3,14.21,1212.51
2013-04-04,1.25,1.2935,96680.0,0.2061,15154.02,1049801789.0,16.03,4.564,1.63,-3.1,12.0,82.211454,284409.0,21.84,27.35,13.89,1200.8
2013-04-05,1.21,1.2989,95628.0,0.2061,15250.42,931629419.0,14.46,4.424,1.63,-3.1,12.0,80.1599056,273972.0,21.39,27.3,13.92,1217.19
2013-04-08,1.237,1.3007,89974.0,0.2061,15243.39,605729753.0,14.22,4.341,1.63,-3.1,12.0,80.4647012,245683.0,21.01,26.9,13.19,1207.78
2013-04-09,1.262,1.3081,95475.0,0.2061,15436.07,783224434.0,13.54,4.358,1.63,-3.1,12.0,81.2096481,173294.0,20.64,27.1,12.84,1211.2
2013-04-10,1.304,1.3068,92517.0,0.2061,15928.64,1093375930.0,15.15,4.308,1.63,-3.1,12.0,80.9536817,136064.0,20.55,27.1,12.36,1192.13
2013-04-11,1.308,1.3102,95942.0,0.2061,16020.91,1055648834.0,15.29,4.327,1.63,-3.1,12.0,79.5830348,116868.0,21.2,27.2,12.24,1190.81
2013-04-12,1.259,1.3111,88998.0,0.2061,15780.08,949867061.0,21.32,4.337,1.63,-3.1,12.0,78.6440592,121488.0,22.59,27.23,12.06,1127.65
2013-04-15,1.248,1.3034,91060.0,0.2061,15628.95,675483301.0,34.48,4.342,1.12,-3.1,12.2,77.0212158,23654.0,29.84,27.15,17.27,1036.32
2013-04-16,1.274,1.3176,108468.0,0.2061,15533.04,817817625.0,30.02,4.319,1.12,-3.1,12.2,75.8276936,328741.0,27.32,27.13,13.96,1038.12
2013-04-17,1.23,1.3028,110199.0,0.2061,15383.76,825935017.0,26.93,4.25,1.12,-3.1,12.2,74.9848902,292116.0,31.14,26.75,16.51,1056.22
2013-04-18,1.234,1.305,105878.0,0.2061,15480.56,849433286.0,24.57,4.248,1.12,-3.1,12.2,75.9613364,306939.0,28.53,26.63,17.56,1065.63
2013-04-19,1.252,1.3051,90312.0,0.2061,15760.78,1015386497.0,24.37,4.226,1.12,-3.1,12.2,76.353823,175359.0,27.57,26.58,14.97,1075.42
2013-04-22,1.229,1.3066,83080.0,0.2061,16021.71,922196886.0,23.28,4.074,1.12,-3.1,12.2,76.8334865,210037.0,25.07,26.27,14.39,1091.42
2013-04-23,1.252,1.2998,92638.0,0.2061,16490.77,1134242708.0,23.68,3.951,1.12,-3.1,12.2,77.1734985,242743.0,24.43,26.4,13.48,1086.33
2013-04-24,1.239,1.3015,91199.0,0.2061,16563.43,1072971568.0,21.49,4.006,1.12,-3.1,12.2,78.1632282,204010.0,23.26,26.58,13.61,1099.13
2013-04-25,1.242,1.3012,84898.0,0.2061,16649.75,528327838.0,22.35,4.064,1.12,-3.1,12.2,79.4726532,280396.0,22.68,26.58,13.62,1127.73
2013-04-26,1.209,1.3026,82695.0,0.2061,16565.25,619428924.0,24.21,4.07,1.12,-3.1,12.2,79.195932,196481.0,22.51,26.42,13.61,1122.07
2013-04-29,1.199,1.3097,78077.0,0.2061,16929.68,982526549.0,23.16,3.915,1.12,-3.1,12.2,79.2620493,200113.0,23.44,26.4,13.71,1126.78
2013-04-30,1.211,1.3166,85178.0,0.2089,16767.66,878345680.0,22.09,3.893,1.12,-3.1,12.2,77.7530861,253918.0,24.57,26.25,13.52,1120.96
2013-05-01,1.211,1.3177,71334.0,0.2089,16767.66,878345680.0,22.93,3.911,1.12,-3.1,12.2,75.852055,267098.0,26.68,26.3,14.49,1105.33
2013-05-02,1.168,1.3063,86733.0,0.2089,16748.28,945400589.0,22.06,3.785,1.12,-3.1,12.2,78.733732,287671.0,24.49,26.23,13.59,1122.85
2013-05-03,1.245,1.3113,87105.0,0.2089,16922.29,663027009.0,20.37,3.819,1.12,-3.1,12.2,79.455294,257172.0,24.01,26.33,12.85,1120.79
2013-05-06,1.243,1.3074,66862.0,0.2089,16862.99,406600274.0,20.37,3.871,1.12,-3.1,12.2,80.6642448,135080.0,25.16,26.33,12.66,1124.0
2013-05-07,1.297,1.3077,70415.0,0.2089,17121.87,991211269.0,22.07,3.819,1.12,-3.1,12.2,79.83468,264561.0,24.38,26.6,12.83,1110.19
2013-05-08,1.27,1.3151,75109.0,0.2089,17255.57,797027872.0,20.64,3.841,1.12,-3.1,12.2,79.340136,229321.0,22.64,26.38,12.66,1119.74
2013-05-09,1.269,1.3041,87028.0,0.2089,17090.62,976520548.0,21.62,3.884,1.12,-3.1,12.2,80.1086407,197071.0,23.24,26.4,13.13,1117.5
2013-05-10,1.386,1.2992,89944.0,0.2089,17284.03,1029746199.0,23.95,3.895,1.12,-3.1,12.2,79.979527,215453.0,22.83,26.15,12.59,1113.89
2013-05-13,1.357,1.2975,89798.0,0.2089,17171.52,694885585.0,25.04,3.98,1.12,-3.1,12.2,79.2444022,173550.0,23.66,26.15,12.55,1102.16
2013-05-14,1.374,1.2918,99501.0,0.2089,17315.25,827390433.0,25.06,4.023,1.12,-3.1,12.2,79.423686,160028.0,24.12,26.3,12.77,1102.12
2013-05-15,1.379,1.2886,98056.0,0.2089,17492.97,1252903674.0,28.01,4.018,1.12,-2.3,12.4,80.4598272,106542.0,24.48,26.3,12.81,1080.32
2013-05-16,1.33,1.2881,91693.0,0.2089,17544.01,1179026264.0,27.18,3.976,1.12,-2.3,12.4,80.584092,26354.0,24.39,26.5,13.07,1075.88
2013-05-17,1.316,1.2838,80069.0,0.2089,17604.61,956213136.0,28.34,3.9,1.12,-2.3,12.4,81.5082816,193728.0,22.82,26.55,12.45,1058.75
2013-05-20,1.373,1.2882,77542.0,0.2089,17506.87,638986298.0,26.66,3.905,1.12,-2.3,12.4,81.354144,164956.0,23.44,26.83,13.02,1081.52
2013-05-21,1.405,1.2905,99864.0,0.2089,17427.47,883822676.0,27.18,3.932,1.12,-2.3,12.4,80.5188199,179064.0,23.11,26.8,13.37,1065.49
2013-05-22,1.373,1.2856,106351.0,0.2089,17545.46,865722280.0,27.61,3.913,1.12,-2.3,12.4,79.80741,207418.0,24.45,26.7,13.82,1064.44
2013-05-23,1.404,1.2935,107787.0,0.2089,17008.42,955450883.0,26.08,4.032,1.12,-2.3,12.4,79.196364,230369.0,23.3,26.67,14.07,1075.23
2013-05-24,1.431,1.2929,100894.0,0.2089,16896.81,749919910.0,24.9,4.153,1.12,-2.3,12.4,79.3879344,136626.0,22.57,26.67,13.99,1071.16
2013-05-27,1.458,1.2929,68893.0,0.2089,17159.15,402883248.0,24.9,4.052,1.12,-2.3,12.4,79.3724652,21120.0,22.57,26.67,13.99,1077.91
2013-05-28,1.509,1.2854,107024.0,0.2089,17519.79,812969555.0,24.86,4.052,1.12,-2.3,12.4,81.0878131,195121.0,22.95,26.4,14.48,1073.4
2013-05-29,1.541,1.2938,105752.0,0.2089,17237.1,702534683.0,22.76,4.188,1.12,-2.3,12.4,79.1701956,209651.0,24.04,26.48,14.83,1075.57
2013-05-30,1.517,1.3048,94794.0,0.2089,17350.96,751150222.0,21.43,4.116,1.12,-2.3,12.4,78.318416,232908.0,24.21,26.5,14.53,1083.03
2013-05-31,1.511,1.2995,91799.0,0.2012,17214.08,1242599392.0,22.63,4.163,1.12,-2.3,12.4,77.2531167,215275.0,24.41,26.6,16.3,1066.38
2013-06-03,1.521,1.3075,86989.0,0.2012,17058.05,844024840.0,21.68,4.151,1.12,-2.3,12.4,78.0575292,255705.0,24.79,26.15,16.28,1078.64
2013-06-04,1.551,1.3078,89061.0,0.2012,17135.48,673438563.0,22.32,4.102,1.12,-2.3,12.4,78.9414336,300888.0,24.64,26.1,16.27,1069.4
2013-06-05,1.515,1.3093,90255.0,0.2012,16971.17,1019023629.0,22.65,4.145,1.12,-2.3,12.4,78.6988608,202946.0,24.49,26.13,17.5,1070.47
2013-06-06,1.536,1.3245,97598.0,0.2012,16525.07,1283924429.0,22.33,4.341,1.12,-2.3,12.4,78.22555,173414.0,23.89,25.9,16.63,1066.77
2013-06-07,1.546,1.3222,100124.0,0.2012,16691.06,958310726.0,23.58,4.193,1.12,-2.3,12.4,79.0808192,234177.0,22.41,25.85,15.14,1046.82
2013-06-10,1.588,1.3256,95454.0,0.2012,16556.34,826425667.0,22.68,4.3,1.12,-2.3,12.4,78.417801,159649.0,21.74,25.88,15.44,1045.71
2013-06-11,1.606,1.3314,107866.0,0.2012,16286.6,918434353.0,23.27,4.347,1.12,-2.3,12.4,77.3322264,156138.0,21.81,25.88,17.07,1034.77
2013-06-12,1.594,1.3336,100699.0,0.2012,16024.03,808710178.0,22.04,4.364,1.12,-2.3,12.4,77.6019765,94920.0,22.72,26.05,18.59,1040.53
2013-06-13,1.566,1.3374,100702.0,0.2012,16116.34,928033579.0,22.69,4.354,1.12,-2.3,12.4,77.94981,21310.0,21.47,26.05,16.41,1036.64
2013-06-14,1.513,1.3346,92688.0,0.2012,16152.91,686166866.0,20.91,4.287,1.12,-2.3,12.4,79.3722897,197141.0,21.22,26.35,17.15,1041.5
2013-06-15,1.513,1.3346,92688.0,0.2012,16152.91,686166866.0,20.91,4.287,1.24,-2.3,12.4,79.3722897,197141.0,21.22,26.35,17.15,1041.5
2013-06-17,1.523,1.3367,79538.0,0.2012,16194.14,659252012.0,21.27,4.264,1.24,-2.3,12.4,78.9031617,160180.0,21.04,26.25,16.8,1035.65
2013-06-18,1.571,1.3393,93374.0,0.2012,16197.94,584939924.0,22.7,4.293,1.24,-2.3,12.4,79.1608932,150874.0,20.64,25.9,16.61,1020.89
2013-06-19,1.562,1.3294,95064.0,0.2012,16045.52,597510073.0,22.53,4.258,1.24,-2.3,12.4,79.8255864,164861.0,19.98,26.03,16.64,1016.17
2013-06-20,1.664,1.3218,109372.0,0.2012,15549.23,954048155.0,29.94,4.545,1.24,-2.3,12.4,77.280561,301241.0,25.9,25.92,20.49,965.96
2013-06-21,1.74,1.3122,96221.0,0.2012,15254.82,1107780500.0,27.19,4.597,1.24,-2.3,12.4,76.9014928,263371.0,23.68,25.83,18.9,988.38
2013-06-24,1.823,1.3117,103684.0,0.2012,15112.38,853681141.0,27.69,4.806,1.24,-2.3,12.4,77.1213492,254191.0,24.32,25.8,20.11,977.04
2013-06-25,1.801,1.3084,94924.0,0.2012,15056.57,842356221.0,25.86,4.874,1.24,-2.3,12.4,77.3920054,182087.0,23.63,26.03,18.47,975.65
2013-06-26,1.766,1.3011,95497.0,0.2012,15362.88,795195848.0,31.43,4.705,1.24,-2.3,12.4,78.1338428,195232.0,22.82,25.98,17.21,940.22
2013-06-27,1.728,1.3035,94212.0,0.2012,15430.47,612699622.0,33.51,4.569,1.24,-2.3,12.4,78.8804194,190611.0,23.17,25.95,16.86,920.08
2013-06-28,1.73,1.3008,99543.0,0.2012,15239.28,608492218.0,31.84,4.54,1.24,-2.3,12.4,78.5365216,230248.0,22.37,25.75,16.86,947.69
2013-06-30,1.73,1.3008,99543.0,0.2103,15239.28,608492218.0,31.84,4.54,1.24,-2.3,12.4,78.5365216,230248.0,22.37,25.75,16.86,947.69
2013-07-01,1.721,1.3063,85408.0,0.2103,15459.57,510628074.0,28.84,4.447,1.24,-2.3,12.4,78.84856,230919.0,22.18,26.25,16.37,958.82
2013-07-02,1.71,1.2977,87825.0,0.2103,15365.71,450099965.0,28.19,4.397,1.24,-2.3,12.4,80.14136,186519.0,22.63,26.2,16.44,956.86
2013-07-03,1.671,1.3006,82290.0,0.2103,15282.81,686521471.0,27.25,4.516,1.24,-2.3,12.4,81.3167488,258388.0,25.7,26.35,16.2,962.6
2013-07-04,1.65,1.2913,91349.0,0.2103,15808.15,698247558.0,27.25,4.416,1.24,-2.3,12.4,81.7312314,81372.0,25.7,26.17,16.2,967.24
2013-07-05,1.723,1.283,94044.0,0.2103,15533.69,667859503.0,27.15,4.428,1.24,-2.3,12.4,83.9591224,233336.0,26.74,26.15,14.89,953.33
2013-07-08,1.704,1.2869,78131.0,0.2103,15799.62,543624094.0,26.79,4.382,1.24,-2.3,12.4,83.4795558,185816.0,25.37,26.15,14.78,960.36
2013-07-09,1.651,1.278,85384.0,0.2103,15790.55,672587789.0,25.68,4.405,1.24,-2.3,12.4,84.3580907,163664.0,25.22,26.23,14.35,977.62
2013-07-10,1.653,1.2974,91172.0,0.2103,15677.26,567218989.0,26.24,4.439,1.24,-2.3,12.4,83.6362527,199695.0,26.22,26.33,14.21,973.03
2013-07-11,1.624,1.3094,93799.0,0.2103,15677.3,549811240.0,23.85,4.489,1.24,-2.3,12.4,82.2744783,184692.0,24.58,26.23,14.01,981.48
2013-07-12,1.554,1.3066,86108.0,0.2103,15430.57,697870940.0,24.07,4.487,1.24,-2.3,12.4,83.2777335,127810.0,24.51,26.13,13.84,982.62
2013-07-15,1.576,1.3062,78991.0,0.2103,15597.34,478678442.0,23.53,4.463,1.24,-2.3,12.2,83.5171222,100858.0,23.72,26.08,13.79,981.84
2013-07-16,1.548,1.3161,83996.0,0.2103,15529.95,691422416.0,23.2,4.471,1.24,-2.3,12.2,83.124308,19969.0,24.5,25.98,14.42,981.68
2013-07-17,1.541,1.3124,71681.0,0.2103,15695.03,654986318.0,23.61,4.494,1.24,-2.3,12.2,82.7564756,183572.0,23.3,26.08,13.78,971.27
2013-07-18,1.517,1.3109,87837.0,0.2103,16053.61,872943380.0,22.52,4.418,1.24,-2.3,12.2,82.919621,196437.0,23.05,26.1,13.77,978.68
2013-07-19,1.525,1.3142,86943.0,0.2103,16124.36,697097761.0,21.19,4.419,1.24,-2.3,12.2,82.2326244,212190.0,24.08,26.1,12.54,985.88
2013-07-22,1.519,1.3183,73541.0,0.2103,16233.55,460809395.0,21.76,4.331,1.24,-2.3,12.2,82.0371825,198418.0,24.23,26.1,12.29,1012.01
2013-07-23,1.553,1.3221,91873.0,0.2103,16238.58,685876737.0,21.66,4.355,1.24,-2.3,12.2,82.0056354,190199.0,23.63,26.2,12.66,1018.44
2013-07-24,1.647,1.32,83657.0,0.2103,16442.71,552832711.0,22.61,4.367,1.24,-2.3,12.2,81.2050002,197801.0,23.77,26.13,13.18,1000.98
2013-07-25,1.681,1.3276,90575.0,0.2103,16431.97,525143401.0,21.77,4.396,1.24,-2.3,12.2,81.086286,176110.0,23.37,26.15,12.97,1004.29
2013-07-26,1.666,1.3278,91022.0,0.2103,16421.51,471587314.0,22.22,4.396,1.24,-2.3,12.2,80.7129421,119939.0,22.98,26.13,12.72,1003.91
2013-07-29,1.665,1.326,81106.0,0.2103,16275.71,508222757.0,22.77,4.459,1.24,-2.3,12.2,81.0334175,178933.0,22.79,26.15,13.39,1000.6
2013-07-30,1.666,1.3262,93958.0,0.2103,16542.9,490636106.0,23.72,4.407,1.24,-2.3,12.2,80.6133473,159996.0,23.48,26.0,13.39,1000.08
2013-07-31,1.676,1.33,92675.0,0.2214,16482.35,555745368.0,24.99,4.411,1.24,-2.3,12.2,80.977476,222565.0,22.95,26.13,13.45,993.72
2013-08-01,1.672,1.3206,86255.0,0.2214,16818.97,641936483.0,24.61,4.37,1.24,-2.3,12.2,82.9469742,234846.0,22.28,25.83,12.94,990.38
2013-08-02,1.658,1.3281,78148.0,0.2214,16779.19,714251460.0,24.24,4.265,1.24,-2.3,12.2,82.034992,160760.0,22.26,26.2,11.98,987.28
2013-08-05,1.691,1.3257,78642.0,0.2214,16757.24,447955010.0,23.49,4.29,1.24,-2.3,12.2,81.994584,168828.0,22.87,25.67,11.84,982.61
2013-08-06,1.704,1.3305,86881.0,0.2214,16683.17,622089063.0,23.82,4.256,1.24,-2.3,12.2,81.308088,229163.0,22.64,25.8,12.72,963.13
2013-08-07,1.694,1.3336,85853.0,0.2214,16838.19,597918254.0,23.49,4.255,1.24,-2.3,12.2,80.563884,208428.0,22.56,26.0,12.98,965.17
2013-08-08,1.68,1.3379,77310.0,0.2214,17146.5,781434784.0,21.71,4.208,1.24,-2.3,12.2,79.7368992,175726.0,22.25,25.9,12.73,980.23
2013-08-09,1.682,1.3342,65382.0,0.2214,17186.56,708787644.0,21.5,4.185,1.24,-2.3,12.2,81.1119722,148430.0,22.64,25.85,13.41,984.71
2013-08-12,1.701,1.3298,58428.0,0.2214,17262.86,436595373.0,21.58,4.158,1.24,-2.3,12.2,81.9443503,147830.0,22.68,25.58,12.81,1004.58
2013-08-13,1.813,1.3261,80512.0,0.2214,17380.07,719707518.0,21.37,4.223,1.24,-2.3,12.2,82.8141638,112230.0,22.63,25.65,12.31,995.76
2013-08-14,1.81,1.3255,81831.0,0.2214,17463.46,615564704.0,21.21,4.18,1.24,-2.3,12.2,83.138186,97927.0,23.15,25.75,13.04,1007.2
2013-08-15,1.885,1.3346,83057.0,0.2214,17463.46,615564704.0,22.45,4.244,1.24,-1.3,12.5,83.2536119,19265.0,24.15,25.73,14.73,1023.11
2013-08-16,1.877,1.3329,74347.0,0.2214,17677.77,884519801.0,22.97,4.191,1.24,-1.3,12.5,82.826496,195846.0,23.99,25.63,14.37,1032.1
2013-08-19,1.896,1.3333,74076.0,0.2214,17243.25,959437408.0,24.25,4.269,1.24,-1.3,12.5,82.427198,188058.0,23.48,25.63,15.1,1023.75
2013-08-20,1.839,1.3416,77265.0,0.2214,16999.55,798413895.0,23.82,4.311,1.24,-1.3,12.5,82.103607,233190.0,24.18,25.55,14.91,1021.38
2013-08-21,1.874,1.3356,80390.0,0.2214,16877.93,612570961.0,23.28,4.356,1.24,-1.3,12.5,82.2180413,195767.0,24.33,25.6,15.94,1023.05
2013-08-22,1.922,1.3354,84088.0,0.2214,17309.84,669054919.0,22.69,4.319,1.24,-1.3,12.5,82.297516,154987.0,23.26,25.7,14.76,1029.54
2013-08-23,1.932,1.3381,75995.0,0.2214,17342.25,514647101.0,22.63,4.334,1.24,-1.3,12.5,82.9835232,219413.0,22.7,25.4,13.98,1043.59
2013-08-26,1.895,1.3368,61610.0,0.2214,16977.76,559411701.0,23.67,4.383,1.24,-1.3,12.5,82.8326838,92717.0,23.43,25.4,14.99,1050.1
2013-08-27,1.849,1.3392,86710.0,0.2214,16579.8,734464928.0,23.9,4.45,1.24,-1.3,12.5,85.3937556,288712.0,27.19,25.48,16.77,1056.75
2013-08-28,1.878,1.3338,88290.0,0.2214,16743.09,682490320.0,25.89,4.406,1.24,-1.3,12.5,87.4271814,286088.0,29.79,25.55,16.49,1061.68
2013-08-29,1.858,1.324,81935.0,0.2214,16905.15,618364375.0,24.36,4.375,1.24,-1.3,12.5,86.9791964,248523.0,27.41,25.6,16.81,1062.26
2013-08-30,1.855,1.322,62663.0,0.2214,16682.21,761269933.0,24.44,4.391,1.24,-1.3,12.5,86.2405843,245056.0,28.1,25.5,17.01,1055.5
2013-08-31,1.855,1.322,62663.0,0.2259,16682.21,761269933.0,24.44,4.391,1.24,-1.3,12.5,86.2405843,245056.0,28.1,25.5,17.01,1055.5
2013-09-02,1.904,1.319,58618.0,0.2259,16988.57,626145607.0,24.44,4.354,1.24,-1.3,12.5,86.6792895,90951.0,28.1,26.3,17.01,1056.68
2013-09-03,1.947,1.3169,75073.0,0.2259,16941.03,653887390.0,25.2,4.345,1.24,-1.3,12.5,87.8427648,234727.0,29.41,26.38,16.61,1071.92
2013-09-04,1.935,1.3207,75926.0,0.2259,16712.2,725821168.0,24.61,4.421,1.24,-1.3,12.5,87.0064047,209651.0,28.73,26.38,15.88,1053.03
2013-09-05,2.041,1.3119,81181.0,0.2259,16842.7,1039305396.0,25.64,4.535,1.24,-1.3,12.5,87.856935,151292.0,27.44,26.5,15.77,1041.73
2013-09-06,1.947,1.3179,86238.0,0.2259,17047.0,956994509.0,23.59,4.503,1.24,-1.3,12.5,88.1095336,168831.0,28.1,26.6,15.85,1055.29
2013-09-09,1.954,1.3254,69943.0,0.2259,17244.74,790784106.0,22.04,4.524,1.24,-1.3,12.5,85.8006028,200571.0,27.93,26.7,15.63,1045.71
2013-09-10,2.027,1.3267,81184.0,0.2259,17332.42,1084599232.0,22.58,4.526,1.24,-1.3,12.5,83.8546875,176155.0,27.12,26.65,14.53,1027.03
2013-09-11,2.003,1.3309,81892.0,0.2259,17562.55,1094897575.0,22.63,4.534,1.24,-1.3,12.5,83.777755,109342.0,24.32,26.8,13.82,1025.72
2013-09-12,1.949,1.3297,84854.0,0.2259,17522.71,827710976.0,25.09,4.523,1.24,-1.3,12.5,84.7033915,93446.0,23.57,27.0,14.29,993.19
2013-09-13,1.975,1.3292,70606.0,0.2259,17547.91,552292694.0,24.88,4.583,1.24,-1.3,12.5,84.8477774,18637.0,23.18,26.75,14.16,997.49
2013-09-15,1.975,1.3292,70606.0,0.2259,17547.91,552292694.0,24.88,4.583,0.99,-1.3,12.6,84.8477774,18637.0,23.18,26.75,14.16,997.49
2013-09-16,1.93,1.3333,72218.0,0.2259,17731.81,590994460.0,25.12,4.58,0.99,-1.3,12.6,82.5547014,249444.0,23.03,26.75,14.38,984.55
2013-09-17,1.973,1.3357,76830.0,0.2259,17751.65,622715947.0,25.35,4.529,0.99,-1.3,12.6,80.9986073,214348.0,23.17,26.55,14.53,979.67
2013-09-18,2.004,1.3521,78095.0,0.2259,17804.7,672752971.0,23.2,4.523,0.99,-1.3,12.6,81.798654,200710.0,22.81,26.6,13.59,1009.47
2013-09-19,1.926,1.3529,89442.0,0.2259,18059.23,946420272.0,21.75,4.422,0.99,-1.3,12.6,80.389954,201584.0,21.51,26.55,13.16,1008.08
2013-09-20,1.953,1.3522,73529.0,0.2259,17970.12,897076005.0,22.27,4.419,0.99,-1.3,12.6,80.7725588,160650.0,21.38,26.65,13.12,979.59
2013-09-23,1.918,1.3492,66936.0,0.2259,17913.18,859094960.0,22.7,4.391,0.99,-1.3,12.6,80.1660288,169117.0,22.27,26.43,14.31,979.17
2013-09-24,1.852,1.3472,79543.0,0.2259,18064.58,1152544226.0,22.84,4.375,0.99,-1.3,12.6,80.6412992,197986.0,22.5,26.23,14.08,981.64
2013-09-25,1.822,1.3525,79908.0,0.2259,18089.24,951198459.0,21.97,4.367,0.99,-1.3,12.6,80.0885584,211604.0,22.32,26.35,14.01,985.32
2013-09-26,1.828,1.3488,80247.0,0.2259,17872.53,1249239819.0,21.79,4.475,0.99,-1.3,12.6,80.968294,143124.0,21.77,26.4,14.06,980.98
2013-09-27,1.78,1.3521,79323.0,0.2259,17646.16,734586819.0,22.57,4.569,0.99,-1.3,12.6,80.3416617,190352.0,21.84,26.5,15.46,987.73
2013-09-30,1.78,1.3524,64316.0,0.2232,17434.86,1091968691.0,23.72,4.573,0.99,-1.3,12.6,80.1320291,149041.0,22.98,26.43,16.6,981.11
2013-10-01,1.806,1.3524,84888.0,0.2232,17977.06,1035076256.0,25.48,4.435,0.99,-1.3,12.6,79.8140742,189677.0,22.57,27.0,15.54,950.69
2013-10-02,1.807,1.3576,87384.0,0.2232,18098.44,1564863711.0,24.04,4.369,0.99,-1.3,12.6,80.4282621,177152.0,21.52,26.98,16.6,968.63
2013-10-03,1.809,1.3617,82090.0,0.2232,18018.22,840793534.0,24.54,4.372,0.99,-1.3,12.6,80.04742,212254.0,21.62,26.88,17.67,966.19
2013-10-04,1.833,1.3557,80433.0,0.2232,18304.22,1182155780.0,24.77,4.313,0.99,-1.3,12.6,80.7409798,144473.0,21.49,26.98,16.74,966.73
2013-10-07,1.802,1.3581,67501.0,0.2232,18425.82,1077381220.0,24.81,4.291,0.99,-1.3,12.6,80.7595776,227735.0,22.01,27.3,19.41,973.6
2013-10-08,1.811,1.3571,82861.0,0.2232,18372.75,1287282488.0,25.44,4.342,0.99,-1.3,12.6,81.1735992,163852.0,21.95,27.3,20.34,971.19
2013-10-09,1.813,1.3523,89868.0,0.2232,18551.57,1247892722.0,25.81,4.37,0.99,-1.3,12.6,80.6476888,171135.0,23.24,27.3,19.6,965.41
2013-10-10,1.868,1.3519,80726.0,0.2232,18836.79,1400746180.0,25.36,4.33,0.99,-1.3,12.6,82.69846,212356.0,21.39,27.2,16.48,950.51
2013-10-11,1.86,1.3541,75425.0,0.2232,18882.63,981755035.0,25.83,4.285,0.99,-1.3,12.6,82.18028,141366.0,21.55,27.17,15.72,939.69
2013-10-14,1.859,1.3561,51924.0,0.2232,18917.67,712377686.0,26.45,4.26,0.99,-1.3,12.6,81.8820064,106793.0,22.52,27.15,16.07,938.29
2013-10-15,1.911,1.3523,70627.0,0.2232,18999.22,826472885.0,26.07,4.245,0.74,-1.3,12.5,81.3132208,93751.0,23.52,27.15,18.66,946.15
2013-10-16,1.931,1.3534,78574.0,0.2232,19275.04,1233183522.0,24.72,4.241,0.74,-1.3,12.5,81.9122368,15367.0,21.73,27.08,14.71,947.42
2013-10-17,1.868,1.3675,86587.0,0.2232,19198.1,967871169.0,22.31,4.201,0.74,-1.3,12.5,79.7877786,233728.0,21.22,26.95,13.48,964.74
2013-10-18,1.836,1.3684,75501.0,0.2232,19271.02,928954050.0,21.43,4.173,0.74,-1.3,12.5,80.3419532,181537.0,20.12,27.02,13.04,961.45
2013-10-21,1.847,1.3681,58137.0,0.2232,19262.69,726100497.0,21.52,4.193,0.74,-1.3,12.5,80.1402616,190114.0,20.91,26.9,13.16,961.79
2013-10-22,1.796,1.378,80847.0,0.2232,19371.93,892887034.0,20.75,4.116,0.74,-1.3,12.5,79.8041293,238663.0,21.62,26.85,13.33,972.2
2013-10-23,1.766,1.3774,86757.0,0.2232,18910.68,1023395439.0,20.52,4.12,0.74,-1.3,12.5,78.263878,324607.0,23.28,26.95,13.42,967.3
2013-10-24,1.768,1.3799,82498.0,0.2232,19152.93,896111342.0,20.67,4.143,0.74,-1.3,12.5,77.5345831,242315.0,21.88,26.88,13.2,975.69
2013-10-25,1.754,1.3804,79868.0,0.2232,18874.75,913523157.0,19.9,4.216,0.74,-1.3,12.5,77.4632999,212279.0,20.28,26.83,13.09,979.1
2013-10-28,1.752,1.3784,52208.0,0.2232,18829.42,808793406.0,20.32,4.19,0.74,-1.3,12.5,79.5198628,266177.0,20.57,26.7,13.31,980.66
2013-10-29,1.742,1.3745,78552.0,0.2232,19256.9,950959235.0,20.65,4.146,0.74,-1.3,12.5,79.3091354,185007.0,20.64,26.45,13.41,978.0
2013-10-30,1.69,1.3735,94253.0,0.2232,19166.93,907049367.0,20.81,4.182,0.74,-1.3,12.5,79.9857702,234595.0,20.95,26.5,13.65,976.85
2013-10-31,1.679,1.3582,103424.0,0.2258,19351.52,901354495.0,20.57,4.133,0.74,-1.3,12.5,80.1356268,238843.0,20.59,26.2,13.75,973.71
2013-11-01,1.693,1.3485,90425.0,0.2258,19164.26,557758925.0,20.68,4.117,0.74,-1.3,12.5,78.5386196,298577.0,21.29,27.1,13.28,974.6
2013-11-04,1.685,1.3513,78352.0,0.2258,19310.69,645854090.0,20.3,4.111,0.74,-1.3,12.5,78.6133869,230571.0,21.74,27.17,12.93,972.62
2013-11-05,1.745,1.3474,87215.0,0.2258,19091.93,832372167.0,20.19,4.172,0.74,-1.3,12.5,78.1727661,186816.0,22.18,27.45,13.27,972.85
2013-11-06,1.747,1.351,88664.0,0.2258,19262.51,635621680.0,19.43,4.187,0.74,-1.3,12.5,77.8975956,243836.0,20.98,27.43,12.67,974.67
2013-11-07,1.689,1.3418,100247.0,0.2258,18863.41,1175865424.0,20.01,4.09,0.74,-1.3,12.5,77.1056342,291116.0,20.79,27.3,13.91,973.76
2013-11-08,1.763,1.337,85171.0,0.2258,18961.71,1571421800.0,19.37,4.147,0.74,-1.3,12.5,78.6234528,242695.0,19.7,27.52,12.9,963.73
2013-11-11,1.753,1.3406,77373.0,0.2258,19107.85,567350835.0,19.15,4.128,0.74,-1.3,12.5,79.366952,172676.0,19.69,27.68,12.53,956.34
2013-11-12,1.788,1.3435,101157.0,0.2258,19005.02,665229626.0,21.2,4.149,0.74,-1.3,12.5,78.7564992,156686.0,20.32,27.68,12.82,944.08
2013-11-13,1.737,1.3484,95370.0,0.2258,18733.02,854908870.0,20.46,4.117,0.74,-1.3,12.5,79.4423344,113996.0,19.63,27.8,12.52,946.01
2013-11-14,1.702,1.3457,97676.0,0.2258,18760.78,774332950.0,19.44,4.059,0.74,-1.3,12.5,80.6571594,20846.0,19.92,28.0,12.37,955.76
2013-11-15,1.709,1.3495,76608.0,0.2258,18687.19,733840278.0,18.03,4.094,0.62,-0.7,12.6,80.40067,198638.0,19.39,28.3,12.19,954.43
2013-11-18,1.684,1.3503,86126.0,0.2258,19105.46,713765154.0,19.52,4.07,0.62,-0.7,12.6,80.3307126,185490.0,19.71,28.25,13.1,942.8
2013-11-19,1.72,1.3538,92331.0,0.2258,18766.78,547924049.0,19.45,4.076,0.62,-0.7,12.6,78.9775272,224434.0,19.83,28.0,13.39,941.47
2013-11-20,1.722,1.3438,100150.0,0.2258,18728.25,578417779.0,23.04,4.081,0.62,-0.7,12.6,80.4139296,220188.0,19.87,27.83,13.4,926.04
2013-11-21,1.741,1.3481,97815.0,0.2258,18841.85,622267467.0,21.3,4.098,0.62,-0.7,12.6,81.6551424,253964.0,18.69,27.75,12.66,921.56
2013-11-22,1.749,1.3558,79369.0,0.2258,18822.31,523288637.0,20.33,4.08,0.62,-0.7,12.6,81.9071485,276245.0,18.1,27.75,12.26,916.74
2013-11-25,1.728,1.3515,85458.0,0.2258,18784.3,896310940.0,20.02,4.089,0.62,-0.7,12.6,82.13112,278784.0,19.23,27.75,12.79,923.94
2013-11-26,1.693,1.3571,78148.0,0.2258,18774.27,1364119932.0,19.68,4.065,0.62,-0.7,12.6,81.7041456,199747.0,18.64,27.75,12.81,915.16
2013-11-27,1.705,1.3578,90892.0,0.2258,18924.79,835761624.0,19.75,4.059,0.62,-0.7,12.6,81.9787019,193979.0,19.62,28.05,12.98,911.93
2013-11-28,1.701,1.3604,77558.0,0.2258,19099.36,646854027.0,19.75,4.045,0.62,-0.7,12.6,81.4909688,61684.0,19.62,28.15,12.98,913.9
2013-11-29,1.693,1.3589,88134.0,0.2258,19021.48,722977404.0,19.33,4.052,0.62,-0.7,12.6,80.7197741,126876.0,20.0,28.28,13.7,921.53
2013-11-30,1.693,1.3589,88134.0,0.2234,19021.48,722977404.0,19.33,4.052,0.62,-0.7,12.6,80.7197741,126876.0,20.0,28.28,13.7,921.53
2013-12-02,1.741,1.354,114505.0,0.2234,18732.56,553834973.0,21.43,4.079,0.62,-0.7,12.6,82.3113975,266980.0,20.28,28.6,14.23,900.0
2013-12-03,1.726,1.3589,83685.0,0.2234,18366.75,724258080.0,21.09,4.093,0.62,-0.7,12.6,82.8759318,217611.0,19.49,29.18,14.55,899.42
2013-12-04,1.819,1.3593,87993.0,0.2234,18312.96,916548816.0,20.82,4.155,0.62,-0.7,12.6,82.3067596,235348.0,19.06,28.7,14.7,914.4
2013-12-05,1.865,1.3667,97127.0,0.2234,17993.12,981988036.0,21.78,4.245,0.62,-0.7,12.6,81.2029562,191810.0,18.59,28.5,15.08,896.39
2013-12-06,1.838,1.3703,76131.0,0.2234,18124.39,1110697398.0,20.5,4.186,0.62,-0.7,12.6,81.4496297,155520.0,17.95,28.3,13.79,896.28
2013-12-09,1.842,1.3737,52943.0,0.2234,18285.52,620329358.0,20.65,4.14,0.62,-0.7,12.6,79.6315444,202959.0,18.1,28.02,13.49,902.88
2013-12-10,1.835,1.3759,84277.0,0.2234,18236.72,650937286.0,19.63,4.068,0.62,-0.7,12.6,79.497384,230617.0,17.95,27.9,13.91,916.64
2013-12-11,1.822,1.3785,79117.0,0.2234,17973.96,593074458.0,20.02,4.058,0.62,-0.7,12.6,79.579671,158720.0,17.98,27.75,15.42,908.72
2013-12-12,1.84,1.3754,83279.0,0.2234,17804.87,603300957.0,22.24,4.098,0.62,-0.7,12.6,79.0096102,128305.0,18.19,27.67,15.54,891.69
2013-12-13,1.826,1.3741,74105.0,0.2234,17805.73,574028068.0,21.87,4.094,0.62,-0.7,12.6,79.2010325,98096.0,18.42,27.73,15.76,900.37
2013-12-15,1.826,1.3741,74105.0,0.2234,17805.73,574028068.0,21.87,4.094,0.62,-0.7,12.6,79.2010325,98096.0,18.42,27.73,15.76,900.37
2013-12-16,1.833,1.376,63838.0,0.2234,18222.42,653563307.0,21.91,4.046,0.62,-0.7,12.6,80.2829678,23611.0,17.49,27.8,16.03,900.99
2013-12-17,1.828,1.3766,69286.0,0.2234,17925.21,624196861.0,21.79,4.046,0.62,-0.7,12.6,78.7740692,149781.0,17.7,27.77,16.21,893.59
2013-12-18,1.841,1.3683,73832.0,0.2234,18131.49,615356354.0,21.39,4.067,0.62,-0.7,12.6,80.1208929,187960.0,17.26,27.73,13.8,889.83
2013-12-19,1.877,1.3662,75647.0,0.2234,18453.99,1139187184.0,22.07,4.081,0.62,-0.7,12.6,80.7278684,159785.0,16.7,27.88,14.15,870.26
2013-12-20,1.866,1.3671,74909.0,0.2234,18565.61,1338911775.0,21.01,4.124,0.62,-0.7,12.6,81.7575196,169479.0,15.86,27.8,13.79,878.53
2013-12-23,1.883,1.3695,61846.0,0.2234,18697.15,638266992.0,20.76,4.184,0.62,-0.7,12.6,81.4599964,103720.0,15.42,27.75,13.04,874.65
2013-12-24,1.883,1.3682,54063.0,0.2234,18697.15,638266992.0,20.08,4.187,0.62,-0.7,12.6,81.786591,52160.0,15.26,27.77,12.48,879.54
2013-12-25,1.883,1.3678,14932.0,0.2234,18697.15,638266992.0,20.08,4.187,0.62,-0.7,12.6,81.786591,52160.0,15.26,27.77,12.48,880.22
2013-12-26,1.883,1.3691,34797.0,0.2234,18697.15,638266992.0,19.84,4.187,0.62,-0.7,12.6,81.7913118,43620.0,15.2,27.77,12.33,884.26
2013-12-27,1.951,1.3741,64661.0,0.2234,18956.52,634643854.0,19.1,4.219,0.62,-0.7,12.6,81.638995,126905.0,15.74,27.67,12.46,883.46
2013-12-30,1.941,1.3803,61615.0,0.2234,18967.71,729588917.0,20.75,4.098,0.62,-0.7,12.6,80.5694208,111066.0,16.53,27.28,13.56,866.93
2013-12-31,1.941,1.3745,52549.0,0.2735,18967.71,729588917.0,21.65,4.089,0.62,-0.7,12.6,80.611432,84991.0,17.76,27.08,13.72,876.24
2014-01-01,1.941,1.3752,901.0,0.2735,18967.71,729588917.0,21.65,4.089,0.62,-0.7,12.6,80.611432,84991.0,17.76,27.55,13.72,876.45
2014-01-02,1.945,1.367,72019.0,0.2735,18929.63,707958222.0,20.42,3.968,0.62,-0.7,12.6,78.8443034,200650.0,20.24,27.3,14.23,896.03
2014-01-03,1.944,1.3587,69174.0,0.2735,19112.65,869127597.0,19.19,3.935,0.62,-0.7,12.6,78.67104,191130.0,20.6,27.2,13.76,910.08
2014-01-06,1.908,1.3627,68117.0,0.2735,19233.74,583357662.0,19.5,3.935,0.62,-0.7,12.6,78.3227432,181818.0,20.7,27.33,13.55,907.07
2014-01-07,1.889,1.3615,69701.0,0.2735,19468.75,1190706552.0,19.12,3.874,0.62,-0.7,12.6,78.846428,188198.0,19.67,27.25,12.92,904.97
2014-01-08,1.905,1.3574,78228.0,0.2735,19436.3,1401697947.0,19.43,3.883,0.62,-0.7,12.6,78.937405,185540.0,20.17,27.5,12.87,901.66
2014-01-09,1.91,1.3606,79741.0,0.2735,19503.0,1292157934.0,18.46,3.906,0.62,-0.7,12.6,78.1934583,175373.0,19.51,27.3,12.89,902.61
2014-01-10,1.847,1.3667,67636.0,0.2735,19569.0,868428598.0,17.27,3.923,0.62,-0.7,12.6,78.4737525,198567.0,19.47,26.92,12.14,911.72
2014-01-13,1.817,1.3671,73713.0,0.2735,19697.25,702666414.0,16.67,3.907,0.62,-0.7,12.6,78.08549,151798.0,19.75,26.45,13.28,916.84
2014-01-14,1.815,1.3679,74786.0,0.2735,19730.38,910241598.0,16.5,3.884,0.62,-0.7,12.6,77.7764095,111284.0,19.81,26.42,12.28,909.59
2014-01-15,1.827,1.3603,68200.0,0.2735,20045.76,1253782636.0,16.43,3.869,0.62,-0.7,13.0,78.7544769,70775.0,18.7,26.5,12.28,911.71
2014-01-16,1.776,1.3619,67184.0,0.2735,19875.69,1164977030.0,15.39,3.846,0.62,-0.7,13.0,78.6329743,14562.0,17.91,26.58,12.53,912.03
2014-01-17,1.755,1.3539,62708.0,0.2735,19969.33,990001941.0,14.34,3.822,0.62,-0.7,13.0,78.6471928,198417.0,17.12,26.42,12.44,925.79
2014-01-20,1.739,1.355,67669.0,0.2735,19973.45,693377317.0,14.34,3.796,0.62,-0.7,13.0,78.4873635,103661.0,17.12,26.5,12.44,924.05
2014-01-21,1.743,1.3559,75239.0,0.2735,19995.75,833176999.0,15.97,3.833,0.62,-0.7,13.0,78.7155096,254312.0,18.26,26.6,12.87,914.96
2014-01-22,1.754,1.3546,79413.0,0.2735,19958.38,914973033.0,15.62,3.834,0.62,-0.7,13.0,79.9281621,184004.0,18.17,26.53,12.84,912.56
2014-01-23,1.714,1.3694,84998.0,0.2735,19814.55,776157559.0,16.01,3.861,0.62,-0.7,13.0,78.560295,241803.0,18.79,26.48,13.77,921.37
2014-01-24,1.654,1.3675,76453.0,0.2735,19358.99,1210968554.0,17.54,3.919,0.62,-0.7,13.0,78.8883288,244563.0,19.46,26.65,18.14,926.55
2014-01-27,1.674,1.367,68447.0,0.2735,19273.58,1189465226.0,18.38,3.899,0.62,-0.7,13.0,78.0469357,203299.0,20.89,25.93,17.42,917.64
2014-01-28,1.678,1.3668,79875.0,0.2735,19448.32,954786295.0,18.71,3.865,0.62,-0.7,13.0,78.5854524,188297.0,20.83,25.9,15.8,917.64
2014-01-29,1.644,1.3662,87354.0,0.2735,19337.42,1119217279.0,17.45,3.87,0.62,-0.7,13.0,78.941886,207314.0,20.81,25.65,17.35,928.28
2014-01-30,1.618,1.3555,81586.0,0.2735,19411.55,804980869.0,17.97,3.826,0.62,-0.7,13.0,79.639033,188726.0,19.76,25.42,17.29,917.02
2014-01-31,1.658,1.3485,77306.0,0.292,19418.34,770378191.0,18.62,3.77,0.62,-0.7,13.0,78.901984,231456.0,20.35,25.0,18.41,921.89
2014-02-03,1.648,1.3524,81439.0,0.292,18907.16,854881723.0,19.15,3.779,0.62,-0.7,13.0,78.4091572,264731.0,21.65,24.65,21.44,928.38
2014-02-04,1.65,1.3518,86163.0,0.292,19019.71,868862296.0,18.51,3.784,0.62,-0.7,13.0,78.250755,186442.0,21.47,24.42,19.11,928.01
2014-02-05,1.636,1.3532,89593.0,0.292,19069.62,839815547.0,18.52,3.765,0.62,-0.7,13.0,78.5176875,193780.0,20.65,24.42,19.95,928.66
2014-02-06,1.695,1.3588,84204.0,0.292,19504.24,1052060367.0,17.93,3.762,0.62,-0.7,13.0,78.8854086,205076.0,19.65,24.75,17.23,924.66
2014-02-07,1.662,1.3633,70790.0,0.292,19692.08,996498451.0,16.59,3.691,0.62,-0.7,13.0,80.3706907,215633.0,19.03,24.8,15.29,929.33
2014-02-10,1.68,1.3644,62185.0,0.292,19682.82,653862100.0,17.08,3.682,0.62,-0.7,13.0,79.6170996,162655.0,19.18,24.6,15.26,933.73
2014-02-11,1.687,1.3636,67415.0,0.292,19887.39,832165029.0,16.81,3.687,0.62,-0.7,13.0,79.700478,137264.0,19.05,24.55,14.51,945.98
2014-02-12,1.723,1.3592,64223.0,0.292,20144.96,913104383.0,16.23,3.733,0.62,-0.7,13.0,80.0400667,105889.0,19.23,24.88,14.3,949.42
2014-02-13,1.671,1.3679,68614.0,0.292,20110.3,724341266.0,16.13,3.708,0.62,-0.7,13.0,79.4870665,18080.0,19.0,24.25,14.14,951.09
2014-02-14,1.687,1.369,63917.0,0.292,20436.47,852568328.0,16.26,3.684,0.62,-0.7,13.0,79.6785768,146752.0,17.95,24.08,13.57,961.93
2014-02-15,1.687,1.369,63917.0,0.292,20436.47,852568328.0,16.26,3.684,0.49,0.2,12.9,79.6785768,146752.0,17.95,24.08,13.57,961.93
2014-02-17,1.686,1.3706,54553.0,0.292,20459.65,519776460.0,16.26,3.624,0.49,0.2,12.9,79.6588198,56865.0,17.95,24.2,13.57,969.13
2014-02-18,1.673,1.3757,67834.0,0.292,20478.53,765972983.0,16.28,3.567,0.49,0.2,12.9,80.293374,150349.0,18.43,24.1,13.87,960.9
2014-02-19,1.664,1.3732,60497.0,0.292,20438.3,616417452.0,16.48,3.586,0.49,0.2,12.9,80.4475681,163342.0,18.35,23.88,15.5,954.27
2014-02-20,1.696,1.3718,72019.0,0.292,20452.28,651972360.0,16.07,3.656,0.49,0.2,12.9,80.405391,151209.0,17.59,23.78,14.79,964.05
2014-02-21,1.667,1.3737,62530.0,0.292,20391.9,578861658.0,15.73,3.603,0.49,0.2,12.9,79.966406,154902.0,17.9,23.55,14.68,962.83
2014-02-24,1.679,1.3734,57902.0,0.292,20477.5,493135012.0,15.94,3.62,0.49,0.2,12.9,80.5591968,202524.0,18.16,23.13,14.23,972.8
2014-02-25,1.65,1.3745,66222.0,0.292,20473.17,595975811.0,15.86,3.587,0.49,0.2,12.9,79.6729054,198156.0,18.47,22.88,13.67,975.2
2014-02-26,1.616,1.3687,68956.0,0.292,20398.1,612937817.0,16.46,3.536,0.49,0.2,12.9,80.0175024,186710.0,18.48,22.92,14.35,971.28
2014-02-27,1.569,1.3708,67284.0,0.292,20320.98,854333757.0,15.75,3.473,0.49,0.2,12.9,79.48632,192908.0,18.81,23.2,14.04,970.57
2014-02-28,1.628,1.3802,73332.0,0.2881,20442.41,741894382.0,16.07,3.482,0.49,0.2,12.9,79.0244871,189555.0,18.71,22.8,14.0,959.41
2014-03-03,1.562,1.3734,67321.0,0.2881,19759.69,997127773.0,17.05,3.461,0.49,0.2,12.9,80.966944,291312.0,20.9,25.25,16.0,983.25
2014-03-04,1.6,1.3742,71875.0,0.2881,20475.12,1045913402.0,16.75,3.418,0.49,0.2,12.9,79.53761,218495.0,19.88,23.77,14.1,971.24
2014-03-05,1.602,1.3732,63355.0,0.2881,20756.95,2376524498.0,16.58,3.377,0.49,0.2,12.9,78.4740648,220182.0,20.29,23.83,13.89,973.71
2014-03-06,1.652,1.3858,67179.0,0.2881,20838.05,2676920959.0,16.31,3.447,0.49,0.2,12.9,78.00496,228722.0,19.96,23.98,14.21,974.11
2014-03-07,1.655,1.3876,64597.0,0.2881,20634.21,1485747658.0,15.82,3.423,0.49,0.2,12.9,78.55303,172045.0,20.01,24.15,14.11,965.79
2014-03-10,1.627,1.3876,50713.0,0.2881,20753.36,1063869503.0,15.83,3.37,0.49,0.2,12.9,77.8900136,149339.0,20.33,23.63,14.2,964.91
2014-03-11,1.64,1.3859,66487.0,0.2881,20833.92,1213246173.0,16.14,3.398,0.49,0.2,12.9,78.3242525,146848.0,20.67,23.42,14.8,973.05
2014-03-12,1.597,1.3903,68293.0,0.2881,20781.46,1573583442.0,16.67,3.424,0.49,0.2,12.9,77.6955454,159230.0,20.9,23.53,14.47,982.66
2014-03-13,1.55,1.3868,80677.0,0.2881,20591.82,1254760488.0,17.3,3.414,0.49,0.2,12.9,77.4367812,86262.0,20.83,23.65,16.22,987.48
2014-03-14,1.544,1.3914,75167.0,0.2881,20346.57,1671211811.0,18.32,3.406,0.49,0.2,12.9,78.029259,12882.0,21.7,23.88,17.82,992.84
2014-03-15,1.544,1.3914,75167.0,0.2881,20346.57,1671211811.0,18.32,3.406,0.37,0.2,12.8,78.029259,12882.0,21.7,23.88,17.82,992.84
2014-03-17,1.567,1.392,58067.0,0.2881,20858.84,1142747071.0,17.87,3.377,0.37,0.2,12.8,76.3217536,166228.0,20.34,23.55,15.64,981.36
2014-03-18,1.57,1.3933,65289.0,0.2881,21038.03,1592187742.0,17.37,3.368,0.37,0.2,12.8,76.6453188,170581.0,20.25,23.33,14.52,972.47
2014-03-19,1.598,1.3832,70295.0,0.2881,20976.99,1949409452.0,17.59,3.385,0.37,0.2,12.8,76.525316,188478.0,19.88,22.93,15.12,960.67
2014-03-20,1.65,1.3778,72318.0,0.2881,21094.49,1280745262.0,16.91,3.433,0.37,0.2,12.8,77.2603455,205209.0,19.69,22.8,14.52,963.24
2014-03-21,1.634,1.3791,69600.0,0.2881,20972.24,1397118750.0,16.43,3.409,0.37,0.2,12.8,77.5287612,167796.0,19.46,22.6,15.0,967.16
2014-03-24,1.583,1.3838,64333.0,0.2881,20626.58,959650004.0,17.53,3.418,0.37,0.2,12.8,77.1862465,142787.0,19.52,22.27,15.09,945.34
2014-03-25,1.574,1.3825,67638.0,0.2881,20823.16,819386971.0,17.16,3.393,0.37,0.2,12.8,77.3890767,167091.0,19.19,22.13,14.02,947.75
2014-03-26,1.569,1.3781,67259.0,0.2881,21108.15,931598233.0,17.32,3.34,0.37,0.2,12.8,77.6652492,166383.0,19.17,22.2,14.93,945.91
2014-03-27,1.537,1.3739,78158.0,0.2881,21173.9,786058655.0,17.6,3.305,0.37,0.2,12.8,78.4851438,184833.0,19.28,21.95,14.62,939.23
2014-03-28,1.551,1.3752,62306.0,0.2881,21498.24,1631438753.0,17.48,3.306,0.37,0.2,12.8,78.5852619,140346.0,19.15,21.6,14.41,941.44
2014-03-31,1.57,1.377,58763.0,0.3053,21691.92,1941916611.0,17.37,3.293,0.37,0.2,12.8,78.2574672,145633.0,19.26,21.02,13.88,931.88
2014-04-01,1.58,1.3792,62893.0,0.3053,21915.41,1736095683.0,16.65,3.292,0.37,0.2,12.8,76.5808372,195027.0,19.61,20.55,13.1,926.71
2014-04-02,1.618,1.3766,59002.0,0.3053,21692.04,1932633587.0,16.19,3.307,0.37,0.2,12.8,76.1225997,271596.0,19.79,20.13,13.09,936.3
2014-04-03,1.603,1.3718,64042.0,0.3053,21992.08,1506062659.0,16.01,3.26,0.37,0.2,12.8,77.3801655,220535.0,18.45,19.9,13.37,937.4
2014-04-04,1.553,1.3702,61001.0,0.3053,22175.48,1195619977.0,15.81,3.177,0.37,0.2,12.8,77.8863904,184072.0,18.28,20.08,13.96,950.74
2014-04-07,1.544,1.374,54237.0,0.3053,21988.34,1123630070.0,15.95,3.191,0.37,0.2,12.8,77.015796,215202.0,18.64,21.0,15.57,943.49
2014-04-08,1.56,1.3794,75283.0,0.3053,21667.05,1420397046.0,15.99,3.222,0.37,0.2,12.8,78.0553665,193355.0,18.89,20.85,14.89,948.03
2014-04-09,1.577,1.3855,76800.0,0.3053,21717.02,1007068492.0,14.83,3.205,0.37,0.2,12.8,77.9356448,144718.0,18.55,21.08,13.82,946.3
2014-04-10,1.523,1.3887,68747.0,0.3053,21429.09,1235618041.0,15.06,3.164,0.37,0.2,12.8,77.381946,124823.0,18.72,21.1,15.89,949.28
2014-04-11,1.511,1.3883,66977.0,0.3053,21198.79,1336104173.0,15.19,3.209,0.37,0.2,12.8,77.3108723,105397.0,18.39,21.35,17.03,949.19
2014-04-14,1.526,1.3818,71745.0,0.3053,21314.56,1302559711.0,15.34,3.176,0.37,0.2,12.8,78.9328683,95832.0,18.71,21.88,16.11,960.32
2014-04-15,1.475,1.3812,78185.0,0.3053,20817.49,1782574262.0,16.1,3.117,0.49,0.2,12.8,78.7288474,19545.0,18.71,21.7,15.61,942.49
2014-04-16,1.489,1.3814,76508.0,0.3053,21534.52,1281608124.0,15.44,3.101,0.49,0.2,12.8,79.33944,229357.0,18.9,21.65,14.18,942.25
2014-04-17,1.515,1.3814,74673.0,0.3053,21613.3,1115701156.0,15.96,3.121,0.49,0.2,12.8,79.288767,163987.0,18.93,20.83,13.36,937.03
2014-04-18,1.515,1.3813,39734.0,0.3053,21613.3,1115701156.0,15.96,3.121,0.49,0.2,12.8,79.288767,163987.0,18.93,20.85,13.36,937.11
2014-04-21,1.515,1.3791,25765.0,0.3053,21613.3,1115701156.0,16.22,3.121,0.49,0.2,12.8,79.7258445,71867.0,18.28,20.85,13.25,934.61
2014-04-22,1.542,1.3803,54304.0,0.3053,21935.34,933584688.0,16.19,3.094,0.49,0.2,12.8,79.1639296,201105.0,18.81,20.3,13.19,929.38
2014-04-23,1.52,1.3816,60722.0,0.3053,21675.75,978727308.0,15.61,3.088,0.49,0.2,12.8,78.973818,181744.0,18.46,20.13,13.27,928.71
2014-04-24,1.531,1.383,63035.0,0.3053,21819.48,897060523.0,15.86,3.126,0.49,0.2,12.8,79.7763131,215429.0,18.36,20.15,13.32,934.33
2014-04-25,1.483,1.3831,52721.0,0.3053,21441.57,585466651.0,16.07,3.115,0.49,0.2,12.8,79.2274358,216211.0,18.88,20.13,14.06,941.41
2014-04-28,1.502,1.3849,60765.0,0.3053,21513.82,548063533.0,15.56,3.136,0.49,0.2,12.8,78.0702084,246467.0,19.14,19.83,13.97,935.81
2014-04-29,1.507,1.3811,60596.0,0.3053,21976.84,799251637.0,15.31,3.126,0.49,0.2,12.8,78.9080588,206500.0,19.19,19.6,13.71,937.89
2014-04-30,1.47,1.3866,75910.0,0.3297,21783.38,1055591301.0,15.52,3.073,0.49,0.2,12.8,77.9390033,213559.0,19.37,19.25,13.41,930.93
2014-05-01,1.47,1.3869,50822.0,0.3297,21783.38,1055591301.0,15.15,3.073,0.49,0.2,12.8,77.6981928,186877.0,18.44,19.5,13.25,925.44
2014-05-02,1.45,1.387,67459.0,0.3297,21782.0,853290650.0,14.85,3.043,0.49,0.2,12.8,78.2912182,215151.0,17.8,20.13,12.91,936.55
2014-05-05,1.46,1.3874,44725.0,0.3297,21639.96,482656201.0,15.51,3.042,0.49,0.2,12.8,77.6413444,139534.0,18.55,20.15,13.29,943.75
2014-05-06,1.461,1.3927,56203.0,0.3297,21521.65,464766435.0,15.02,3.005,0.49,0.2,12.8,76.8722918,194542.0,17.96,19.45,13.8,938.68
2014-05-07,1.473,1.391,65968.0,0.3297,21240.74,799266590.0,15.4,3.016,0.49,0.2,12.8,77.7357383,217143.0,17.71,19.2,13.4,926.83
2014-05-08,1.446,1.384,66627.0,0.3297,21729.64,801007599.0,14.87,2.932,0.49,0.2,12.8,78.0632216,163879.0,17.49,19.7,13.43,931.15
2014-05-09,1.46,1.3757,62503.0,0.3297,21390.11,643289991.0,14.76,2.953,0.49,0.2,12.8,78.425241,179226.0,17.0,19.8,12.92,936.16
2014-05-12,1.464,1.3756,57279.0,0.3297,21493.67,731691467.0,14.04,2.97,0.49,0.2,12.8,78.8097336,145648.0,16.65,19.9,12.23,941.56
2014-05-13,1.425,1.3702,74696.0,0.3297,21255.99,799565263.0,13.61,2.942,0.49,0.2,12.8,79.7255368,130635.0,16.86,19.8,12.13,943.38
2014-05-14,1.377,1.3714,69370.0,0.3297,21184.6,670168708.0,13.76,2.914,0.49,0.2,12.8,80.3483442,115257.0,16.72,19.6,12.17,951.84
2014-05-15,1.306,1.371,78075.0,0.3297,20419.62,1293371605.0,14.57,3.073,0.49,0.3,12.7,80.5538316,20368.0,15.94,19.48,13.17,944.98
2014-05-16,1.336,1.3692,60592.0,0.3297,20648.59,1043144140.0,14.04,3.051,0.49,0.3,12.7,80.1559125,229928.0,15.42,19.4,12.44,943.92
2014-05-19,1.34,1.3707,61531.0,0.3297,20318.46,640904838.0,14.23,3.145,0.49,0.3,12.7,79.7908835,171705.0,15.9,19.35,12.42,943.04
2014-05-20,1.356,1.3702,74064.0,0.3297,20379.85,574256966.0,14.07,3.26,0.49,0.3,12.7,80.0539558,172785.0,16.2,19.35,12.96,944.24
2014-05-21,1.375,1.3686,72775.0,0.3297,20597.51,656681079.0,14.36,3.207,0.49,0.3,12.7,80.7755685,219999.0,16.38,19.5,11.91,943.61
2014-05-22,1.359,1.3654,65036.0,0.3297,20372.68,647574938.0,13.98,3.235,0.49,0.3,12.7,80.8265604,200094.0,16.05,19.55,12.03,947.14
2014-05-23,1.412,1.3633,58223.0,0.3297,20745.96,592787575.0,14.52,3.151,0.49,0.3,12.7,81.0821954,143657.0,15.89,19.65,11.36,947.77
2014-05-26,1.417,1.3645,50518.0,0.3297,21493.87,758613367.0,14.52,2.992,0.49,0.3,12.7,80.8502184,29309.0,15.89,19.65,11.36,947.2
2014-05-27,1.393,1.3632,76743.0,0.3297,21403.55,649695522.0,16.21,3.001,0.49,0.3,12.7,80.7073714,173412.0,16.1,19.25,11.51,927.22
2014-05-28,1.336,1.3589,68320.0,0.3297,21586.01,680990580.0,15.8,2.934,0.49,0.3,12.7,80.8080809,175307.0,16.02,18.9,11.68,925.36
2014-05-29,1.35,1.3601,63903.0,0.3297,21511.35,398223385.0,15.01,2.961,0.49,0.3,12.7,80.8543428,174684.0,15.55,18.78,11.57,922.81
2014-05-30,1.355,1.363,61407.0,0.3297,21629.71,583753232.0,15.34,2.969,0.49,0.3,12.7,80.2719288,175046.0,15.61,18.75,11.4,916.45
2014-05-31,1.355,1.363,61407.0,0.3246,21629.71,583753232.0,15.34,2.969,0.49,0.3,12.7,80.2719288,175046.0,15.61,18.75,11.4,916.45
2014-06-02,1.367,1.3594,57835.0,0.3246,21796.17,520256049.0,15.55,2.967,0.49,0.3,12.7,80.0575246,194247.0,15.52,18.35,11.58,914.37
2014-06-03,1.409,1.3627,70626.0,0.3246,21656.65,556388622.0,15.05,2.992,0.49,0.3,12.7,79.8564688,177672.0,15.53,18.23,11.87,913.26
2014-06-04,1.434,1.3598,79172.0,0.3246,21622.77,536231007.0,14.79,3.018,0.49,0.3,12.7,79.71736,211086.0,15.41,17.63,12.08,914.26
2014-06-05,1.419,1.3658,93401.0,0.3246,21951.07,992159476.0,14.15,2.934,0.49,0.3,12.7,79.6527743,193325.0,15.14,17.43,11.68,917.29
2014-06-06,1.357,1.3641,85931.0,0.3246,22290.08,1003154487.0,13.22,2.752,0.49,0.3,12.7,79.6198188,155003.0,14.5,16.95,10.73,918.2
2014-06-09,1.382,1.3592,62667.0,0.3246,22429.73,658781315.0,12.77,2.702,0.49,0.3,12.7,80.9229427,189210.0,14.67,17.25,11.15,920.89
2014-06-10,1.411,1.3547,79885.0,0.3246,22502.97,575691691.0,12.37,2.787,0.49,0.3,12.7,80.8443784,214916.0,14.74,17.25,10.99,929.52
2014-06-11,1.398,1.3532,69395.0,0.3246,22223.77,726631891.0,12.36,2.788,0.49,0.3,12.7,81.2519505,131570.0,14.67,17.4,11.6,931.47
2014-06-12,1.388,1.3551,83148.0,0.3246,22163.49,617286531.0,12.91,2.816,0.49,0.3,12.7,83.403109,133073.0,19.17,17.38,12.56,939.31
2014-06-13,1.373,1.3542,79913.0,0.3246,22165.97,586869338.0,12.52,2.784,0.49,0.3,12.7,83.7464804,16054.0,19.47,18.15,12.18,942.58
2014-06-15,1.373,1.3542,79913.0,0.3246,22165.97,586869338.0,12.52,2.784,0.25,0.3,12.2,83.7464804,16054.0,19.47,18.15,12.18,942.58
2014-06-16,1.355,1.3573,55872.0,0.3246,21976.26,563297628.0,12.41,2.779,0.25,0.3,12.2,83.2096744,175895.0,19.52,18.35,12.65,936.65
2014-06-17,1.404,1.3545,66452.0,0.3246,21996.4,612942037.0,12.53,2.837,0.25,0.3,12.2,83.757866,240515.0,17.4,17.83,12.06,937.7
2014-06-18,1.375,1.3595,69123.0,0.3246,22030.34,530989112.0,12.11,2.841,0.25,0.3,12.2,84.0450856,240752.0,17.28,17.5,10.61,939.44
2014-06-19,1.326,1.3608,62655.0,0.3246,22216.63,690743912.0,14.48,2.801,0.25,0.3,12.2,84.5529916,250241.0,18.05,17.43,10.62,969.84
2014-06-20,1.348,1.3599,58133.0,0.3246,21988.08,881173651.0,12.79,2.835,0.25,0.3,12.2,84.4255335,198840.0,18.84,17.5,10.85,966.4
2014-06-23,1.325,1.3603,64164.0,0.3246,21694.75,555516184.0,12.93,2.791,0.25,0.3,12.2,83.8930356,220720.0,18.05,17.25,10.98,968.07
2014-06-24,1.321,1.3605,67577.0,0.3246,21641.24,576992260.0,12.96,2.762,0.25,0.3,12.2,84.1303892,230490.0,17.93,17.4,12.13,968.62
2014-06-25,1.268,1.3629,64257.0,0.3246,21469.1,965087195.0,12.92,2.739,0.25,0.3,12.2,83.64522,211906.0,17.7,17.38,11.59,967.43
2014-06-26,1.243,1.3611,67998.0,0.3246,21384.54,696366477.0,12.76,2.729,0.25,0.3,12.2,83.175387,180862.0,16.97,17.23,11.63,967.08
2014-06-27,1.263,1.3647,66925.0,0.3246,21319.76,489572164.0,12.64,2.722,0.25,0.3,12.2,83.021708,135705.0,16.44,17.23,11.26,963.3
2014-06-30,1.25,1.3691,55102.0,0.2414,21283.03,682903195.0,14.01,2.734,0.25,0.3,12.2,82.0688676,221843.0,16.52,16.65,11.57,969.11
2014-07-01,1.249,1.3679,61889.0,0.2414,21563.43,724885344.0,13.74,2.726,0.25,0.3,12.2,82.0896045,229188.0,16.24,16.9,11.15,969.3
2014-07-02,1.284,1.3659,53607.0,0.2414,21678.58,604590965.0,13.89,2.912,0.25,0.3,12.2,81.4410288,269764.0,15.87,16.8,10.82,970.9
2014-07-03,1.294,1.361,59171.0,0.2414,21884.6,585334968.0,12.99,2.858,0.25,0.3,12.2,81.55725,218983.0,15.59,16.33,10.32,969.0
2014-07-04,1.265,1.3593,44668.0,0.2414,21559.19,576486420.0,12.99,2.823,0.25,0.3,12.2,81.3945288,71846.0,15.59,15.98,10.32,970.39
2014-07-07,1.258,1.3604,51156.0,0.2414,21273.22,412600530.0,12.99,2.813,0.25,0.3,12.2,81.0352192,152507.0,16.36,15.43,11.33,969.82
2014-07-08,1.223,1.3611,59233.0,0.2414,20700.53,804083188.0,12.83,2.844,0.25,0.3,12.2,80.038218,232726.0,16.31,15.85,11.98,968.75
2014-07-09,1.232,1.3644,58469.0,0.2414,20885.36,637768879.0,13.05,2.876,0.25,0.3,12.2,79.3605776,173181.0,16.36,15.55,11.65,972.74
2014-07-10,1.201,1.3609,67808.0,0.2414,20488.75,981114062.0,12.91,2.944,0.25,0.3,12.2,79.8518027,152467.0,16.46,15.38,12.59,981.12
2014-07-11,1.203,1.3608,56011.0,0.2414,20614.86,675209090.0,13.27,2.891,0.25,0.3,12.2,78.3801676,171039.0,17.26,15.38,12.08,983.25
2014-07-14,1.211,1.3619,49283.0,0.2414,20697.54,606953278.0,14.23,2.878,0.25,0.3,12.2,78.5522046,99201.0,18.1,16.1,11.82,959.18
2014-07-15,1.209,1.3571,62357.0,0.2414,20422.95,677965305.0,14.73,2.852,0.12,0.3,12.9,78.1229574,63860.0,17.96,16.05,11.96,953.11
2014-07-16,1.197,1.3525,56416.0,0.2414,21069.97,795508746.0,14.67,2.819,0.12,0.3,12.9,78.2623145,11523.0,16.88,16.13,11.0,960.15
2014-07-17,1.154,1.3526,62218.0,0.2414,20603.29,730119990.0,15.52,2.783,0.12,0.3,12.9,79.7652348,296510.0,17.87,17.25,14.54,974.57
2014-07-18,1.159,1.3524,69975.0,0.2414,20737.12,546081308.0,14.35,2.792,0.12,0.3,12.9,79.2964732,210876.0,17.39,16.5,12.06,968.91
2014-07-21,1.148,1.3523,49481.0,0.2414,20431.2,487102348.0,14.69,2.771,0.12,0.3,12.9,79.6272064,211696.0,16.97,16.3,12.81,970.09
2014-07-22,1.173,1.3464,62467.0,0.2414,20873.5,474513282.0,14.62,2.78,0.12,0.3,12.9,79.7161376,183102.0,17.1,16.38,12.24,969.41
2014-07-23,1.148,1.3464,54835.0,0.2414,20831.26,483243776.0,14.07,2.74,0.12,0.3,12.9,80.2360416,207150.0,16.73,16.77,11.52,968.58
2014-07-24,1.179,1.3463,61404.0,0.2414,21255.6,678948610.0,14.33,2.729,0.12,0.3,12.9,79.5294546,179569.0,15.95,17.1,11.84,959.9
2014-07-25,1.145,1.3429,56559.0,0.2414,21063.31,582850362.0,14.68,2.722,0.12,0.3,12.9,80.7136974,253169.0,16.67,18.25,12.69,973.05
2014-07-28,1.151,1.3439,41940.0,0.2414,20939.08,419786342.0,14.55,2.671,0.12,0.3,12.9,80.042837,139522.0,16.37,18.78,12.56,970.01
2014-07-29,1.119,1.3409,53309.0,0.2414,21085.12,434648684.0,15.05,2.639,0.12,0.3,12.9,80.3343444,176638.0,16.79,18.13,13.28,968.01
2014-07-30,1.166,1.3396,60774.0,0.2414,20887.53,465880244.0,14.85,2.679,0.12,0.3,12.9,79.5086499,218385.0,17.11,17.42,13.33,966.64
2014-07-31,1.166,1.3388,56586.0,0.205,20570.8,696747573.0,15.46,2.689,0.12,0.3,12.9,79.1905788,234552.0,18.78,17.38,16.95,957.65
2014-08-01,1.139,1.3429,55494.0,0.205,20362.41,698766600.0,14.37,2.748,0.12,0.3,12.9,78.0701544,216356.0,19.39,17.75,17.03,963.18
2014-08-04,1.135,1.3421,56656.0,0.205,20381.39,464522273.0,14.17,2.694,0.12,0.3,12.9,78.540991,207792.0,18.92,17.38,15.12,959.47
2014-08-05,1.175,1.3375,65628.0,0.205,20052.2,836145611.0,14.76,2.75,0.12,0.3,12.9,78.2127126,209177.0,19.1,17.7,16.87,963.0
2014-08-06,1.103,1.3381,72620.0,0.205,19509.84,984984200.0,14.51,2.809,0.12,0.3,12.9,78.1632447,204924.0,18.81,17.98,16.37,975.57
2014-08-07,1.071,1.3362,66917.0,0.205,19130.65,958931397.0,14.82,2.85,0.12,0.3,12.9,78.9102416,189819.0,18.85,18.1,16.66,981.85
2014-08-08,1.054,1.341,80056.0,0.205,19193.48,1007990350.0,14.85,2.828,0.12,0.3,12.9,78.3144642,203740.0,18.88,18.13,15.77,975.92
2014-08-11,1.064,1.3385,59925.0,0.205,19460.67,558450839.0,14.49,2.783,0.12,0.3,12.9,78.206428,143613.0,17.54,18.08,14.23,977.2
2014-08-12,1.062,1.3369,61908.0,0.205,19416.26,578525591.0,14.35,2.733,0.12,0.3,12.9,77.05896,139912.0,17.55,17.85,14.13,978.98
2014-08-13,1.029,1.3364,64384.0,0.205,19537.26,472725017.0,13.53,2.721,0.12,0.3,12.9,78.0306384,99102.0,17.19,18.05,12.9,981.96
2014-08-14,1.017,1.3362,70873.0,0.205,19480.96,568820381.0,12.55,2.65,0.12,0.3,12.9,76.3432639,18568.0,17.86,18.33,12.42,982.44
2014-08-15,0.967,1.3398,63382.0,0.205,19480.96,568820381.0,13.33,2.616,-0.12,-0.1,12.5,77.2727214,199628.0,18.59,19.05,13.15,973.46
2014-08-18,1.014,1.3362,43997.0,0.205,19639.9,500628541.0,13.46,2.631,-0.12,-0.1,12.5,76.036424,181098.0,19.52,18.15,12.32,971.45
2014-08-19,1.003,1.3319,46314.0,0.205,19644.37,426880887.0,13.43,2.591,-0.12,-0.1,12.5,76.2522636,177096.0,19.38,17.95,12.21,972.49
2014-08-20,0.986,1.3258,46585.0,0.205,19605.97,339703763.0,13.51,2.593,-0.12,-0.1,12.5,77.1457128,166194.0,17.96,17.35,11.78,973.8
2014-08-21,0.996,1.3281,51592.0,0.205,20010.51,543154083.0,13.84,2.589,-0.12,-0.1,12.5,77.2762848,179611.0,17.25,17.3,11.76,960.97
2014-08-22,0.988,1.3242,53764.0,0.205,19917.98,460538158.0,13.46,2.577,-0.12,-0.1,12.5,77.2463393,132505.0,16.51,17.98,11.47,966.92
2014-08-25,0.952,1.3191,45109.0,0.205,20375.39,445146236.0,13.55,2.472,-0.12,-0.1,12.5,77.8179385,82942.0,16.92,17.95,11.7,967.55
2014-08-26,0.944,1.3167,59075.0,0.205,20645.54,564835067.0,13.24,2.419,-0.12,-0.1,12.5,77.845675,149825.0,16.68,17.93,11.63,973.03
2014-08-27,0.908,1.3192,71189.0,0.205,20763.14,641018506.0,12.72,2.38,-0.12,-0.1,12.5,77.8658688,146234.0,16.47,18.08,11.78,971.95
2014-08-28,0.885,1.3182,71398.0,0.205,20341.09,744529730.0,12.9,2.45,-0.12,-0.1,12.5,77.7271806,184780.0,16.52,18.95,12.05,978.11
2014-08-29,0.887,1.3132,75030.0,0.205,20450.49,431525325.0,12.85,2.444,-0.12,-0.1,12.5,78.579185,169325.0,16.68,19.6,11.98,979.88
2014-08-31,0.887,1.3132,75030.0,0.1916,20450.49,431525325.0,12.85,2.444,-0.12,-0.1,12.5,78.579185,169325.0,16.68,19.6,11.98,979.88
2014-09-01,0.884,1.3127,52320.0,0.1916,20345.85,359726647.0,12.85,2.422,-0.12,-0.1,12.5,78.3043941,73330.0,16.68,22.75,11.98,980.53
2014-09-02,0.929,1.3131,71611.0,0.1916,20446.28,409462992.0,14.05,2.46,-0.12,-0.1,12.5,76.4149304,243848.0,18.34,21.98,12.25,963.14
2014-09-03,0.958,1.315,70063.0,0.1916,20831.96,671766961.0,13.44,2.466,-0.12,-0.1,12.5,78.1524742,233643.0,18.49,21.75,12.36,964.83
2014-09-04,0.965,1.2944,78302.0,0.1916,21419.39,1129566497.0,14.01,2.348,-0.12,-0.1,12.5,78.6697848,218441.0,18.95,22.05,12.64,974.31
2014-09-05,0.935,1.295,77130.0,0.1916,21395.13,755509360.0,13.27,2.254,-0.12,-0.1,12.5,77.853204,202144.0,18.52,21.83,12.09,979.33
2014-09-08,0.945,1.2896,69252.0,0.1916,21294.34,501638497.0,14.47,2.297,-0.12,-0.1,12.5,77.698086,197607.0,20.43,21.7,12.66,973.1
2014-09-09,1.002,1.2935,74128.0,0.1916,21149.8,640493676.0,15.36,2.374,-0.12,-0.1,12.5,76.660596,172503.0,19.68,21.23,13.5,970.05
2014-09-10,1.001,1.2916,84309.0,0.1916,21140.64,542206977.0,15.89,2.409,-0.12,-0.1,12.5,75.9055092,203275.0,20.49,21.42,12.88,967.49
2014-09-11,1.002,1.2925,86806.0,0.1916,21092.24,537162633.0,16.42,2.461,-0.12,-0.1,12.5,75.8835152,144789.0,20.63,21.5,12.8,959.62
2014-09-12,1.088,1.2964,76438.0,0.1916,21071.12,446690925.0,17.86,2.47,-0.12,-0.1,12.5,74.9077407,103485.0,19.53,21.5,13.31,948.1
2014-09-15,1.069,1.294,74379.0,0.1916,20851.72,464694843.0,16.5,2.465,-0.25,-0.1,12.9,74.69112,19954.0,20.17,22.1,14.12,952.79
2014-09-16,1.065,1.2959,83977.0,0.1916,20788.5,586715028.0,16.58,2.474,-0.25,-0.1,12.9,76.432923,199768.0,18.93,21.85,12.73,953.06
2014-09-17,1.054,1.2865,80249.0,0.1916,21111.66,624818438.0,17.14,2.427,-0.25,-0.1,12.9,76.929381,190165.0,19.18,21.9,12.65,950.37
2014-09-18,1.086,1.2922,75780.0,0.1916,21128.72,687314029.0,15.5,2.423,-0.25,-0.1,12.9,75.607099,193584.0,18.98,22.23,12.03,947.73
2014-09-19,1.044,1.2828,70208.0,0.1916,20972.35,979180992.0,16.9,2.372,-0.25,-0.1,12.9,76.6989406,158385.0,18.56,22.15,12.11,947.23
2014-09-22,1.018,1.2849,51332.0,0.1916,20673.0,539509637.0,16.44,2.377,-0.25,-0.1,12.9,75.4688419,171138.0,19.98,22.0,13.69,945.23
2014-09-23,1.013,1.2845,54690.0,0.1916,20351.03,604655622.0,16.65,2.398,-0.25,-0.1,12.9,75.3986935,192360.0,20.73,21.58,14.93,951.83
2014-09-24,1.01,1.2779,50475.0,0.1916,20691.04,646544821.0,17.21,2.372,-0.25,-0.1,12.9,75.8662835,216742.0,19.8,21.9,13.27,951.94
2014-09-25,0.979,1.2749,62283.0,0.1916,20411.49,991822114.0,17.99,2.354,-0.25,-0.1,12.9,76.08486,190331.0,20.07,22.25,15.64,957.76
2014-09-26,0.966,1.2683,58763.0,0.1916,20795.37,646521263.0,17.84,2.384,-0.25,-0.1,12.9,76.48062,165598.0,19.42,21.78,14.85,959.92
2014-09-29,0.965,1.2684,59602.0,0.1916,20526.11,537156936.0,17.17,2.408,-0.25,-0.1,12.9,76.631508,170225.0,19.86,22.25,15.98,958.06
2014-09-30,0.946,1.2631,76292.0,0.0971,20892.11,658808483.0,18.83,2.351,-0.25,-0.1,12.9,74.950239,261952.0,21.52,22.0,16.31,956.11
2014-10-01,0.904,1.2623,78134.0,0.0971,20706.31,600059500.0,18.73,2.289,-0.25,-0.1,12.9,74.593552,247985.0,22.38,24.4,16.71,961.19
2014-10-02,0.915,1.2668,99329.0,0.0971,19894.88,1019840219.0,18.2,2.325,-0.25,-0.1,12.9,73.7448138,285902.0,23.36,23.95,16.16,958.57
2014-10-03,0.931,1.2516,80193.0,0.0971,20200.62,559184343.0,19.13,2.312,-0.25,-0.1,12.9,73.7538438,239603.0,24.22,23.55,14.55,951.51
2014-10-06,0.909,1.2652,70230.0,0.0971,20119.73,502088362.0,17.6,2.332,-0.25,-0.1,12.9,73.3402881,203600.0,24.62,23.38,15.46,953.62
2014-10-07,0.905,1.2668,91922.0,0.0971,19771.71,631079231.0,17.56,2.347,-0.25,-0.1,12.9,72.7107129,222631.0,25.09,23.23,17.2,953.9
2014-10-08,0.905,1.2733,90047.0,0.0971,19645.49,682539744.0,17.5,2.337,-0.25,-0.1,12.9,71.7661968,207633.0,25.28,23.6,15.11,958.69
2014-10-09,0.902,1.269,90484.0,0.0971,19382.49,876571077.0,17.86,2.306,-0.25,-0.1,12.9,70.961201,216473.0,27.72,23.45,18.76,964.46
2014-10-10,0.892,1.2627,81685.0,0.0971,19200.97,856241833.0,18.11,2.319,-0.25,-0.1,12.9,71.4418095,197676.0,30.03,23.13,21.24,968.21
2014-10-13,0.893,1.2752,80871.0,0.0971,19139.08,672656430.0,17.69,2.335,-0.25,-0.1,12.9,69.7066491,146533.0,31.32,22.78,24.64,968.64
2014-10-14,0.84,1.2658,100494.0,0.0971,19155.85,891438898.0,17.98,2.31,-0.25,-0.1,12.9,67.1824504,141657.0,37.23,22.7,22.79,973.58
2014-10-15,0.763,1.2836,107397.0,0.0971,18304.99,1135948596.0,20.04,2.404,0.12,-0.1,13.0,65.2696468,86478.0,36.36,22.65,26.25,967.3
2014-10-16,0.824,1.2807,104460.0,0.0971,18083.11,1782052796.0,19.68,2.549,0.12,-0.1,13.0,65.9558654,14938.0,34.09,22.95,25.2,966.71
2014-10-17,0.865,1.2761,87709.0,0.0971,18700.98,1212041538.0,18.08,2.486,0.12,-0.1,13.0,67.5184224,280473.0,31.16,22.6,21.99,969.8
2014-10-20,0.853,1.2798,86381.0,0.0971,18540.1,812542010.0,17.27,2.585,0.12,-0.1,13.0,66.728998,247595.0,29.36,22.5,18.57,973.9
2014-10-21,0.876,1.2714,95134.0,0.0971,19057.72,968024367.0,17.01,2.508,0.12,-0.1,13.0,67.8146166,258394.0,27.14,22.52,16.08,981.76
2014-10-22,0.869,1.2648,87391.0,0.0971,19266.25,791208388.0,16.58,2.511,0.12,-0.1,13.0,66.9751144,264812.0,30.68,22.85,17.87,981.07
2014-10-23,0.893,1.2644,90518.0,0.0971,19434.98,787013956.0,16.91,2.51,0.12,-0.1,13.0,68.6729787,306978.0,31.78,22.6,16.53,973.7
2014-10-24,0.889,1.267,85049.0,0.0971,19495.68,933370334.0,16.24,2.525,0.12,-0.1,13.0,67.9798251,208221.0,31.27,22.45,16.11,971.12
2014-10-27,0.867,1.2697,76358.0,0.0971,19028.67,1260113089.0,16.49,2.552,0.12,-0.1,13.0,67.5988497,228442.0,32.44,22.4,16.04,965.46
2014-10-28,0.876,1.2734,80553.0,0.0971,19476.62,751458356.0,16.3,2.527,0.12,-0.1,13.0,67.559359,198863.0,30.11,22.6,14.39,964.53
2014-10-29,0.894,1.2631,77368.0,0.0971,19157.41,893521051.0,16.75,2.502,0.12,-0.1,13.0,68.972904,243839.0,28.93,22.75,15.15,958.98
2014-10-30,0.847,1.2612,94085.0,0.0971,19194.61,1162043470.0,18.08,2.483,0.12,-0.1,13.0,68.379696,191876.0,30.45,22.38,14.52,949.95
2014-10-31,0.841,1.2524,89696.0,0.0826,19783.99,1293141460.0,21.54,2.362,0.12,-0.1,13.0,68.5566342,225370.0,30.52,21.55,14.03,936.45
2014-11-03,0.858,1.2482,83550.0,0.0826,19369.03,999312732.0,21.1,2.409,0.12,-0.1,13.0,67.921497,248166.0,31.84,23.15,14.73,933.51
2014-11-04,0.812,1.2544,89039.0,0.0826,18934.63,943074331.0,20.1,2.409,0.12,-0.1,13.0,66.0232758,313674.0,33.13,22.9,14.89,930.92
2014-11-05,0.826,1.2485,93279.0,0.0826,19427.85,849096084.0,23.38,2.438,0.12,-0.1,13.0,66.439632,364449.0,31.39,22.85,14.17,913.03
2014-11-06,0.831,1.2373,99492.0,0.0826,19285.76,1104139913.0,23.18,2.377,0.12,-0.1,13.0,66.9682806,224783.0,30.34,22.8,13.67,922.19
2014-11-07,0.825,1.2452,93839.0,0.0826,19095.32,850453403.0,21.38,2.368,0.12,-0.1,13.0,66.9688412,195440.0,29.47,23.25,13.12,945.09
2014-11-10,0.827,1.242,94823.0,0.0826,19258.54,666463410.0,22.23,2.343,0.12,-0.1,13.0,66.296051,219905.0,30.72,23.2,12.67,926.57
2014-11-11,0.831,1.2474,102330.0,0.0826,19255.47,912807372.0,21.43,2.32,0.12,-0.1,13.0,65.4723889,213423.0,30.79,22.95,12.92,932.87
2014-11-12,0.812,1.2438,105968.0,0.0826,18702.24,996501975.0,21.29,2.354,0.12,-0.1,13.0,64.6247162,116121.0,30.71,22.83,13.02,934.37
2014-11-13,0.8,1.2475,102718.0,0.0826,18782.55,863418817.0,20.98,2.361,0.12,-0.1,13.0,62.460672,21787.0,33.12,22.55,13.79,931.56
2014-11-14,0.791,1.2521,105500.0,0.0826,18965.41,756120147.0,23.36,2.344,0.12,-0.1,13.0,63.4215906,267611.0,32.99,22.3,13.31,948.55
2014-11-15,0.791,1.2521,105500.0,0.0826,18965.41,756120147.0,23.36,2.344,0.12,-0.1,13.3,63.4215906,267611.0,32.99,22.3,13.31,948.55
2014-11-17,0.799,1.2449,85095.0,0.0826,19216.74,769475510.0,23.37,2.299,0.12,-0.1,13.3,63.7081368,189076.0,34.39,22.83,13.99,952.83
2014-11-18,0.802,1.2536,83980.0,0.0826,19352.95,682459193.0,23.97,2.316,0.12,-0.1,13.3,62.595519,209549.0,33.17,22.85,13.86,954.38
2014-11-19,0.846,1.2553,89903.0,0.0826,19379.92,647787906.0,24.26,2.319,0.12,-0.1,13.3,62.216022,247154.0,33.14,22.8,13.96,941.7
2014-11-20,0.801,1.2538,85079.0,0.0826,19209.22,674974601.0,21.5,2.296,0.12,-0.1,13.3,63.2720214,206376.0,33.64,23.08,13.58,951.56
2014-11-21,0.771,1.2388,85139.0,0.0826,19954.51,1013700562.0,21.23,2.213,0.12,-0.1,13.3,64.8690028,264605.0,34.92,23.35,12.9,969.22
2014-11-24,0.781,1.2442,76186.0,0.0826,19925.82,815126943.0,20.64,2.182,0.12,-0.1,13.3,64.0412064,151150.0,36.28,23.8,12.62,961.58
2014-11-25,0.75,1.2474,86543.0,0.0826,20009.83,754197141.0,20.67,2.147,0.12,-0.1,13.3,62.7948111,256827.0,37.49,24.7,12.25,962.36
2014-11-26,0.736,1.2505,82967.0,0.0826,19938.42,556809024.0,21.24,2.16,0.12,-0.1,13.3,62.17512,202194.0,36.02,24.68,12.07,957.57
2014-11-27,0.704,1.2466,78378.0,0.0826,20100.53,502491637.0,21.24,2.069,0.12,-0.1,13.3,58.2222244,244649.0,36.02,24.15,12.07,955.04
2014-11-28,0.702,1.245,85789.0,0.0826,20014.82,624516401.0,25.17,2.033,0.12,-0.1,13.3,56.3451815,262029.0,36.44,24.0,13.33,937.08
2014-11-30,0.702,1.245,85789.0,0.0809,20014.82,624516401.0,25.17,2.033,0.12,-0.1,13.3,56.3451815,262029.0,36.44,24.0,13.33,937.08
2014-12-01,0.729,1.2469,84104.0,0.0809,19686.45,695856273.0,22.33,2.016,0.12,-0.1,13.3,58.1763546,369850.0,37.49,23.95,14.29,971.74
2014-12-02,0.747,1.2381,82045.0,0.0809,19780.58,611218085.0,21.29,2.017,0.12,-0.1,13.3,56.9744526,252522.0,38.57,23.67,12.85,967.37
2014-12-03,0.746,1.231,72737.0,0.0809,19978.32,591524727.0,20.62,1.98,0.12,-0.1,13.3,56.799512,244860.0,36.16,23.58,12.47,982.04
2014-12-04,0.77,1.2377,86702.0,0.0809,19424.38,982008452.0,20.29,2.024,0.12,-0.1,13.3,56.265638,190550.0,35.39,23.4,12.38,973.19
2014-12-05,0.785,1.2285,65239.0,0.0809,20087.23,973918363.0,20.02,1.973,0.12,-0.1,13.3,56.22298,196036.0,34.2,23.33,11.82,970.09
2014-12-08,0.717,1.2316,88133.0,0.0809,19951.15,545959920.0,19.62,1.947,0.12,-0.1,13.3,53.7429705,191666.0,39.68,23.05,14.21,976.71
2014-12-09,0.692,1.2374,96168.0,0.0809,19390.0,890558297.0,20.04,2.022,0.12,-0.1,13.3,54.016746,190516.0,37.56,23.23,14.89,994.42
2014-12-10,0.681,1.2447,92745.0,0.0809,19217.69,797092986.0,19.27,2.058,0.12,-0.1,13.3,51.6110584,249642.0,42.21,22.88,18.53,985.0
2014-12-11,0.68,1.2409,106037.0,0.0809,19201.07,831552541.0,19.11,2.061,0.12,-0.1,13.3,51.3178016,185627.0,44.95,22.83,20.08,988.76
2014-12-12,0.625,1.246,88070.0,0.0809,18600.83,738685844.0,19.66,2.073,0.12,-0.1,13.3,49.6389545,153892.0,49.77,22.77,21.08,980.48
2014-12-15,0.627,1.2436,99382.0,0.0809,18078.97,883302486.0,20.95,2.002,0.0,-0.1,12.4,49.0995672,107893.0,57.55,22.25,20.42,958.68
2014-12-16,0.603,1.251,105469.0,0.0809,18670.05,1380135844.0,22.08,2.001,0.0,-0.1,12.4,47.8496896,19698.0,55.77,22.5,23.57,956.25
2014-12-17,0.59,1.2341,87811.0,0.0809,18569.03,777165138.0,20.9,1.975,0.0,-0.1,12.4,49.5747658,304053.0,56.75,22.4,19.44,963.3
2014-12-18,0.615,1.2285,79971.0,0.0809,19060.99,855458735.0,19.28,1.961,0.0,-0.1,12.4,48.24578,294885.0,57.45,22.6,16.81,974.57
2014-12-19,0.594,1.2226,78072.0,0.0809,18983.83,1028083307.0,18.68,1.956,0.0,-0.1,12.4,50.2045434,222067.0,54.84,22.45,16.49,977.46
2014-12-22,0.605,1.2229,68336.0,0.0809,19074.04,525585768.0,20.26,1.936,0.0,-0.1,12.4,49.1537503,195794.0,54.82,22.1,15.25,961.27
2014-12-23,0.596,1.2171,72762.0,0.0809,19352.13,492277980.0,19.76,1.944,0.0,-0.1,12.4,50.6863547,159862.0,53.97,22.38,14.8,965.83
2014-12-24,0.596,1.2193,59801.0,0.0809,19352.13,492277980.0,19.37,1.944,0.0,-0.1,12.4,49.4052336,108671.0,54.88,22.6,14.37,962.04
2014-12-25,0.596,1.2221,16157.0,0.0809,19352.13,492277980.0,19.37,1.944,0.0,-0.1,12.4,49.4052336,108671.0,54.88,22.6,14.37,959.83
2014-12-26,0.596,1.2175,31670.0,0.0809,19352.13,492277980.0,18.92,1.944,0.0,-0.1,12.4,48.829852,48782.0,54.68,22.44,14.5,981.89
2014-12-29,0.551,1.2151,66560.0,0.0809,19130.02,538396639.0,20.15,1.983,0.0,-0.1,12.4,47.6340824,155113.0,53.63,21.53,15.06,973.09
2014-12-30,0.541,1.2156,80728.0,0.0809,19011.96,358437797.0,19.48,1.893,0.0,-0.1,12.4,47.630856,154112.0,51.17,21.2,15.92,987.05
2014-12-31,0.541,1.2097,53397.0,0.0809,19011.96,358437797.0,20.08,1.893,0.0,-0.1,12.4,47.3918445,148140.0,50.24,20.95,19.2,978.26
2015-01-01,0.541,1.2102,2071.0,0.0809,19011.96,358437797.0,20.08,1.893,0.0,-0.1,12.4,47.3918445,148140.0,50.24,22.6,19.2,976.04
2015-01-02,0.499,1.2,62560.0,0.0809,19130.26,513824820.0,20.23,1.753,0.0,-0.1,12.4,47.0164786,177976.0,54.25,20.4,17.79,989.67
2015-01-05,0.513,1.1931,81568.0,0.0809,18188.44,836167101.0,21.26,1.845,0.0,-0.1,12.4,44.5141465,289889.0,57.67,20.25,19.92,1008.8
2015-01-06,0.451,1.1888,85308.0,0.0809,18143.26,703936168.0,20.78,1.864,0.0,-0.1,12.4,42.984298,338881.0,56.45,19.45,21.12,1024.64
2015-01-07,0.472,1.1837,94350.0,0.0809,18123.45,752623765.0,20.35,1.925,0.0,-0.1,12.4,43.2120315,318275.0,53.25,19.5,19.31,1022.8
2015-01-08,0.511,1.1792,87735.0,0.0809,18791.83,940258887.0,19.2,1.839,0.0,-0.1,12.4,43.2156088,243424.0,50.96,19.55,17.01,1025.01
2015-01-09,0.484,1.1839,93117.0,0.0809,18177.09,915115291.0,18.44,1.883,0.0,-0.1,12.4,42.3264137,285716.0,50.07,19.45,17.55,1032.29
2015-01-12,0.48,1.1833,94452.0,0.0809,18349.15,619599994.0,17.65,1.81,0.0,-0.1,12.4,40.0826187,223924.0,53.13,19.92,19.6,1041.62
2015-01-13,0.477,1.1772,108005.0,0.0809,18708.93,721968516.0,17.63,1.802,0.0,-0.1,12.4,39.5768073,208057.0,53.78,20.4,20.56,1045.02
2015-01-14,0.433,1.1789,100198.0,0.0809,18410.68,817257109.0,18.52,1.738,0.0,-0.1,12.4,41.3012925,122335.0,53.17,20.48,21.48,1041.73
2015-01-15,0.417,1.1628,87856.0,0.0809,18844.52,989430627.0,21.83,1.741,-0.61,-0.1,12.5,40.9957233,17933.0,57.77,20.15,22.39,1084.93
2015-01-16,0.459,1.1567,76749.0,0.0809,19254.54,841152826.0,22.66,1.74,-0.61,-0.1,12.5,43.3734701,293492.0,56.44,19.75,20.95,1105.86
2015-01-19,0.44,1.1604,75367.0,0.0809,19480.53,1014935096.0,22.66,1.742,-0.61,-0.1,12.5,42.0888468,106771.0,56.44,19.15,20.95,1099.84
2015-01-20,0.45,1.1549,71286.0,0.0809,19658.66,1035645730.0,23.43,1.747,-0.61,-0.1,12.5,41.5535812,259584.0,57.99,19.38,19.89,1120.41
2015-01-21,0.519,1.1608,77386.0,0.0809,19981.41,1228247705.0,22.34,1.766,-0.61,-0.1,12.5,42.2378741,268649.0,55.09,19.42,18.85,1113.15
2015-01-22,0.447,1.1365,64944.0,0.0809,20469.74,1346308171.0,21.25,1.631,-0.61,-0.1,12.5,42.6922628,321470.0,56.4,19.52,16.4,1144.92
2015-01-23,0.369,1.1207,74739.0,0.0809,20519.75,1310252637.0,20.62,1.574,-0.61,-0.1,12.5,43.535317,245343.0,57.62,19.48,16.66,1154.43
2015-01-26,0.393,1.1237,63566.0,0.0809,20756.72,813582637.0,20.04,1.549,-0.61,-0.1,12.5,42.8585472,241380.0,56.65,19.7,15.52,1139.64
2015-01-27,0.386,1.1381,71939.0,0.0809,20645.82,765292856.0,20.16,1.58,-0.61,-0.1,12.5,43.581536,249568.0,54.23,19.88,17.22,1135.11
2015-01-28,0.358,1.1286,66371.0,0.0809,20478.44,826932257.0,19.31,1.641,-0.61,-0.1,12.5,42.9468435,275153.0,55.18,20.25,20.44,1137.2
2015-01-29,0.359,1.1319,65936.0,0.0809,20593.72,947109916.0,20.25,1.653,-0.61,-0.1,12.5,43.4048811,236631.0,54.69,20.6,18.76,1110.06
2015-01-30,0.312,1.1286,60565.0,0.0809,20503.38,1064393319.0,19.65,1.651,-0.61,-0.1,12.5,46.9517895,335018.0,58.62,20.23,20.97,1136.73
2015-01-31,0.312,1.1286,60565.0,0.0627,20503.38,1064393319.0,19.65,1.651,-0.61,-0.1,12.5,46.9517895,335018.0,58.62,20.23,20.97,1136.73
2015-02-02,0.308,1.134,62522.0,0.0627,20485.69,907509879.0,20.33,1.672,-0.61,-0.1,12.5,48.2801925,402067.0,57.84,20.38,19.43,1123.02
2015-02-03,0.348,1.1479,72377.0,0.0627,21011.55,1031859243.0,20.3,1.639,-0.61,-0.1,12.5,50.4488756,414587.0,59.68,20.23,17.33,1097.1
2015-02-04,0.367,1.1344,68024.0,0.0627,20941.73,968854371.0,20.36,1.583,-0.61,-0.1,12.5,47.7431232,359736.0,62.73,20.5,18.33,1117.9
2015-02-05,0.368,1.1475,61605.0,0.0627,20819.05,833797501.0,20.06,1.58,-0.61,-0.1,12.5,49.2984922,338815.0,63.14,21.4,16.85,1101.49
2015-02-06,0.375,1.1313,61887.0,0.0627,20760.74,732350398.0,20.59,1.615,-0.61,-0.1,12.5,51.091732,253313.0,60.83,21.13,17.29,1089.71
2015-02-09,0.359,1.1323,62119.0,0.0627,20366.64,850941372.0,20.3,1.674,-0.61,-0.1,12.5,51.5235544,213518.0,56.0,22.33,18.55,1093.37
2015-02-10,0.369,1.1319,65420.0,0.0627,20725.63,847661124.0,19.71,1.698,-0.61,-0.1,12.5,49.8542121,157173.0,59.29,22.02,17.23,1089.2
2015-02-11,0.358,1.1331,56485.0,0.0627,20565.76,822211601.0,20.07,1.683,-0.61,-0.1,12.5,48.2390898,116807.0,60.23,23.13,16.96,1075.25
2015-02-12,0.324,1.1402,71241.0,0.0627,21002.91,1187801316.0,19.31,1.675,-0.61,-0.1,12.5,50.035132,16211.0,58.69,24.35,15.34,1070.85
2015-02-13,0.343,1.1383,53323.0,0.0627,21204.07,1090416739.0,18.49,1.636,-0.61,-0.1,12.5,54.04532,348801.0,55.53,23.5,14.69,1079.1
2015-02-15,0.343,1.1383,53323.0,0.0627,21204.07,1090416739.0,18.49,1.636,-0.12,0.3,12.4,54.04532,348801.0,55.53,23.5,14.69,1079.1
2015-02-16,0.347,1.1352,45187.0,0.0627,21165.84,694200103.0,18.49,1.669,-0.12,0.3,12.4,54.08726,171270.0,55.53,22.65,14.69,1084.0
2015-02-17,0.37,1.141,64522.0,0.0627,21266.25,871598309.0,19.61,1.682,-0.12,0.3,12.4,54.8025426,277965.0,56.33,22.6,15.8,1059.51
2015-02-18,0.381,1.1395,60188.0,0.0627,21659.33,892160445.0,19.54,1.669,-0.12,0.3,12.4,53.1199174,224099.0,55.97,22.55,15.45,1063.33
2015-02-19,0.381,1.1366,67202.0,0.0627,21789.98,980711040.0,18.62,1.635,-0.12,0.3,12.4,52.9739622,303861.0,55.75,21.9,15.29,1061.34
2015-02-20,0.372,1.1378,66309.0,0.0627,21842.57,1042778521.0,19.26,1.604,-0.12,0.3,12.4,52.9267558,221755.0,54.0,22.1,14.3,1055.3
2015-02-23,0.367,1.133,58618.0,0.0627,21964.29,1099464521.0,19.4,1.526,-0.12,0.3,12.4,51.985729,268638.0,58.67,21.77,14.56,1059.95
2015-02-24,0.375,1.1339,65771.0,0.0627,22149.75,863080166.0,18.77,1.495,-0.12,0.3,12.4,51.7328406,245522.0,56.27,22.3,13.69,1057.92
2015-02-25,0.332,1.1361,59718.0,0.0627,21937.24,677284220.0,17.4,1.478,-0.12,0.3,12.4,54.246726,279648.0,54.93,23.27,13.84,1059.58
2015-02-26,0.301,1.1196,60118.0,0.0627,22165.13,837347850.0,16.65,1.366,-0.12,0.3,12.4,53.635459,261445.0,56.46,23.55,13.91,1079.55
2015-02-27,0.324,1.1193,68762.0,0.0627,22337.79,796900698.0,15.91,1.361,-0.12,0.3,12.4,55.9102236,255020.0,55.85,23.45,13.34,1083.05
2015-02-28,0.324,1.1193,68762.0,0.0482,22337.79,796900698.0,15.91,1.361,-0.12,0.3,12.4,55.9102236,255020.0,55.85,23.45,13.34,1083.05
2015-03-02,0.354,1.1183,59310.0,0.0482,22297.6,782600340.0,16.38,1.363,-0.12,0.3,12.4,53.2412634,286074.0,54.92,22.25,13.04,1078.71
2015-03-03,0.367,1.1174,59291.0,0.0482,21987.18,929974837.0,16.76,1.417,-0.12,0.3,12.4,54.6086286,281782.0,53.05,21.92,13.86,1076.4
2015-03-04,0.38,1.1077,56613.0,0.0482,22131.08,802357580.0,16.66,1.419,-0.12,0.3,12.4,54.6627235,260537.0,48.92,22.23,14.23,1082.89
2015-03-05,0.356,1.1028,56612.0,0.0482,22400.08,815535392.0,16.9,1.342,-0.12,0.3,12.4,54.8420544,215120.0,47.09,21.1,14.04,1085.77
2015-03-06,0.4,1.0843,62929.0,0.0482,22436.13,866343936.0,18.43,1.334,-0.12,0.3,12.4,55.0859925,181482.0,48.96,21.23,15.2,1076.0
2015-03-09,0.309,1.085,51966.0,0.0482,22564.35,777099388.0,17.58,1.299,-0.12,0.3,12.4,53.9447598,194778.0,48.99,21.63,15.06,1075.04
2015-03-10,0.239,1.0697,73126.0,0.0482,22345.77,747407631.0,18.97,1.234,-0.12,0.3,12.4,52.7156276,191782.0,50.92,21.8,16.69,1085.36
2015-03-11,0.203,1.0545,71778.0,0.0482,22833.04,1027004979.0,20.01,1.139,-0.12,0.3,12.4,54.5663328,176057.0,49.17,22.05,16.87,1094.89
2015-03-12,0.247,1.0635,68146.0,0.0482,22809.01,784113578.0,19.07,1.138,-0.12,0.3,12.4,53.6717532,129734.0,49.59,21.78,15.42,1084.48
2015-03-13,0.259,1.0493,64461.0,0.0482,22713.59,796226497.0,18.9,1.16,-0.12,0.3,12.4,52.1016034,84085.0,54.56,21.65,16.0,1102.02
2015-03-15,0.259,1.0493,64461.0,0.0482,22713.59,796226497.0,18.9,1.16,-0.12,0.3,12.6,52.1016034,84085.0,54.56,21.65,16.0,1102.02
2015-03-16,0.278,1.0566,65693.0,0.0482,22930.92,903094726.0,19.14,1.178,-0.12,0.3,12.6,50.5772192,15638.0,56.93,21.33,15.61,1091.67
2015-03-17,0.281,1.0597,70373.0,0.0482,22723.06,768815382.0,20.83,1.27,-0.12,0.3,12.6,50.4952466,240285.0,59.85,21.2,15.66,1084.43
2015-03-18,0.194,1.0865,65849.0,0.0482,22565.19,855474117.0,18.65,1.331,-0.12,0.3,12.6,51.4590049,262440.0,53.65,21.38,13.97,1074.16
2015-03-19,0.188,1.0659,62398.0,0.0482,22805.17,891698709.0,17.25,1.25,-0.12,0.3,12.6,51.0645931,209646.0,53.82,21.1,14.07,1098.21
2015-03-20,0.188,1.082,61736.0,0.0482,23176.68,1052640776.0,17.21,1.208,-0.12,0.3,12.6,51.1272972,186667.0,50.84,21.05,13.02,1092.14
2015-03-23,0.221,1.0945,74527.0,0.0482,23057.12,594331198.0,17.26,1.289,-0.12,0.3,12.6,51.0918672,191637.0,49.32,21.0,13.41,1086.17
2015-03-24,0.233,1.0924,78899.0,0.0482,23333.2,829349946.0,16.84,1.325,-0.12,0.3,12.6,50.4487962,197476.0,47.94,21.13,13.62,1091.64
2015-03-25,0.221,1.0969,68777.0,0.0482,23145.1,713448410.0,16.38,1.335,-0.12,0.3,12.6,51.4905568,256043.0,47.03,21.05,15.44,1089.07
2015-03-26,0.216,1.0883,76366.0,0.0482,22900.27,823242794.0,16.02,1.329,-0.12,0.3,12.6,54.3873234,334870.0,49.58,21.83,15.8,1106.57
2015-03-27,0.209,1.0887,63286.0,0.0482,22984.23,593582310.0,15.83,1.343,-0.12,0.3,12.6,51.8142773,223862.0,52.84,21.75,15.07,1100.37
2015-03-30,0.213,1.0832,72287.0,0.0482,23260.57,569577660.0,16.64,1.314,-0.12,0.3,12.6,51.9663651,220109.0,51.98,21.75,14.51,1094.66
2015-03-31,0.183,1.073,76552.0,0.0272,23157.12,632272553.0,16.34,1.25,-0.12,0.3,12.6,51.3608667,238494.0,53.72,21.83,15.29,1102.5
2015-04-01,0.169,1.0762,73722.0,0.0272,23358.99,774250088.0,16.04,1.237,-0.12,0.3,12.6,53.05732,256904.0,50.9,21.93,15.11,1118.06
2015-04-02,0.186,1.0881,65034.0,0.0272,23308.53,493681106.0,16.01,1.257,-0.12,0.3,12.6,50.5006985,288965.0,49.84,21.75,14.67,1104.02
2015-04-03,0.186,1.0976,47216.0,0.0272,23308.53,493681106.0,16.01,1.257,-0.12,0.3,12.6,50.5006985,288965.0,49.84,21.73,14.67,1102.19
2015-04-06,0.186,1.0921,42171.0,0.0272,23308.53,493681106.0,15.74,1.257,-0.12,0.3,12.6,53.2187404,126804.0,48.33,21.75,14.74,1111.61
2015-04-07,0.187,1.0813,73150.0,0.0272,23706.34,653785225.0,15.2,1.201,-0.12,0.3,12.6,54.656271,236714.0,46.25,21.48,14.78,1117.43
2015-04-08,0.168,1.0779,65819.0,0.0272,23578.7,614622196.0,14.79,1.214,-0.12,0.3,12.6,51.5354015,250564.0,48.1,21.63,13.98,1114.59
2015-04-09,0.159,1.0658,60052.0,0.0272,23803.9,515396970.0,15.0,1.248,-0.12,0.3,12.6,53.0773682,174812.0,46.65,21.88,13.09,1120.02
2015-04-10,0.156,1.0602,63655.0,0.0272,23877.25,533456055.0,14.23,1.23,-0.12,0.3,12.6,54.5841414,137659.0,43.04,21.73,12.58,1137.68
2015-04-13,0.157,1.0566,64770.0,0.0272,24008.91,575408975.0,14.79,1.246,-0.12,0.3,12.6,54.8266899,119317.0,44.2,22.02,13.94,1133.98
2015-04-14,0.139,1.0652,70162.0,0.0272,23752.91,690367680.0,15.18,1.284,-0.12,0.3,12.6,54.8534997,106803.0,44.65,21.55,13.67,1118.99
2015-04-15,0.109,1.0684,69780.0,0.0272,24030.54,596340941.0,14.6,1.252,0.0,0.3,12.2,56.4583136,21182.0,46.14,21.77,12.84,1124.38
2015-04-16,0.086,1.076,74483.0,0.0272,23610.81,743027231.0,14.54,1.375,0.0,0.3,12.2,59.4610926,293485.0,43.48,21.48,12.6,1113.3
2015-04-17,0.079,1.0805,66573.0,0.0272,23044.08,952204400.0,14.47,1.477,0.0,0.3,12.2,58.722975,220117.0,42.0,21.1,13.89,1113.71
2015-04-20,0.077,1.0736,57485.0,0.0272,23332.98,674924243.0,15.39,1.45,0.0,0.3,12.2,59.1005025,239802.0,42.06,21.17,13.3,1112.92
2015-04-21,0.102,1.0733,65310.0,0.0272,23240.26,738015223.0,15.04,1.472,0.0,0.3,12.2,57.8405568,218306.0,41.04,21.35,13.25,1119.06
2015-04-22,0.16,1.0725,64863.0,0.0272,23315.4,636590667.0,15.79,1.467,0.0,0.3,12.2,58.489452,230058.0,39.01,21.23,12.71,1106.12
2015-04-23,0.161,1.0824,72841.0,0.0272,23199.43,618149936.0,15.87,1.41,0.0,0.3,12.2,59.9129695,326736.0,37.98,20.98,12.48,1102.27
2015-04-24,0.158,1.0872,75417.0,0.0272,23427.35,716662212.0,16.39,1.439,0.0,0.3,12.2,60.0438912,259489.0,36.61,21.2,12.29,1083.88
2015-04-27,0.165,1.0886,69534.0,0.0272,23806.27,724022369.0,16.42,1.378,0.0,0.3,12.2,59.5534863,189765.0,37.46,20.98,13.12,1103.43
2015-04-28,0.163,1.098,72762.0,0.0272,23532.09,638359042.0,16.19,1.373,0.0,0.3,12.2,58.87088,196461.0,37.31,20.88,12.41,1103.16
2015-04-29,0.28,1.1129,70083.0,0.0272,22995.63,802013827.0,15.95,1.491,0.0,0.3,12.2,59.160532,238435.0,36.68,20.88,13.39,1081.73
2015-04-30,0.363,1.1222,71743.0,0.0047,23045.52,756231198.0,16.76,1.476,0.0,0.3,12.2,59.5083258,223481.0,36.28,20.73,14.55,1054.56
2015-05-01,0.363,1.12,60595.0,0.0047,23045.52,756231198.0,17.29,1.476,0.0,0.3,12.2,59.3394756,189316.0,35.62,19.92,12.7,1051.33
2015-05-04,0.454,1.1144,58786.0,0.0047,23217.17,498679370.0,17.62,1.533,0.0,0.3,12.2,59.628243,120212.0,36.2,20.18,12.85,1065.71
2015-05-05,0.518,1.1184,74387.0,0.0047,22576.35,900166975.0,17.15,1.814,0.0,0.3,12.2,60.3716576,255639.0,36.24,20.35,14.31,1066.04
2015-05-06,0.587,1.1351,73966.0,0.0047,22659.85,809621769.0,17.53,1.932,0.0,0.3,12.2,59.7040146,296738.0,36.88,20.25,15.15,1049.14
2015-05-07,0.597,1.1265,76191.0,0.0047,22841.92,817352952.0,17.91,1.758,0.0,0.3,12.2,58.1805134,292892.0,38.13,20.15,15.13,1050.35
2015-05-08,0.546,1.1203,81098.0,0.0047,23312.43,784800150.0,15.84,1.683,0.0,0.3,12.2,58.3684218,248593.0,35.09,20.33,12.86,1060.28
2015-05-11,0.598,1.1154,77316.0,0.0047,23321.86,730410596.0,15.94,1.754,0.0,0.3,12.2,58.1944114,202511.0,34.86,21.0,13.85,1060.76
2015-05-12,0.68,1.1213,81786.0,0.0047,23104.87,1064976869.0,15.63,1.868,0.0,0.3,12.2,59.6270852,183265.0,33.74,20.8,13.86,1063.98
2015-05-13,0.717,1.1355,73521.0,0.0047,23210.97,949266059.0,15.93,1.882,0.0,0.3,12.2,58.8375627,120834.0,34.33,20.6,13.76,1069.91
2015-05-14,0.7,1.1408,71497.0,0.0047,23548.59,757932396.0,16.21,1.861,0.0,0.3,12.2,58.3714622,23192.0,32.63,20.52,12.74,1069.49
2015-05-15,0.64,1.1451,64822.0,0.0047,23473.46,841371302.0,15.48,1.789,0.0,0.7,12.4,58.3445049,206137.0,29.95,20.4,12.38,1068.38
2015-05-18,0.65,1.1314,53647.0,0.0047,23198.1,514944315.0,15.81,1.904,0.0,0.7,12.4,58.5734022,198219.0,30.63,20.27,12.73,1082.38
2015-05-19,0.611,1.1147,73991.0,0.0047,23713.26,638296481.0,15.88,1.818,0.0,0.7,12.4,57.432342,253354.0,34.82,20.35,12.85,1082.63
2015-05-20,0.629,1.1091,71070.0,0.0047,23772.61,527306087.0,15.25,1.854,0.0,0.7,12.4,58.6329989,210395.0,33.7,20.45,12.88,1090.23
2015-05-21,0.636,1.1112,70803.0,0.0047,23739.69,522155823.0,14.62,1.847,0.0,0.7,12.4,59.8813422,250909.0,31.61,20.45,12.11,1084.81
2015-05-22,0.603,1.1015,76965.0,0.0047,23781.78,422642375.0,14.19,1.846,0.0,0.7,12.4,59.3461545,184554.0,31.29,20.35,12.13,1093.84
2015-05-25,0.603,1.0975,49036.0,0.0047,23285.11,282081437.0,14.19,1.962,0.0,0.7,12.4,59.6992032,41140.0,31.29,20.38,12.13,1099.09
2015-05-26,0.553,1.0873,71652.0,0.0047,23326.95,607141993.0,15.22,1.942,0.0,0.7,12.4,58.6039212,224131.0,34.66,20.48,14.06,1091.04
2015-05-27,0.546,1.0903,76594.0,0.0047,23861.07,730956998.0,14.08,1.856,0.0,0.7,12.4,56.9201908,257061.0,35.29,20.48,13.27,1088.57
2015-05-28,0.537,1.0946,72486.0,0.0047,23744.13,518810927.0,14.51,1.86,0.0,0.7,12.4,57.1718364,238590.0,34.2,20.6,13.31,1084.88
2015-05-29,0.487,1.0987,67800.0,0.0047,23495.68,714198786.0,13.99,1.857,0.0,0.7,12.4,59.6707452,278461.0,33.74,20.4,13.84,1082.63
2015-05-31,0.487,1.0987,67800.0,-0.0104,23495.68,714198786.0,13.99,1.857,0.0,0.7,12.4,59.6707452,278461.0,33.74,20.4,13.84,1082.63
2015-06-01,0.529,1.0925,77507.0,-0.0104,23435.67,521807073.0,14.88,1.947,0.0,0.7,12.4,59.3866104,217982.0,35.3,20.13,13.97,1087.65
2015-06-02,0.701,1.1152,80138.0,-0.0104,23576.16,663402306.0,14.86,2.114,0.0,0.7,12.4,58.724883,245909.0,35.74,20.15,14.24,1068.72
2015-06-03,0.88,1.1274,82885.0,-0.0104,23608.83,708320734.0,15.15,2.164,0.0,0.7,12.4,56.5906,262656.0,37.4,20.15,13.66,1050.38
2015-06-04,0.831,1.1237,88091.0,-0.0104,23336.5,689823248.0,16.01,2.143,0.0,0.7,12.4,55.2017376,235207.0,38.42,20.0,14.71,1045.86
2015-06-05,0.849,1.1111,81640.0,-0.0104,22847.34,650604875.0,15.12,2.247,0.0,0.7,12.4,56.9796331,248872.0,33.54,20.15,14.21,1053.53
2015-06-08,0.889,1.1291,74526.0,-0.0104,22642.29,413176164.0,15.14,2.256,0.0,0.7,12.4,55.5220254,205404.0,34.04,20.35,15.29,1039.25
2015-06-09,0.957,1.1283,68534.0,-0.0104,22527.46,518304393.0,14.83,2.289,0.0,0.7,12.4,57.5024952,223355.0,33.01,20.35,14.47,1042.42
2015-06-10,0.994,1.1324,78612.0,-0.0104,23091.49,601779679.0,14.37,2.266,0.0,0.7,12.4,58.018356,210396.0,31.79,20.35,13.22,1046.57
2015-06-11,0.904,1.1257,65003.0,-0.0104,23172.34,702045749.0,14.3,2.142,0.0,0.7,12.4,57.8398174,113456.0,31.76,20.05,12.85,1049.39
2015-06-12,0.852,1.1268,70398.0,-0.0104,22877.81,603902737.0,13.99,2.22,0.0,0.7,12.4,56.6827089,101413.0,31.51,20.05,13.78,1047.66
2015-06-15,0.825,1.1283,66514.0,-0.0104,22328.03,657117216.0,14.34,2.324,0.25,0.7,12.4,55.4906169,26681.0,32.55,20.0,15.39,1051.13
2015-06-16,0.808,1.1246,70224.0,-0.0104,22383.48,751702224.0,14.36,2.299,0.25,0.7,12.4,56.642677,279742.0,32.39,20.17,14.81,1050.33
2015-06-17,0.814,1.1335,65088.0,-0.0104,22225.06,707353799.0,13.58,2.313,0.25,0.7,12.4,56.3473914,331877.0,32.83,20.08,14.5,1044.42
2015-06-18,0.803,1.1358,79914.0,-0.0104,22460.02,858550684.0,13.53,2.279,0.25,0.7,12.4,56.5770744,217210.0,31.59,20.15,13.19,1057.57
2015-06-19,0.762,1.1352,70861.0,-0.0104,22699.37,841453689.0,13.26,2.282,0.25,0.7,12.4,55.514318,216169.0,30.4,20.3,13.96,1056.42
2015-06-22,0.884,1.134,66828.0,-0.0104,23485.95,907632205.0,13.85,2.162,0.25,0.7,12.4,55.8551122,216386.0,30.06,20.65,12.74,1045.19
2015-06-23,0.867,1.1169,72600.0,-0.0104,23567.25,781029578.0,13.89,2.14,0.25,0.7,12.4,57.704663,266021.0,29.69,20.67,12.11,1054.7
2015-06-24,0.842,1.1205,72872.0,-0.0104,23443.07,702782243.0,13.83,2.126,0.25,0.7,12.4,56.6622854,256385.0,29.6,20.55,13.26,1048.68
2015-06-25,0.862,1.1204,74538.0,-0.0104,23642.62,906956116.0,13.12,2.118,0.25,0.7,12.4,56.408528,213751.0,29.26,20.5,14.01,1046.19
2015-06-26,0.92,1.1164,72256.0,-0.0104,23800.47,640429765.0,13.22,2.151,0.25,0.7,12.4,56.6645124,212119.0,29.01,20.45,14.02,1052.1
2015-06-29,0.802,1.1235,73449.0,-0.0104,22569.95,1035442009.0,14.5,2.37,0.25,0.7,12.4,55.1938608,266549.0,33.64,20.35,18.85,1049.4
2015-06-30,0.768,1.1135,78068.0,-0.0139,22460.71,877310082.0,15.34,2.308,0.25,0.7,12.4,57.1082713,256884.0,32.43,20.67,18.23,1051.52
2015-07-01,0.82,1.1052,73517.0,-0.0139,22943.64,776487251.0,14.86,2.246,0.25,0.7,12.4,56.1072681,266621.0,34.11,20.67,16.09,1056.94
2015-07-02,0.846,1.1083,73700.0,-0.0139,22616.5,539642682.0,14.42,2.325,0.25,0.7,12.4,56.0045196,206002.0,33.8,20.88,16.79,1051.46
2015-07-03,0.793,1.1112,64286.0,-0.0139,22508.13,454833816.0,14.42,2.244,0.25,0.7,12.4,54.2837776,107245.0,33.8,20.75,16.79,1050.59
2015-07-06,0.772,1.1055,78550.0,-0.0139,21600.72,1037980825.0,14.25,2.385,0.25,0.7,12.4,51.1443878,294894.0,40.01,20.7,17.01,1057.97
2015-07-07,0.637,1.101,87595.0,-0.0139,20958.48,867282492.0,15.23,2.283,0.25,0.7,12.4,51.6351495,331586.0,40.54,20.65,16.09,1049.76
2015-07-08,0.683,1.1075,87511.0,-0.0139,21512.39,859815872.0,15.78,2.22,0.25,0.7,12.4,51.5121565,301107.0,42.2,20.5,19.66,1044.61
2015-07-09,0.729,1.1036,79675.0,-0.0139,22268.51,743353654.0,15.47,2.166,0.25,0.7,12.4,53.1082793,277592.0,42.04,20.75,19.97,1049.45
2015-07-10,0.896,1.1162,67264.0,-0.0139,22937.4,881660427.0,14.42,2.139,0.25,0.7,12.4,52.616207,154371.0,41.22,20.83,16.83,1041.69
2015-07-13,0.848,1.1002,55377.0,-0.0139,23167.04,817438602.0,13.43,2.106,0.25,0.7,12.4,52.5816005,176805.0,38.08,20.95,13.9,1051.78
2015-07-14,0.842,1.1009,56975.0,-0.0139,23097.51,483530512.0,13.25,2.07,0.25,0.7,12.4,53.1475585,143123.0,36.31,20.88,13.37,1048.71
2015-07-15,0.773,1.0947,63177.0,-0.0139,23392.75,586184308.0,14.35,2.014,0.12,0.7,11.7,52.1146045,79694.0,37.25,21.0,13.23,1049.37
2015-07-16,0.792,1.0874,54990.0,-0.0139,23783.14,752372937.0,14.05,1.993,0.12,0.7,11.7,52.8873462,14289.0,35.92,21.05,12.11,1052.52
2015-07-17,0.79,1.0828,54308.0,-0.0139,23765.41,493593106.0,16.32,1.923,0.12,0.7,11.7,52.733563,157126.0,34.68,20.95,11.95,1047.0
2015-07-20,0.766,1.0825,41913.0,-0.0139,24031.19,584308742.0,19.73,1.91,0.12,0.7,11.7,52.3327035,161060.0,36.39,20.93,12.25,1012.0
2015-07-21,0.779,1.0936,62955.0,-0.0139,23712.9,514914037.0,19.56,1.982,0.12,0.7,11.7,52.1579464,188877.0,34.97,20.83,12.22,1006.36
2015-07-22,0.747,1.0933,66477.0,-0.0139,23681.11,447917630.0,19.59,1.943,0.12,0.7,11.7,51.3398658,221457.0,37.66,20.65,12.12,1000.1
2015-07-23,0.744,1.0981,65082.0,-0.0139,23633.05,451802105.0,19.39,1.905,0.12,0.7,11.7,50.3321782,207129.0,38.46,20.52,12.64,992.45
2015-07-24,0.702,1.0982,54276.0,-0.0139,23507.7,453809711.0,19.27,1.874,0.12,0.7,11.7,49.7358796,195038.0,39.0,20.5,13.74,999.77
2015-07-27,0.694,1.1091,51352.0,-0.0139,22809.3,662087307.0,20.06,1.898,0.12,0.7,11.7,48.2101561,226373.0,41.15,20.5,15.6,985.45
2015-07-28,0.692,1.1058,69640.0,-0.0139,23328.02,526925989.0,18.4,1.88,0.12,0.7,11.7,48.200256,290602.0,39.94,20.75,13.44,989.52
2015-07-29,0.713,1.0984,68994.0,-0.0139,23248.9,632696076.0,17.22,1.907,0.12,0.7,11.7,48.5982196,290427.0,38.59,20.7,12.5,997.73
2015-07-30,0.656,1.0931,73934.0,-0.0139,23396.09,680674166.0,17.07,1.833,0.12,0.7,11.7,48.7695873,217285.0,37.33,20.88,12.13,994.59
2015-07-31,0.65,1.0987,82773.0,-0.0187,23538.03,561612310.0,16.79,1.774,0.12,0.7,11.7,47.5199757,212823.0,38.82,20.45,12.12,996.81
2015-08-03,0.633,1.0949,62199.0,-0.0187,23714.38,490358343.0,17.58,1.78,0.12,0.7,11.7,45.2281016,306500.0,40.91,20.33,12.56,991.37
2015-08-04,0.635,1.088,71186.0,-0.0187,23473.25,508549455.0,17.24,1.776,0.12,0.7,11.7,45.9468088,221652.0,40.12,20.17,13.0,998.62
2015-08-05,0.754,1.0904,66736.0,-0.0187,23911.81,639877907.0,17.74,1.912,0.12,0.7,11.7,45.4784931,280763.0,40.18,20.2,12.51,994.33
2015-08-06,0.707,1.0923,67559.0,-0.0187,23811.09,660928286.0,17.25,1.867,0.12,0.7,11.7,45.33556,236356.0,41.54,20.2,13.77,996.89
2015-08-07,0.658,1.0965,65448.0,-0.0187,23705.0,693321170.0,16.59,1.832,0.12,0.7,11.7,44.3318339,245821.0,41.17,19.98,13.39,996.86
2015-08-10,0.703,1.1016,66469.0,-0.0187,23966.44,396689662.0,16.41,1.827,0.12,0.7,11.7,45.7606857,208257.0,40.99,19.98,12.23,1002.1
2015-08-11,0.629,1.104,77918.0,-0.0187,23698.49,419915274.0,16.53,1.778,0.12,0.7,11.7,44.547244,223213.0,42.16,19.95,13.71,1004.08
2015-08-12,0.608,1.1156,81011.0,-0.0187,22997.55,670240817.0,16.8,1.793,0.12,0.7,11.7,44.5142308,153807.0,42.4,19.52,13.61,1007.57
2015-08-13,0.633,1.1148,85520.0,-0.0187,23356.01,523544558.0,15.84,1.787,0.12,0.7,11.7,44.1513244,115920.0,43.23,19.45,13.49,999.69
2015-08-14,0.658,1.1106,92035.0,-0.0187,23248.52,365056213.0,15.59,1.816,0.12,0.7,11.7,44.1471023,21365.0,40.92,19.38,12.83,1003.38
2015-08-15,0.658,1.1106,92035.0,-0.0187,23248.52,365056213.0,15.59,1.816,0.24,0.7,11.6,44.1471023,21365.0,40.92,19.38,12.83,1003.38
2015-08-17,0.631,1.108,55050.0,-0.0187,23407.99,334844269.0,15.4,1.762,0.24,0.7,11.6,43.9893122,195605.0,40.35,19.27,13.02,1008.17
2015-08-18,0.64,1.1018,56355.0,-0.0187,23389.72,338008593.0,15.84,1.803,0.24,0.7,11.6,44.3004441,191533.0,39.48,19.48,13.79,1013.53
2015-08-19,0.634,1.1117,62065.0,-0.0187,22975.32,470917591.0,15.96,1.81,0.24,0.7,11.6,42.4213632,250806.0,41.29,19.15,15.25,1019.47
2015-08-20,0.587,1.1241,73021.0,-0.0187,22378.65,623008146.0,16.87,1.824,0.24,0.7,11.6,41.473152,221543.0,42.58,18.95,19.14,1024.46
2015-08-21,0.572,1.1387,61043.0,-0.0187,21746.17,717676300.0,18.48,1.859,0.24,0.7,11.6,39.9225174,231795.0,44.66,18.9,28.03,1018.83
2015-08-24,0.576,1.1618,80672.0,-0.0187,20450.43,1221261123.0,21.26,1.901,0.24,0.7,11.6,36.7445637,305733.0,50.11,18.27,40.74,993.38
2015-08-25,0.753,1.1514,96499.0,-0.0187,21649.69,1021890216.0,20.2,1.985,0.24,0.7,11.6,37.5283171,292102.0,49.0,18.75,36.02,990.28
2015-08-26,0.708,1.1315,92840.0,-0.0187,21473.81,646690603.0,20.03,1.981,0.24,0.7,11.6,38.1262692,267561.0,46.87,18.63,30.32,993.99
2015-08-27,0.741,1.1243,90720.0,-0.0187,22201.24,680205152.0,18.74,1.927,0.24,0.7,11.6,42.3017664,333701.0,49.03,19.0,26.1,999.74
2015-08-28,0.726,1.1179,80776.0,-0.0187,21993.74,457898167.0,18.8,1.912,0.24,0.7,11.6,44.7712265,418778.0,51.56,19.17,26.05,1013.82
2015-08-31,0.793,1.1211,63294.0,-0.0277,21941.92,435510678.0,19.34,1.953,0.24,0.7,11.6,48.300717,321317.0,54.37,19.17,28.43,1011.45
2015-09-01,0.803,1.1317,88111.0,-0.0277,21451.37,614631783.0,19.65,1.992,0.24,0.7,11.6,43.7927028,373639.0,57.51,19.42,31.4,1007.16
2015-09-02,0.796,1.1226,84779.0,-0.0277,21612.0,541765197.0,18.65,1.997,0.24,0.7,11.6,44.984895,324837.0,53.75,19.52,26.09,1009.66
2015-09-03,0.73,1.1121,78680.0,-0.0277,22177.37,658233736.0,18.57,1.923,0.24,0.7,11.6,45.571456,270544.0,50.44,19.65,25.61,1011.15
2015-09-04,0.665,1.1146,81384.0,-0.0277,21472.68,723779556.0,18.62,1.875,0.24,0.7,11.6,44.5090998,221220.0,49.29,19.4,27.8,1005.97
2015-09-07,0.672,1.1167,50768.0,-0.0277,21622.34,321243187.0,18.62,1.895,0.24,0.7,11.6,42.652665,94800.0,49.29,19.35,27.8,1002.06
2015-09-08,0.681,1.1199,69633.0,-0.0277,21941.31,513761595.0,18.31,1.835,0.24,0.7,11.6,44.2183888,253288.0,50.14,19.35,24.9,1001.21
2015-09-09,0.703,1.1204,76881.0,-0.0277,22126.57,637016564.0,17.8,1.848,0.24,0.7,11.6,42.4670532,173222.0,49.5,19.3,26.23,988.18
2015-09-10,0.695,1.1276,78191.0,-0.0277,21901.45,582527195.0,16.89,1.846,0.24,0.7,11.6,43.3576076,192415.0,50.05,19.35,24.37,984.01
2015-09-11,0.659,1.1339,74798.0,-0.0277,21762.63,574345585.0,17.38,1.833,0.24,0.7,11.6,42.4551474,143408.0,49.63,19.28,23.2,976.46
2015-09-14,0.657,1.1318,65450.0,-0.0277,21553.8,554778756.0,17.63,1.852,0.24,0.7,11.6,40.9702135,104057.0,49.81,19.1,24.25,979.11
2015-09-15,0.743,1.1266,74146.0,-0.0277,21903.63,556711612.0,17.69,1.887,0.25,0.7,11.6,41.3901869,18462.0,51.14,19.02,22.54,980.62
2015-09-16,0.778,1.1289,69962.0,-0.0277,22059.21,530783905.0,18.05,1.921,0.25,0.7,11.6,44.069545,288333.0,50.24,19.25,21.35,991.2
2015-09-17,0.786,1.1435,80864.0,-0.0277,22099.53,473016509.0,16.63,1.907,0.25,0.7,11.6,42.9209508,228857.0,45.34,19.05,21.14,988.94
2015-09-18,0.667,1.1305,82269.0,-0.0277,21514.9,918945962.0,16.46,1.773,0.25,0.7,11.6,41.9900632,225724.0,45.84,18.9,22.28,1007.16
2015-09-21,0.682,1.1186,45769.0,-0.0277,21755.42,509768491.0,16.59,1.802,0.25,0.7,11.6,43.7330124,179898.0,47.51,18.78,20.14,1012.33
2015-09-22,0.599,1.1118,66911.0,-0.0277,21031.8,734832541.0,17.35,1.754,0.25,0.7,11.6,44.1445152,185413.0,48.9,18.9,22.44,1010.44
2015-09-23,0.6,1.1185,70819.0,-0.0277,21068.88,608152373.0,17.34,1.741,0.25,0.7,11.6,42.6908875,232263.0,51.12,18.8,22.13,1009.97
2015-09-24,0.591,1.1229,80833.0,-0.0277,20581.83,824033631.0,19.26,1.732,0.25,0.7,11.6,42.8977935,198036.0,49.44,18.6,23.47,1027.17
2015-09-25,0.651,1.1194,78699.0,-0.0277,21339.11,630422677.0,18.33,1.79,0.25,0.7,11.6,43.416324,189403.0,47.71,18.78,23.62,1023.55
2015-09-28,0.601,1.1243,69106.0,-0.0277,20759.49,536890707.0,18.28,1.758,0.25,0.7,11.6,42.1060896,188283.0,49.46,18.45,27.63,1006.09
2015-09-29,0.589,1.1245,79461.0,-0.0277,20726.75,705562841.0,17.67,1.73,0.25,0.7,11.6,42.8899744,181413.0,49.32,18.55,26.83,1001.42
2015-09-30,0.587,1.1176,72257.0,-0.037,21294.98,713127046.0,17.47,1.72,0.25,0.7,11.6,43.2800249,219886.0,45.52,18.38,24.5,997.1
2015-10-01,0.541,1.1194,71548.0,-0.037,21142.86,643964082.0,16.9,1.686,0.25,0.7,11.6,42.6033846,239316.0,44.61,18.35,22.55,993.98
2015-10-02,0.514,1.1209,82018.0,-0.037,21395.29,733072081.0,16.71,1.638,0.25,0.7,11.6,42.9386982,201586.0,42.86,18.23,20.94,1015.21
2015-10-05,0.569,1.1185,69444.0,-0.037,21980.08,628035049.0,16.68,1.655,0.25,0.7,11.6,44.0319625,215447.0,43.03,18.45,19.54,1014.93
2015-10-06,0.601,1.1268,72912.0,-0.037,22182.65,568989315.0,17.54,1.698,0.25,0.7,11.6,46.0774424,303579.0,44.14,18.88,19.4,1017.38
2015-10-07,0.591,1.1235,74142.0,-0.037,22007.34,665348352.0,17.13,1.701,0.25,0.7,11.6,45.6878064,299914.0,43.26,18.65,18.4,1019.1
2015-10-08,0.59,1.1278,78105.0,-0.037,22156.74,535539992.0,16.91,1.692,0.25,0.7,11.6,47.038374,219938.0,43.28,18.88,17.42,1009.49
2015-10-09,0.622,1.1354,76679.0,-0.037,22257.89,511460104.0,16.92,1.697,0.25,0.7,11.6,46.3714875,174338.0,42.8,18.68,17.08,1017.52
2015-10-12,0.58,1.1355,51646.0,-0.037,22091.27,414904221.0,16.24,1.677,0.25,0.7,11.6,43.9102062,166789.0,44.9,18.43,16.17,1024.66
2015-10-13,0.591,1.1376,72592.0,-0.037,22048.49,538028869.0,17.14,1.663,0.25,0.7,11.6,43.2839296,108370.0,45.37,18.13,17.67,1026.27
2015-10-14,0.548,1.1473,73110.0,-0.037,21838.2,495310996.0,18.35,1.633,0.25,0.7,11.6,42.8396315,63280.0,42.7,18.08,18.03,1032.6
2015-10-15,0.556,1.1382,78581.0,-0.037,22217.69,483972028.0,17.9,1.646,0.25,0.7,11.8,42.7956318,16785.0,41.99,18.17,16.05,1038.91
2015-10-16,0.548,1.1346,73620.0,-0.037,22337.66,501545380.0,16.59,1.61,0.25,0.7,11.8,44.4739302,225956.0,39.58,18.2,15.05,1037.19
2015-10-19,0.569,1.1324,64025.0,-0.037,22419.68,431418961.0,16.94,1.599,0.25,0.7,11.8,42.9265188,223306.0,40.74,18.4,14.98,1033.55
2015-10-20,0.63,1.1344,66677.0,-0.037,22270.11,524977053.0,16.79,1.669,0.25,0.7,11.8,42.9388392,253322.0,41.72,18.2,15.75,1035.95
2015-10-21,0.572,1.1336,68754.0,-0.037,22172.64,442890272.0,15.9,1.609,0.25,0.7,11.8,42.2108775,244638.0,41.77,18.08,16.7,1028.65
2015-10-22,0.503,1.1106,77819.0,-0.037,22616.9,826232798.0,15.59,1.486,0.25,0.7,11.8,43.2917128,201591.0,40.22,18.15,14.45,1049.35
2015-10-23,0.507,1.1014,83407.0,-0.037,22736.86,751830975.0,15.59,1.492,0.25,0.7,11.8,43.5720406,242056.0,41.51,18.27,14.46,1056.22
2015-10-26,0.501,1.1056,61038.0,-0.037,22629.64,464211411.0,15.78,1.494,0.25,0.7,11.8,42.9994546,193978.0,42.99,18.02,15.29,1052.0
2015-10-27,0.444,1.1048,62932.0,-0.037,22369.92,516365674.0,15.3,1.446,0.25,0.7,11.8,42.3696034,243114.0,44.77,18.08,15.43,1055.53
2015-10-28,0.443,1.092,54079.0,-0.037,22686.24,528905547.0,15.63,1.408,0.25,0.7,11.8,44.9175375,306597.0,44.29,18.15,14.33,1058.19
2015-10-29,0.536,1.0976,60037.0,-0.037,22442.69,813937868.0,15.77,1.481,0.25,0.7,11.8,44.460704,213925.0,43.63,18.15,14.61,1043.6
2015-10-30,0.523,1.1005,57472.0,-0.037,22442.51,699447159.0,15.39,1.485,0.25,0.7,11.8,45.0341808,238590.0,41.95,17.8,15.07,1037.62
2015-10-31,0.523,1.1005,57472.0,-0.0536,22442.51,699447159.0,15.39,1.485,0.25,0.7,11.8,45.0341808,238590.0,41.95,17.8,15.07,1037.62
2015-11-02,0.562,1.1013,41099.0,-0.0536,22482.39,521209924.0,15.28,1.55,0.25,0.7,11.8,44.3022958,224283.0,41.88,17.83,14.15,1028.27
2015-11-03,0.575,1.0966,50749.0,-0.0536,22459.45,616098053.0,17.19,1.555,0.25,0.7,11.8,46.0879314,283357.0,41.27,17.85,14.54,1018.74
2015-11-04,0.602,1.0862,56436.0,-0.0536,22312.63,582314720.0,18.02,1.565,0.25,0.7,11.8,44.7246912,328135.0,41.54,17.95,15.51,1018.95
2015-11-05,0.6108,1.0881,56430.0,-0.0536,22223.7,517524941.0,17.82,1.7,0.25,0.7,11.8,44.0950594,227998.0,39.29,17.78,15.05,1013.73
2015-11-06,0.6973,1.0738,53889.0,-0.0536,22529.94,946615961.0,17.36,1.787,0.25,0.7,11.8,44.1608234,245485.0,39.85,17.85,14.33,1013.92
2015-11-09,0.6666,1.0749,57170.0,-0.0536,22107.3,491651236.0,17.55,1.762,0.25,0.7,11.8,43.9018008,202178.0,41.34,17.42,16.52,1015.87
2015-11-10,0.6263,1.0723,67207.0,-0.0536,22444.0,575881151.0,17.36,1.688,0.25,0.7,11.8,44.2411208,206340.0,39.34,17.23,15.29,1015.72
2015-11-11,0.6112,1.0743,65126.0,-0.0536,22385.11,620361440.0,17.89,1.634,0.25,0.7,11.8,42.6417804,193335.0,41.92,17.03,16.06,1010.25
2015-11-12,0.6065,1.0817,67316.0,-0.0536,21859.29,683607485.0,18.47,1.604,0.25,0.7,11.8,40.7321482,132491.0,43.93,16.83,18.37,1002.92
2015-11-13,0.5628,1.0777,58575.0,-0.0536,21842.56,530966463.0,18.29,1.566,0.25,0.7,11.8,40.465719,28631.0,46.26,17.0,20.08,1004.82
2015-11-15,0.5628,1.0777,58575.0,-0.0536,21842.56,530966463.0,18.29,1.566,0.12,1.3,11.5,40.465719,28631.0,46.26,17.0,20.08,1004.82
2015-11-16,0.5326,1.0684,58351.0,-0.0536,21811.36,417761297.0,18.5,1.573,0.12,1.3,11.5,41.7072688,310123.0,47.44,17.38,18.16,1012.59
2015-11-17,0.5321,1.0641,63710.0,-0.0536,22309.39,548746167.0,20.17,1.569,0.12,1.3,11.5,40.9453432,260695.0,46.63,17.9,18.84,1004.74
2015-11-18,0.5099,1.0658,59846.0,-0.0536,22091.56,532930237.0,19.4,1.525,0.12,1.3,11.5,41.4147964,255682.0,43.53,17.4,16.85,1004.04
2015-11-19,0.4799,1.0732,61970.0,-0.0536,22191.99,532438718.0,18.04,1.509,0.12,1.3,11.5,41.1664822,201033.0,43.75,17.5,16.99,1007.73
2015-11-20,0.4799,1.0643,61390.0,-0.0536,22140.14,581640233.0,17.26,1.493,0.12,1.3,11.5,41.9616428,245339.0,44.93,17.25,15.47,1011.88
2015-11-23,0.5343,1.0634,52129.0,-0.0536,22294.69,463190590.0,17.7,1.53,0.12,1.3,11.5,42.1572354,290998.0,45.84,17.23,15.62,1004.7
2015-11-24,0.5109,1.064,58945.0,-0.0536,21948.14,489077226.0,16.72,1.506,0.12,1.3,11.5,43.345882,271930.0,47.17,17.4,15.93,1010.51
2015-11-25,0.4763,1.0626,61676.0,-0.0536,22359.23,522733333.0,16.39,1.433,0.12,1.3,11.5,43.4501253,229114.0,48.46,17.6,15.19,1007.77
2015-11-26,0.47,1.0609,48882.0,-0.0536,22591.53,414824916.0,16.39,1.435,0.12,1.3,11.5,42.850596,97318.0,48.46,17.7,15.19,1009.52
2015-11-27,0.4543,1.059,47552.0,-0.0536,22575.18,501389216.0,17.16,1.401,0.12,1.3,11.5,42.3608494,165308.0,48.28,17.6,15.12,997.76
2015-11-30,0.4748,1.0563,47948.0,-0.0876,22717.98,541522109.0,16.91,1.425,0.12,1.3,11.5,42.232287,235944.0,48.14,17.9,16.13,1007.34
2015-12-01,0.4695,1.0631,55273.0,-0.0876,22581.33,433668524.0,16.62,1.418,0.12,1.3,11.5,41.802486,301200.0,49.28,18.15,14.67,1005.72
2015-12-02,0.4683,1.0611,59218.0,-0.0876,22551.91,464384824.0,17.36,1.392,0.12,1.3,11.5,40.0434258,324059.0,51.96,17.67,15.91,991.77
2015-12-03,0.6679,1.0938,67026.0,-0.0876,21995.71,858883860.0,17.76,1.626,0.12,1.3,11.5,40.0802816,271482.0,50.65,17.4,18.11,970.77
2015-12-04,0.6878,1.0884,62780.0,-0.0876,22021.36,570908094.0,15.96,1.656,0.12,1.3,11.5,39.50754,345828.0,45.44,17.45,14.81,997.9
2015-12-07,0.5864,1.0835,45771.0,-0.0876,22037.17,409674687.0,16.23,1.558,0.12,1.3,11.5,37.5909389,272442.0,49.0,16.85,15.84,988.28
2015-12-08,0.5701,1.0893,55677.0,-0.0876,21538.04,522012116.0,16.12,1.552,0.12,1.3,11.5,36.9594852,328376.0,50.34,16.8,17.6,986.32
2015-12-09,0.6067,1.1025,59778.0,-0.0876,21500.88,574073509.0,17.39,1.578,0.12,1.3,11.5,36.3809733,284646.0,51.53,16.53,19.61,972.7
2015-12-10,0.5704,1.094,52578.0,-0.0876,21409.63,486798117.0,17.07,1.551,0.12,1.3,11.5,36.3163984,188988.0,51.23,16.45,19.34,979.15
2015-12-11,0.5436,1.0987,49938.0,-0.0876,21015.29,584305607.0,18.16,1.539,0.12,1.3,11.5,34.5227481,167311.0,54.29,16.17,24.39,977.13
2015-12-14,0.565,1.099,62867.0,-0.0876,20506.56,810763605.0,19.05,1.621,0.12,1.3,11.5,34.5041664,115119.0,55.36,15.9,22.73,964.19
2015-12-15,0.6496,1.0927,65193.0,-0.0876,21272.68,633002622.0,18.09,1.686,0.12,1.3,11.7,35.187902,73703.0,50.03,16.03,20.95,970.26
2015-12-16,0.6793,1.0911,67887.0,-0.0876,21210.23,557050640.0,15.41,1.696,0.12,1.3,11.7,34.0850069,18232.0,47.64,15.6,17.86,982.05
2015-12-17,0.6013,1.0825,73469.0,-0.0876,21523.1,622295861.0,16.06,1.626,0.12,1.3,11.7,34.2356574,200845.0,47.45,15.7,18.94,971.28
2015-12-18,0.5509,1.0865,68768.0,-0.0876,21241.93,714077358.0,15.06,1.566,0.12,1.3,11.7,33.9439832,218042.0,49.43,15.38,20.7,980.42
2015-12-21,0.5544,1.0912,52235.0,-0.0876,21099.32,389548356.0,15.32,1.592,0.12,1.3,11.7,33.311867,175115.0,49.18,15.1,18.7,987.55
2015-12-22,0.598,1.0954,52830.0,-0.0876,21060.13,343789340.0,15.17,1.644,0.12,1.3,11.7,32.9651801,166304.0,48.84,14.98,16.6,978.55
2015-12-23,0.628,1.0909,52613.0,-0.0876,21456.36,395403447.0,14.94,1.665,0.12,1.3,11.7,34.2467912,196978.0,47.39,14.53,15.57,980.11
2015-12-24,0.628,1.0969,40476.0,-0.0876,21456.36,395403447.0,15.02,1.665,0.12,1.3,11.7,34.5427974,111015.0,44.81,14.45,15.74,980.06
2015-12-25,0.628,1.0973,8135.0,-0.0876,21456.36,395403447.0,15.02,1.665,0.12,1.3,11.7,34.5427974,111015.0,44.81,14.45,15.74,979.42
2015-12-28,0.5565,1.0965,36465.0,-0.0876,21369.15,240149546.0,16.06,1.602,0.12,1.3,11.7,33.3970738,84344.0,47.0,14.45,16.91,974.21
2015-12-29,0.5738,1.0917,51335.0,-0.0876,21661.33,271469939.0,15.22,1.635,0.12,1.3,11.7,34.61564,171677.0,45.27,15.45,16.08,978.98
2015-12-30,0.6347,1.0929,52757.0,-0.0876,21418.37,262993462.0,15.25,1.595,0.12,1.3,11.7,33.3609,173512.0,46.01,14.88,17.29,970.19
2015-12-31,0.6347,1.086,36640.0,-0.1263,21418.37,262993462.0,14.99,1.595,0.12,1.3,11.7,34.3277968,149598.0,46.57,14.58,18.21,976.25
2016-01-01,0.6347,1.0858,240.0,-0.1263,21418.37,262993462.0,14.99,1.595,0.12,1.3,11.7,34.3277968,149598.0,46.57,14.58,18.21,976.1
2016-01-04,0.5635,1.0829,56207.0,-0.1263,20733.81,562345435.0,16.07,1.554,0.12,1.3,11.7,34.370809,321841.0,49.79,14.6,20.7,991.14
2016-01-05,0.5486,1.0746,49003.0,-0.1263,20983.24,435628306.0,15.2,1.508,0.12,1.3,11.7,33.8917236,275471.0,49.68,14.8,19.34,1001.82
2016-01-06,0.5134,1.0778,52604.0,-0.1263,20422.39,524266116.0,16.3,1.488,0.12,1.3,11.7,31.7592786,296862.0,52.36,15.28,20.59,1014.0
2016-01-07,0.5453,1.0934,65124.0,-0.1263,20189.48,772730254.0,17.42,1.561,0.12,1.3,11.7,30.867075,291511.0,56.15,15.4,24.99,1013.81
2016-01-08,0.5115,1.0929,59569.0,-0.1263,19869.49,567018856.0,17.62,1.531,0.12,1.3,11.7,30.69825,206974.0,56.1,14.65,27.01,1009.47
2016-01-11,0.5425,1.0859,51543.0,-0.1263,19756.14,560847570.0,16.43,1.587,0.12,1.3,11.7,29.054395,202062.0,62.98,14.6,24.3,1007.28
2016-01-12,0.5299,1.0854,54338.0,-0.1263,19970.1,599209459.0,16.61,1.609,0.12,1.3,11.7,28.4319352,142525.0,65.27,14.0,22.47,1000.83
2016-01-13,0.5077,1.0873,54739.0,-0.1263,20139.87,666293819.0,16.99,1.567,0.12,1.3,11.7,27.8764101,91957.0,60.67,14.3,25.22,1004.51
2016-01-14,0.5096,1.0864,55173.0,-0.1263,19803.41,793076789.0,16.16,1.576,0.12,1.3,11.7,28.5621841,16390.0,57.56,13.78,23.95,991.76
2016-01-15,0.4718,1.0914,59428.0,-0.1263,19195.94,838493872.0,17.42,1.559,0.25,1.3,11.6,26.516275,344461.0,62.09,13.3,27.02,996.7
2016-01-18,0.4714,1.089,43010.0,-0.1263,18686.86,735824917.0,17.42,1.571,0.25,1.3,11.6,26.2166085,211256.0,62.09,13.43,27.02,999.17
2016-01-19,0.4823,1.0905,54742.0,-0.1263,18880.52,858094318.0,16.17,1.56,0.25,1.3,11.6,26.3732076,419479.0,64.04,13.32,26.05,995.54
2016-01-20,0.487,1.0889,66999.0,-0.1263,17967.91,916488194.0,16.56,1.65,0.25,1.3,11.6,25.6038768,375397.0,67.93,12.75,27.59,1010.49
2016-01-21,0.455,1.0872,58711.0,-0.1263,18723.22,1251923022.0,16.77,1.548,0.25,1.3,11.6,26.9038575,394256.0,65.79,12.75,26.69,1012.1
2016-01-22,0.485,1.0794,46555.0,-0.1263,19028.42,1005516428.0,15.91,1.579,0.25,1.3,11.6,29.8128392,407784.0,61.86,13.4,22.34,1016.58
2016-01-25,0.477,1.0847,61491.0,-0.1263,18641.47,796055420.0,17.13,1.561,0.25,1.3,11.6,28.118255,310139.0,65.74,12.7,24.15,1021.64
2016-01-26,0.444,1.0869,64237.0,-0.1263,18923.83,862399344.0,17.26,1.513,0.25,1.3,11.6,29.25759,335094.0,65.89,13.0,22.5,1029.76
2016-01-27,0.444,1.0891,68641.0,-0.1263,18848.03,755793599.0,16.71,1.502,0.25,1.3,11.6,30.392089,257108.0,65.62,13.5,23.11,1032.26
2016-01-28,0.406,1.0937,68385.0,-0.1263,18189.95,1064893112.0,15.41,1.498,0.25,1.3,11.6,30.9866437,195144.0,65.99,13.55,22.42,1018.83
2016-01-29,0.335,1.0834,73130.0,-0.1263,18657.29,870272296.0,15.73,1.418,0.25,1.3,11.6,32.0657148,29658.0,61.86,13.25,20.2,1031.13
2016-01-31,0.335,1.0834,73130.0,-0.1461,18657.29,870272296.0,15.73,1.418,0.25,1.3,11.6,32.0657148,29658.0,61.86,13.25,20.2,1031.13
2016-02-01,0.358,1.0886,55513.0,-0.1461,18485.95,640797667.0,16.81,1.472,0.25,1.3,11.6,31.4532064,331872.0,66.63,12.82,19.98,1035.77
2016-02-02,0.315,1.0916,64256.0,-0.1461,17922.45,737953622.0,16.2,1.494,0.25,1.3,11.6,29.9744648,346885.0,68.59,12.85,21.98,1033.43
2016-02-03,0.277,1.1103,79344.0,-0.1461,17412.04,980110295.0,17.84,1.463,0.25,1.3,11.6,31.5591264,396576.0,67.71,12.83,21.65,1028.37
2016-02-04,0.31,1.1206,82090.0,-0.1461,17626.04,951883937.0,17.39,1.519,0.25,1.3,11.6,30.7514148,323933.0,66.78,12.32,21.84,1030.52
2016-02-05,0.3,1.1156,78329.0,-0.1461,17250.26,1146975798.0,19.58,1.564,0.25,1.3,11.6,30.5307028,296567.0,66.67,12.25,23.38,1051.15
2016-02-08,0.226,1.1195,73117.0,-0.1461,16441.2,1005227538.0,20.38,1.701,0.25,1.3,11.6,29.3703888,211549.0,68.38,12.25,26.0,1061.46
2016-02-09,0.24,1.1291,88585.0,-0.1461,15913.12,1272854347.0,21.72,1.693,0.25,1.3,11.6,26.8532112,305766.0,72.29,12.02,26.54,1052.38
2016-02-10,0.249,1.1289,88981.0,-0.1461,16714.14,1268918277.0,21.36,1.64,0.25,1.3,11.6,27.3186888,332987.0,72.5,12.0,26.29,1060.38
2016-02-11,0.176,1.1321,88732.0,-0.1461,15773.0,1200414209.0,28.37,1.713,0.25,1.3,11.6,26.5522986,347586.0,77.79,11.85,28.14,1100.71
2016-02-12,0.264,1.1258,72607.0,-0.1461,16514.87,1215692843.0,24.1,1.64,0.25,1.3,11.6,29.6323536,394479.0,78.97,12.0,25.4,1098.87
2016-02-15,0.239,1.1153,61453.0,-0.1461,17041.82,1107619867.0,24.1,1.61,-0.25,1.1,11.7,29.9381418,160505.0,78.97,11.82,25.4,1083.89
2016-02-16,0.263,1.1141,81698.0,-0.1461,16957.84,1242304996.0,24.84,1.63,-0.25,1.1,11.7,28.8844462,398492.0,71.53,11.8,24.11,1076.11
2016-02-17,0.273,1.1127,78262.0,-0.1461,17377.89,1036123205.0,24.53,1.614,-0.25,1.1,11.7,31.005495,355922.0,69.47,11.88,22.31,1085.55
2016-02-18,0.214,1.1103,74590.0,-0.1461,17112.36,1092725398.0,26.37,1.561,-0.25,1.1,11.7,30.8746248,324096.0,67.49,12.02,21.64,1107.24
2016-02-19,0.204,1.1132,75879.0,-0.1461,16909.56,892980815.0,24.88,1.57,-0.25,1.1,11.7,29.6532131,287089.0,62.46,12.07,20.53,1102.46
2016-02-22,0.18,1.1026,72449.0,-0.1461,17504.58,720213065.0,23.31,1.527,-0.25,1.1,11.7,31.4620955,233332.0,62.84,12.48,19.38,1095.62
2016-02-23,0.184,1.1017,80310.0,-0.1461,17163.46,796243233.0,23.69,1.532,-0.25,1.1,11.7,30.1988463,348078.0,65.03,12.32,20.98,1112.91
2016-02-24,0.148,1.1011,81342.0,-0.1461,16719.36,841874176.0,24.24,1.533,-0.25,1.1,11.7,31.2504738,344004.0,66.09,12.13,20.72,1115.9
2016-02-25,0.133,1.1021,77878.0,-0.1461,17104.54,712654405.0,23.36,1.513,-0.25,1.1,11.7,32.0207344,210573.0,63.74,11.93,19.11,1118.22
2016-02-26,0.146,1.0931,66332.0,-0.1461,17483.76,838041361.0,21.67,1.487,-0.25,1.1,11.7,32.110533,126420.0,59.96,12.2,19.81,1117.5
2016-02-29,0.11,1.0871,66091.0,-0.1836,17623.07,1056834765.0,22.59,1.414,-0.25,1.1,11.7,33.0880836,30235.0,60.01,12.43,20.55,1138.67
2016-03-01,0.151,1.0864,75505.0,-0.1836,18011.91,835357506.0,21.97,1.4,-0.25,1.1,11.7,33.8825007,276263.0,56.84,12.23,17.7,1133.27
2016-03-02,0.214,1.0866,73471.0,-0.1836,18206.41,969808193.0,22.0,1.454,-0.25,1.1,11.7,33.986679,278167.0,53.37,12.15,17.09,1140.35
2016-03-03,0.174,1.0955,75165.0,-0.1836,18348.5,853623323.0,23.51,1.423,-0.25,1.1,11.7,33.8386081,256490.0,52.57,12.0,16.7,1154.04
2016-03-04,0.239,1.1001,74630.0,-0.1836,18278.98,910794348.0,22.31,1.468,-0.25,1.1,11.7,35.1968672,295792.0,51.89,11.83,16.86,1143.55
2016-03-07,0.218,1.1012,63316.0,-0.1836,18059.27,779385310.0,22.08,1.456,-0.25,1.1,11.7,37.086804,341913.0,52.8,11.82,17.35,1150.05
2016-03-08,0.178,1.1009,68920.0,-0.1836,18017.56,1110499518.0,23.07,1.423,-0.25,1.1,11.7,36.0160775,352250.0,54.04,11.93,18.67,1145.44
2016-03-09,0.238,1.0997,71863.0,-0.1836,18208.92,878694650.0,22.31,1.413,-0.25,1.1,11.7,37.3465938,333486.0,51.74,12.1,18.34,1136.15
2016-03-10,0.297,1.1176,80094.0,-0.1836,18118.23,1400021157.0,23.14,1.44,-0.25,1.1,11.7,35.8355385,287782.0,51.98,11.9,18.05,1136.28
2016-03-11,0.279,1.115,75603.0,-0.1836,18987.75,1184056306.0,21.9,1.331,-0.25,1.1,11.7,36.2241754,276648.0,50.25,12.02,16.5,1119.77
2016-03-14,0.281,1.1104,68536.0,-0.1836,18981.77,944914253.0,21.14,1.305,-0.25,1.1,11.7,35.5999274,264706.0,50.17,11.98,16.92,1111.72
2016-03-15,0.317,1.1108,74571.0,-0.1836,18765.37,787640915.0,19.7,1.369,-0.25,1.1,11.6,34.875685,224361.0,48.98,12.03,16.84,1108.91
2016-03-16,0.31,1.1222,76247.0,-0.1836,18731.75,687886352.0,20.03,1.337,-0.25,1.1,11.6,35.9384663,263872.0,43.98,11.93,14.99,1124.6
2016-03-17,0.233,1.1317,85258.0,-0.1836,18608.03,1033396524.0,18.99,1.268,-0.25,1.1,11.6,36.7059902,249228.0,46.22,12.1,14.44,1110.86
2016-03-18,0.217,1.1267,81248.0,-0.1836,18611.34,1063686951.0,18.15,1.275,-0.25,1.1,11.6,36.56706,286653.0,44.98,12.07,14.02,1112.92
2016-03-21,0.23,1.1239,60436.0,-0.1836,18696.93,717921720.0,17.4,1.255,-0.25,1.1,11.6,36.9606304,234102.0,45.09,11.95,13.79,1105.83
2016-03-22,0.212,1.1214,68664.0,-0.1836,18698.82,645132916.0,17.62,1.252,-0.25,1.1,11.6,37.2658146,268210.0,44.12,11.93,14.17,1112.4
2016-03-23,0.199,1.1183,51053.0,-0.1836,18462.88,545961926.0,18.0,1.294,-0.25,1.1,11.6,36.1886787,240906.0,44.58,12.0,14.94,1090.57
2016-03-24,0.178,1.1173,65119.0,-0.1836,18165.84,763888976.0,18.09,1.299,-0.25,1.1,11.6,36.1942044,203276.0,44.96,12.05,14.74,1088.31
2016-03-25,0.178,1.1163,30093.0,-0.1836,18165.84,763888976.0,18.09,1.299,-0.25,1.1,11.6,36.1942044,203276.0,44.96,12.05,14.74,1088.82
2016-03-28,0.178,1.1193,33449.0,-0.1836,18165.84,763888976.0,17.53,1.299,-0.25,1.1,11.6,35.9780234,78627.0,45.98,12.05,15.24,1090.06
2016-03-29,0.142,1.1289,75140.0,-0.1836,18171.86,679640780.0,19.52,1.223,-0.25,1.1,11.6,34.6709948,149529.0,46.63,12.05,13.82,1099.61
2016-03-30,0.163,1.1336,82139.0,-0.1836,18375.32,740527971.0,18.58,1.222,-0.25,1.1,11.6,34.633209,103118.0,46.38,12.07,13.56,1079.67
2016-03-31,0.155,1.1378,85653.0,-0.2285,18116.88,948177606.0,18.45,1.224,-0.25,1.1,11.6,34.804044,27797.0,45.91,12.1,13.95,1082.37
2016-04-01,0.145,1.1386,83773.0,-0.2285,17776.84,791128446.0,18.04,1.221,-0.25,1.1,11.6,33.9627009,286168.0,47.76,11.57,13.1,1073.06
2016-04-04,0.128,1.139,65978.0,-0.2285,17639.26,747791470.0,17.95,1.242,-0.25,1.1,11.6,33.0903124,286653.0,50.89,11.3,14.12,1066.04
2016-04-05,0.104,1.1382,76410.0,-0.2285,17109.3,838100922.0,18.16,1.275,-0.25,1.1,11.6,33.2718246,296446.0,50.16,11.32,15.42,1080.88
2016-04-06,0.116,1.1397,76595.0,-0.2285,17240.91,816135160.0,17.82,1.284,-0.25,1.1,11.6,34.9564128,323374.0,46.16,11.38,14.09,1071.7
2016-04-07,0.087,1.1375,78128.0,-0.2285,16818.25,757287249.0,19.32,1.402,-0.25,1.1,11.6,34.6637016,308721.0,46.5,11.13,16.16,1089.98
2016-04-08,0.097,1.1399,72926.0,-0.2285,17504.62,942320640.0,18.74,1.319,-0.25,1.1,11.6,36.7927038,340222.0,47.42,11.2,15.36,1087.35
2016-04-11,0.116,1.1406,58571.0,-0.2285,17722.66,863903594.0,19.58,1.347,-0.25,1.1,11.6,37.5503459,279920.0,49.04,11.18,16.26,1101.82
2016-04-12,0.162,1.1384,74507.0,-0.2285,17444.8,1082763919.0,19.09,1.379,-0.25,1.1,11.6,39.2570367,357354.0,48.78,11.27,14.85,1102.53
2016-04-13,0.136,1.1272,78539.0,-0.2285,18165.59,1033470477.0,17.96,1.309,-0.25,1.1,11.6,39.194287,348587.0,48.79,11.28,13.84,1102.13
2016-04-14,0.163,1.1266,78514.0,-0.2285,18329.09,867418543.0,17.83,1.351,-0.25,1.1,11.6,38.9136992,234367.0,46.37,11.23,13.72,1088.74
2016-04-15,0.134,1.128,72944.0,-0.2285,18257.35,683466966.0,17.41,1.348,-0.49,1.1,11.9,38.209012,285166.0,51.27,11.23,13.62,1093.09
2016-04-18,0.169,1.1312,71348.0,-0.2285,18358.25,809180995.0,17.3,1.353,-0.49,1.1,11.9,37.9332982,383372.0,46.45,11.38,13.35,1087.97
2016-04-19,0.178,1.1356,74864.0,-0.2285,18447.98,906749731.0,17.42,1.406,-0.49,1.1,11.9,38.7723777,355947.0,43.93,11.7,13.24,1100.44
2016-04-20,0.152,1.1295,77689.0,-0.2285,18658.36,684253350.0,16.69,1.394,-0.49,1.1,11.9,40.54903,297260.0,43.67,11.93,13.28,1100.89
2016-04-21,0.233,1.1286,79482.0,-0.2285,18732.96,858993556.0,17.9,1.457,-0.49,1.1,11.9,39.4558065,312602.0,43.76,12.55,13.95,1105.81
2016-04-22,0.233,1.123,78504.0,-0.2285,18687.04,606726160.0,17.21,1.482,-0.49,1.1,11.9,40.1691017,272848.0,41.97,12.98,13.22,1096.3
2016-04-25,0.27,1.1263,74144.0,-0.2285,18403.23,574526896.0,17.66,1.536,-0.49,1.1,11.9,39.4920128,211675.0,44.24,12.88,14.08,1098.05
2016-04-26,0.301,1.1298,87187.0,-0.2285,18670.41,745811283.0,17.43,1.538,-0.49,1.1,11.9,40.4849314,199235.0,43.51,13.95,13.96,1099.73
2016-04-27,0.289,1.1319,89890.0,-0.2285,18750.62,668401839.0,16.43,1.512,-0.49,1.1,11.9,41.6821146,150793.0,43.64,13.9,13.77,1100.05
2016-04-28,0.249,1.1351,90800.0,-0.2285,18976.71,1020459992.0,17.9,1.462,-0.49,1.1,11.9,42.4103772,113083.0,42.84,12.68,15.22,1115.0
2016-04-29,0.28,1.1454,88418.0,-0.2285,18600.56,829937780.0,20.23,1.499,-0.49,1.1,11.9,42.0203778,29515.0,42.52,12.45,15.7,1128.78
2016-04-30,0.28,1.1454,88418.0,-0.2492,18600.56,829937780.0,20.23,1.499,-0.49,1.1,11.9,42.0203778,29515.0,42.52,12.45,15.7,1128.78
2016-05-02,0.277,1.1529,56216.0,-0.2492,18420.22,719438339.0,19.29,1.485,-0.49,1.1,11.9,39.7520254,168090.0,45.15,12.3,14.68,1119.29
2016-05-03,0.197,1.1495,73548.0,-0.2492,17966.81,805809608.0,18.7,1.47,-0.49,1.1,11.9,39.1212018,276403.0,45.78,12.25,15.6,1118.01
2016-05-04,0.204,1.1485,83994.0,-0.2492,17935.67,696427658.0,19.47,1.484,-0.49,1.1,11.9,38.850634,293821.0,44.76,12.38,16.05,1113.33
2016-05-05,0.16,1.1404,68167.0,-0.2492,17923.9,655252365.0,18.46,1.497,-0.49,1.1,11.9,39.4688189,280794.0,44.82,12.75,15.91,1120.16
2016-05-06,0.149,1.1402,69773.0,-0.2492,17842.8,707851330.0,18.65,1.493,-0.49,1.1,11.9,39.7913048,283651.0,42.47,12.95,14.72,1129.3
2016-05-09,0.131,1.1381,64001.0,-0.2492,17685.8,618765075.0,18.65,1.478,-0.49,1.1,11.9,38.3359358,364584.0,44.14,13.0,14.57,1109.76
2016-05-10,0.122,1.1368,67576.0,-0.2492,17934.72,724328850.0,18.04,1.494,-0.49,1.1,11.9,40.0421232,343209.0,42.28,13.05,13.63,1112.87
2016-05-11,0.125,1.1425,67739.0,-0.2492,17698.08,867409238.0,18.35,1.469,-0.49,1.1,11.9,41.662852,381737.0,42.02,13.18,14.69,1117.7
2016-05-12,0.156,1.1375,70614.0,-0.2492,17651.36,728803183.0,17.84,1.506,-0.49,1.1,11.9,42.2680896,353848.0,41.5,12.88,14.41,1110.04
2016-05-13,0.13,1.1305,74349.0,-0.2492,17729.45,711215190.0,18.29,1.479,-0.49,1.1,11.9,42.3085048,239047.0,41.57,12.85,15.04,1125.83
2016-05-15,0.13,1.1305,74349.0,-0.2492,17729.45,711215190.0,18.29,1.479,-0.25,1.0,11.5,42.3085048,239047.0,41.57,12.85,15.04,1125.83
2016-05-16,0.14,1.1316,56104.0,-0.2492,17737.02,597697704.0,18.49,1.485,-0.25,1.0,11.5,43.274789,294377.0,42.03,13.2,14.68,1124.67
2016-05-17,0.132,1.1311,67698.0,-0.2492,17498.88,897663445.0,18.17,1.451,-0.25,1.0,11.5,43.568448,262324.0,42.75,13.15,15.57,1130.56
2016-05-18,0.166,1.1215,72676.0,-0.2492,17713.62,621141229.0,18.2,1.488,-0.25,1.0,11.5,43.6289238,319810.0,42.87,13.13,15.95,1121.22
2016-05-19,0.174,1.1202,71582.0,-0.2492,17545.56,767932009.0,17.85,1.51,-0.25,1.0,11.5,43.572687,302095.0,42.4,13.0,16.33,1119.33
2016-05-20,0.172,1.1222,60652.0,-0.2492,17812.35,760709410.0,17.0,1.489,-0.25,1.0,11.5,43.4148792,255583.0,40.17,13.05,15.2,1115.19
2016-05-23,0.184,1.1216,60964.0,-0.2492,17325.08,665531395.0,16.8,1.492,-0.25,1.0,11.5,43.107893,225090.0,39.44,12.9,15.82,1112.54
2016-05-24,0.177,1.114,71759.0,-0.2492,17903.97,850532816.0,16.66,1.428,-0.25,1.0,11.5,43.6357387,211583.0,38.02,13.0,14.42,1100.79
2016-05-25,0.153,1.1153,69596.0,-0.2492,18201.39,929289973.0,15.98,1.358,-0.25,1.0,11.5,44.5978788,237787.0,35.94,13.3,13.9,1096.97
2016-05-26,0.144,1.1192,68030.0,-0.2492,18216.92,693042638.0,15.29,1.376,-0.25,1.0,11.5,44.308665,221255.0,36.56,13.55,13.43,1089.35
2016-05-27,0.144,1.1114,67362.0,-0.2492,18186.14,475433088.0,15.39,1.363,-0.25,1.0,11.5,44.3766564,130178.0,35.97,13.93,13.12,1090.5
2016-05-30,0.166,1.1144,45330.0,-0.2492,18291.38,360220745.0,15.39,1.367,-0.25,1.0,11.5,44.6516384,23093.0,35.97,13.95,13.12,1080.99
2016-05-31,0.146,1.1129,85931.0,-0.2572,18025.25,866823385.0,15.83,1.372,-0.25,1.0,11.5,44.6489495,28690.0,38.08,14.18,14.19,1090.88
2016-06-01,0.134,1.1185,93741.0,-0.2572,17810.85,655810425.0,15.92,1.391,-0.25,1.0,11.5,44.452166,265995.0,40.0,14.15,14.2,1083.37
2016-06-02,0.113,1.1149,94307.0,-0.2572,17767.3,606476307.0,16.05,1.38,-0.25,1.0,11.5,44.8828776,270116.0,36.64,14.53,13.63,1085.4
2016-06-03,0.073,1.1365,84571.0,-0.2572,17495.09,639128771.0,17.45,1.335,-0.25,1.0,11.5,43.6777396,227821.0,34.81,14.15,13.47,1094.28
2016-06-06,0.087,1.1351,72594.0,-0.2572,17625.0,518195477.0,17.76,1.395,-0.25,1.0,11.5,44.533539,223756.0,35.61,14.5,13.65,1096.02
2016-06-07,0.054,1.1356,68521.0,-0.2572,17975.49,726475393.0,17.29,1.347,-0.25,1.0,11.5,45.2975496,208823.0,36.19,14.68,14.05,1094.53
2016-06-08,0.059,1.1392,70023.0,-0.2572,17909.7,634362073.0,18.76,1.32,-0.25,1.0,11.5,46.0938031,260745.0,35.17,14.4,14.08,1107.2
2016-06-09,0.039,1.1314,75464.0,-0.2572,17763.88,557229316.0,20.28,1.306,-0.25,1.0,11.5,45.916527,213124.0,35.9,14.07,14.64,1120.9
2016-06-10,0.021,1.1249,79089.0,-0.2572,17120.16,879345815.0,20.52,1.311,-0.25,1.0,11.5,44.9285438,210059.0,39.95,13.9,17.03,1131.96
2016-06-13,0.028,1.129,70580.0,-0.2572,16621.87,947052189.0,21.11,1.377,-0.25,1.0,11.5,44.597009,208806.0,42.72,13.85,20.97,1136.58
2016-06-14,0.0003,1.1206,77614.0,-0.2572,16271.35,1050461707.0,20.63,1.439,-0.25,1.0,11.5,44.4672954,224005.0,43.07,14.2,20.5,1146.71
2016-06-15,-0.016,1.1257,78253.0,-0.2572,16513.97,930661829.0,20.68,1.429,-0.37,1.0,11.7,43.5020098,298839.0,42.58,14.05,20.14,1146.43
2016-06-16,-0.0214,1.1223,86796.0,-0.2572,16351.9,1018323217.0,21.95,1.483,-0.37,1.0,11.7,42.0477057,287302.0,44.49,14.23,19.37,1138.65
2016-06-17,0.0206,1.1274,75577.0,-0.2572,16923.29,1209471440.0,22.52,1.446,-0.37,1.0,11.7,43.61379,222734.0,41.35,14.45,19.41,1150.9
2016-06-20,0.0608,1.131,88802.0,-0.2572,17353.45,974519879.0,21.01,1.37,-0.37,1.0,11.7,44.7832105,244410.0,38.99,15.2,18.37,1139.56
2016-06-21,0.048,1.124,91899.0,-0.2572,17431.17,778016137.0,20.65,1.368,-0.37,1.0,11.7,45.0356016,256951.0,40.37,14.75,18.48,1127.87
2016-06-22,0.0602,1.1295,94934.0,-0.2572,17323.27,663615161.0,22.25,1.361,-0.37,1.0,11.7,44.161258,282721.0,43.25,15.23,21.17,1120.37
2016-06-23,0.0991,1.1385,96246.0,-0.2572,17966.17,1014188881.0,20.1,1.326,-0.37,1.0,11.7,44.7167985,246953.0,40.1,15.23,17.25,1101.87
2016-06-24,-0.0556,1.1115,122884.0,-0.2572,15723.81,2643219849.0,22.2,1.483,-0.37,1.0,11.7,43.5539929,351742.0,43.33,14.55,25.76,1183.09
2016-06-27,-0.11,1.1022,139361.0,-0.2572,15103.58,1925262409.0,22.52,1.427,-0.37,1.0,11.7,42.7873248,243264.0,42.85,14.23,23.85,1201.15
2016-06-28,-0.1172,1.1065,138622.0,-0.2572,15601.62,1502423887.0,20.18,1.325,-0.37,1.0,11.7,43.904175,173176.0,40.18,14.18,18.75,1185.5
2016-06-29,-0.1274,1.1123,142998.0,-0.2572,15946.93,1196015018.0,19.26,1.3,-0.37,1.0,11.7,45.5004144,112964.0,38.29,14.45,16.64,1184.96
2016-06-30,-0.1269,1.1104,139984.0,-0.2679,16197.78,1326997453.0,18.5,1.345,-0.37,1.0,11.7,44.7408144,25406.0,38.09,13.93,15.63,1190.04
2016-07-01,-0.13,1.1135,127354.0,-0.2679,16295.78,968948316.0,18.43,1.223,-0.37,1.0,11.7,45.2178245,248693.0,36.18,14.32,14.77,1204.91
2016-07-04,-0.1346,1.1154,50330.0,-0.2679,16012.31,848273682.0,18.43,1.246,-0.37,1.0,11.7,44.916654,113446.0,36.18,14.55,14.77,1210.14
2016-07-05,-0.1793,1.1075,71885.0,-0.2679,15780.16,1075118537.0,20.09,1.246,-0.37,1.0,11.7,43.3045228,305737.0,40.08,14.2,15.58,1223.88
2016-07-06,-0.1788,1.1099,80011.0,-0.2679,15423.79,1399182529.0,21.18,1.236,-0.37,1.0,11.7,43.967824,279124.0,41.43,14.2,14.96,1228.39
2016-07-07,-0.1654,1.1059,78551.0,-0.2679,15436.16,907906714.0,20.55,1.234,-0.37,1.0,11.7,41.956736,328097.0,43.24,14.27,14.76,1229.06
2016-07-08,-0.182,1.1052,73953.0,-0.2679,16066.38,1148919977.0,18.79,1.185,-0.37,1.0,11.7,42.3089156,237284.0,41.41,14.15,13.2,1235.78
2016-07-11,-0.1659,1.1056,65780.0,-0.2679,16260.64,905191646.0,18.93,1.217,-0.37,1.0,11.7,41.8326625,229276.0,42.51,14.05,13.54,1225.0
2016-07-12,-0.0923,1.1057,71314.0,-0.2679,16721.0,1295694784.0,17.94,1.235,-0.37,1.0,11.7,43.836268,321525.0,39.67,14.35,13.55,1203.44
2016-07-13,-0.1411,1.1088,76635.0,-0.2679,16527.89,1102062834.0,17.61,1.203,-0.37,1.0,11.7,41.7209688,299796.0,43.1,14.23,13.04,1210.29
2016-07-14,-0.1013,1.1118,88235.0,-0.2679,16797.52,971067564.0,17.15,1.23,-0.37,1.0,11.7,42.6064728,289398.0,38.3,14.32,12.82,1199.96
2016-07-15,0.006,1.1034,74862.0,-0.2679,16748.59,783998898.0,16.91,1.262,-0.12,1.0,11.6,43.1484669,260430.0,36.66,14.25,12.67,1211.68
2016-07-18,-0.017,1.1071,61474.0,-0.2679,16762.73,747737917.0,16.96,1.254,-0.12,1.0,11.6,42.4170896,230495.0,38.15,14.32,12.44,1199.23
2016-07-19,-0.029,1.1021,69726.0,-0.2679,16673.77,908497387.0,16.71,1.237,-0.12,1.0,11.6,42.3374176,214363.0,37.2,14.4,11.97,1208.14
2016-07-20,-0.011,1.1013,75603.0,-0.2679,16763.82,801562391.0,17.21,1.24,-0.12,1.0,11.6,42.8313034,296296.0,37.02,14.68,11.77,1194.23
2016-07-21,-0.008,1.1023,74416.0,-0.2679,16805.4,881154984.0,17.77,1.247,-0.12,1.0,11.6,41.912178,237479.0,38.13,14.98,12.74,1206.82
2016-07-22,-0.026,1.0973,75216.0,-0.2679,16778.67,630212470.0,17.61,1.244,-0.12,1.0,11.6,41.6386677,243489.0,38.85,14.77,12.02,1204.15
2016-07-25,-0.037,1.099,64234.0,-0.2679,16692.17,677616105.0,17.74,1.232,-0.12,1.0,11.6,40.6916224,188805.0,40.97,14.83,12.87,1195.81
2016-07-26,-0.025,1.0986,77191.0,-0.2679,16697.01,752674978.0,17.45,1.255,-0.12,1.0,11.6,40.8429175,240329.0,41.27,14.52,13.05,1201.17
2016-07-27,-0.08,1.1055,75483.0,-0.2679,16863.01,1087231738.0,16.93,1.217,-0.12,1.0,11.6,39.3216579,194572.0,41.6,14.4,12.83,1210.91
2016-07-28,-0.083,1.1074,75067.0,-0.2679,16522.64,966320812.0,16.31,1.203,-0.12,1.0,11.6,38.558954,110094.0,42.93,14.1,12.72,1205.68
2016-07-29,-0.12,1.117,77855.0,-0.2679,16846.86,999876974.0,15.8,1.166,-0.12,1.0,11.6,38.0127396,21544.0,41.08,13.8,11.87,1208.38
2016-07-31,-0.12,1.117,77855.0,-0.2945,16846.86,999876974.0,15.8,1.166,-0.12,1.0,11.6,38.0127396,21544.0,41.08,13.8,11.87,1208.38
2016-08-01,-0.09,1.1159,61188.0,-0.2945,16554.83,1012197246.0,16.28,1.178,-0.12,1.0,11.6,37.7633396,234773.0,44.22,14.0,12.44,1211.58
2016-08-02,-0.029,1.1225,68933.0,-0.2945,16098.37,1062309749.0,16.45,1.218,-0.12,1.0,11.6,37.238366,262560.0,45.7,13.8,13.37,1213.89
2016-08-03,-0.035,1.1147,69467.0,-0.2945,16129.84,935691302.0,16.18,1.218,-0.12,1.0,11.6,38.66501,320440.0,44.64,13.78,12.86,1217.7
2016-08-04,-0.097,1.1128,73019.0,-0.2945,16236.41,667845326.0,16.06,1.146,-0.12,1.0,11.6,39.8003227,276418.0,43.1,13.73,12.42,1222.53
2016-08-05,-0.064,1.1085,65388.0,-0.2945,16626.28,750068219.0,15.6,1.139,-0.12,1.0,11.6,39.9368524,236874.0,41.5,13.23,11.39,1204.85
2016-08-08,-0.061,1.109,57532.0,-0.2945,16743.82,559122021.0,15.49,1.131,-0.12,1.0,11.6,40.9286169,221513.0,41.14,12.95,11.5,1203.33
2016-08-09,-0.079,1.1117,66320.0,-0.2945,16796.14,517118308.0,14.41,1.114,-0.12,1.0,11.6,40.4604096,216218.0,39.76,12.85,11.66,1205.1
2016-08-10,-0.107,1.1174,69092.0,-0.2945,16791.55,494829528.0,14.89,1.076,-0.12,1.0,11.6,39.4216665,284858.0,39.32,12.82,12.05,1204.28
2016-08-11,-0.092,1.1135,66607.0,-0.2945,16969.69,549343799.0,15.37,1.063,-0.12,1.0,11.6,41.3471428,335527.0,39.29,12.7,11.68,1201.54
2016-08-12,-0.105,1.1158,61794.0,-0.2945,16997.83,466896962.0,15.01,1.05,-0.12,1.0,11.6,42.0954534,258003.0,37.78,12.2,11.55,1196.43
2016-08-15,-0.067,1.1183,52951.0,-0.2945,16997.83,466896962.0,14.67,1.05,-0.12,1.7,11.6,43.2350535,234398.0,37.28,11.58,11.81,1197.06
2016-08-16,-0.029,1.1276,73626.0,-0.2945,16792.96,540648647.0,16.13,1.124,-0.12,1.7,11.6,43.6591332,331860.0,37.45,11.95,12.64,1192.78
2016-08-17,-0.049,1.1286,77624.0,-0.2945,16528.36,546425298.0,15.83,1.117,-0.12,1.7,11.6,44.1695925,377399.0,35.12,12.0,12.19,1194.03
2016-08-18,-0.081,1.1352,79248.0,-0.2945,16673.58,520609643.0,14.97,1.078,-0.12,1.7,11.6,44.829001,268834.0,36.75,11.68,11.43,1190.58
2016-08-19,-0.035,1.1325,69549.0,-0.2945,16310.06,700910511.0,15.35,1.137,-0.12,1.7,11.6,44.92704,252338.0,34.88,10.7,11.34,1184.33
2016-08-22,-0.085,1.1315,66511.0,-0.2945,16369.14,514990669.0,15.82,1.114,-0.12,1.7,11.6,43.4466248,270367.0,36.41,11.3,12.27,1182.24
2016-08-23,-0.094,1.1303,67773.0,-0.2945,16778.05,598139681.0,15.62,1.136,-0.12,1.7,11.6,44.2006112,314178.0,37.53,11.55,12.38,1182.56
2016-08-24,-0.09,1.1261,73765.0,-0.2945,16891.63,726161691.0,16.89,1.127,-0.12,1.7,11.6,43.557381,280915.0,37.46,11.1,13.45,1175.15
2016-08-25,-0.073,1.1279,66512.0,-0.2945,16710.78,522794028.0,16.73,1.13,-0.12,1.7,11.6,44.037422,217126.0,36.76,11.1,13.63,1170.94
2016-08-26,-0.089,1.1195,71731.0,-0.2945,16843.99,444195486.0,16.17,1.111,-0.12,1.7,11.6,44.5915392,209621.0,36.05,11.48,13.65,1179.05
2016-08-29,-0.081,1.1188,63504.0,-0.2945,16655.22,327575615.0,15.95,1.137,-0.12,1.7,11.6,44.0290806,65667.0,36.72,11.2,12.94,1182.19
2016-08-30,-0.091,1.1141,72551.0,-0.2945,16891.42,458792274.0,15.99,1.106,-0.12,1.7,11.6,43.4164283,124524.0,38.03,11.45,13.12,1175.93
2016-08-31,-0.061,1.1156,73801.0,-0.2982,16943.38,735885276.0,16.01,1.145,-0.12,1.7,11.6,42.1657152,20606.0,39.5,11.45,13.42,1172.22
2016-09-01,-0.064,1.1196,74702.0,-0.2982,16923.28,869398363.0,16.25,1.186,-0.12,1.7,11.6,40.595031,290044.0,41.22,12.57,13.48,1172.85
2016-09-02,-0.039,1.1153,70232.0,-0.2982,17183.9,653761419.0,14.58,1.162,-0.12,1.7,11.6,41.9887146,279344.0,38.64,12.7,11.98,1187.15
2016-09-05,-0.048,1.1144,51609.0,-0.2982,17190.44,529290409.0,14.58,1.154,-0.12,1.7,11.6,42.7403042,287952.0,38.64,12.45,11.98,1189.85
2016-09-06,-0.101,1.1252,71716.0,-0.2982,17052.57,579824189.0,15.6,1.097,-0.12,1.7,11.6,42.0013798,215064.0,39.85,12.45,12.02,1198.65
2016-09-07,-0.119,1.1237,81556.0,-0.2982,17292.84,734816561.0,15.0,1.079,-0.12,1.7,11.6,42.6983616,224227.0,38.63,12.0,11.94,1196.09
2016-09-08,-0.063,1.1258,87792.0,-0.2982,17375.73,722189910.0,14.97,1.153,-0.12,1.7,11.6,44.4041174,327242.0,38.21,12.02,12.51,1187.92
2016-09-09,0.017,1.1229,87314.0,-0.2982,17156.48,623421003.0,15.49,1.253,-0.12,1.7,11.6,42.7553055,262147.0,39.72,11.85,17.5,1181.71
2016-09-12,0.045,1.1232,80951.0,-0.2982,16840.28,723530499.0,15.2,1.28,-0.12,1.7,11.6,43.0197792,258760.0,39.16,11.8,15.16,1181.16
2016-09-13,0.049,1.1217,99633.0,-0.2982,16547.75,780019750.0,15.78,1.297,-0.12,1.7,11.6,41.98965,280023.0,41.1,12.05,17.85,1175.01
2016-09-14,0.027,1.1249,99766.0,-0.2982,16539.9,709629325.0,15.32,1.294,-0.12,1.7,11.6,40.7592745,332961.0,42.47,11.95,18.14,1175.54
2016-09-15,0.034,1.1241,91388.0,-0.2982,16595.43,706422896.0,15.07,1.333,0.0,1.7,11.9,41.446464,320720.0,40.9,12.4,16.3,1169.13
2016-09-16,0.002,1.1153,86277.0,-0.2982,16192.16,1457657805.0,14.78,1.336,0.0,1.7,11.9,41.0382974,226321.0,39.86,12.6,15.37,1173.89
2016-09-19,0.016,1.1173,70112.0,-0.2982,16399.26,598715033.0,15.68,1.322,0.0,1.7,11.9,41.1257095,209911.0,39.66,13.45,15.53,1175.04
2016-09-20,-0.018,1.1152,86693.0,-0.2982,16207.1,692110808.0,15.69,1.256,0.0,1.7,11.9,41.140596,298796.0,40.99,13.0,15.92,1178.27
2016-09-21,0.008,1.1185,105339.0,-0.2982,16349.82,573097980.0,14.69,1.288,0.0,1.7,11.9,41.8683615,249080.0,39.85,13.4,13.3,1194.01
2016-09-22,-0.092,1.1207,100295.0,-0.2982,16637.69,622733735.0,13.73,1.189,0.0,1.7,11.9,42.518095,290326.0,41.57,13.53,12.02,1192.6
2016-09-23,-0.081,1.1222,97147.0,-0.2982,16452.84,513904251.0,13.93,1.212,0.0,1.7,11.9,40.8930379,306857.0,43.89,13.95,12.29,1190.74
2016-09-26,-0.11,1.1253,88035.0,-0.2982,16192.48,641611851.0,14.98,1.19,0.0,1.7,11.9,42.0775775,208153.0,44.9,13.75,14.5,1188.41
2016-09-27,-0.138,1.1213,101550.0,-0.2982,16134.71,625392185.0,14.53,1.207,0.0,1.7,11.9,40.9969654,241177.0,43.88,13.23,13.1,1183.08
2016-09-28,-0.146,1.1214,119456.0,-0.2982,16222.21,538648206.0,13.98,1.184,0.0,1.7,11.9,43.4188206,188670.0,45.24,13.98,12.39,1177.78
2016-09-29,-0.118,1.1221,121155.0,-0.2982,16338.78,625457564.0,13.86,1.218,0.0,1.7,11.9,43.8821956,114831.0,42.05,14.05,14.02,1176.11
2016-09-30,-0.117,1.1238,120042.0,-0.3016,16401.0,925115843.0,13.88,1.191,0.0,1.7,11.9,43.6555504,26942.0,39.31,13.7,13.29,1170.22
2016-10-03,-0.096,1.1209,80180.0,-0.3016,16273.95,522620723.0,14.16,1.244,0.0,1.7,11.9,45.4010046,284259.0,38.04,15.5,13.57,1169.58
2016-10-04,-0.089,1.1202,115197.0,-0.3016,16308.02,585573398.0,15.8,1.26,0.0,1.7,11.9,45.411649,269265.0,37.66,16.05,13.63,1131.27
2016-10-05,-0.008,1.1202,110928.0,-0.3016,16476.58,888903683.0,15.21,1.363,0.0,1.7,11.9,46.295422,302091.0,36.65,16.05,12.99,1129.59
2016-10-06,-0.005,1.1149,102136.0,-0.3016,16491.62,761554588.0,16.05,1.358,0.0,1.7,11.9,47.0983194,293868.0,35.92,16.5,12.84,1124.76
2016-10-07,0.026,1.1199,125315.0,-0.3016,16405.27,732069451.0,15.72,1.386,0.0,1.7,11.9,46.3703742,310018.0,36.6,16.08,13.48,1121.56
2016-10-10,0.063,1.1137,89608.0,-0.3016,16632.45,653908166.0,15.6,1.4,0.0,1.7,11.9,47.7149374,334274.0,36.57,15.82,13.38,1130.59
2016-10-11,0.026,1.1053,113765.0,-0.3016,16474.06,653638010.0,15.63,1.375,0.0,1.7,11.9,47.4168993,373849.0,38.08,15.28,15.36,1133.18
2016-10-12,0.067,1.1006,124378.0,-0.3016,16470.28,740198783.0,15.61,1.418,0.0,1.7,11.9,47.074566,254729.0,39.05,15.5,15.91,1139.42
2016-10-13,0.037,1.1056,120469.0,-0.3016,16269.26,771917958.0,15.63,1.381,0.0,1.7,11.9,47.0606147,310648.0,37.22,15.9,16.69,1136.97
2016-10-14,0.056,1.0969,113764.0,-0.3016,16591.37,810920937.0,15.14,1.379,0.0,1.7,11.9,47.360737,248439.0,35.55,16.13,16.12,1139.16
2016-10-15,0.056,1.0969,113764.0,-0.3016,16591.37,810920937.0,15.14,1.379,-0.12,1.7,11.7,47.360737,248439.0,35.55,16.13,16.12,1139.16
2016-10-17,0.057,1.0997,96812.0,-0.3016,16630.34,807335464.0,15.23,1.406,-0.12,1.7,11.7,46.8491968,247028.0,34.88,16.35,16.21,1141.43
2016-10-18,0.037,1.0978,102092.0,-0.3016,16966.61,853112230.0,14.73,1.446,-0.12,1.7,11.7,47.0758288,274173.0,36.37,16.8,15.28,1149.27
2016-10-19,0.026,1.0972,105392.0,-0.3016,17044.34,900213181.0,14.59,1.444,-0.12,1.7,11.7,48.0039647,292949.0,32.72,16.67,14.41,1156.26
2016-10-20,0.004,1.0928,104939.0,-0.3016,17141.38,855356429.0,14.68,1.442,-0.12,1.7,11.7,47.0168104,279308.0,32.48,16.92,13.75,1157.7
2016-10-21,0.004,1.0882,101514.0,-0.3016,17166.76,935131261.0,14.55,1.439,-0.12,1.7,11.7,47.583231,249161.0,32.51,16.88,13.34,1163.19
2016-10-24,0.025,1.088,96326.0,-0.3016,17305.77,1075953614.0,14.95,1.452,-0.12,1.7,11.7,47.2979152,277239.0,32.79,17.27,13.02,1161.29
2016-10-25,0.03,1.0886,108814.0,-0.3016,17230.03,987385189.0,14.55,1.452,-0.12,1.7,11.7,46.6562019,237734.0,33.93,17.53,13.46,1169.76
2016-10-26,0.087,1.0907,106078.0,-0.3016,17280.74,997425856.0,14.48,1.537,-0.12,1.7,11.7,45.8236632,304515.0,35.39,17.1,14.24,1160.86
2016-10-27,0.176,1.0894,110453.0,-0.3016,17426.46,899233493.0,15.0,1.615,-0.12,1.7,11.7,46.3284318,138087.0,35.86,17.4,15.36,1163.39
2016-10-28,0.168,1.0983,105073.0,-0.3016,17324.23,744286749.0,16.62,1.653,-0.12,1.7,11.7,45.260955,94844.0,37.76,17.43,16.19,1160.87
2016-10-31,0.162,1.0979,96967.0,-0.309,17125.05,647630432.0,18.13,1.678,-0.12,1.7,11.7,43.993089,32214.0,40.96,17.92,17.06,1162.96
2016-11-01,0.175,1.1053,104603.0,-0.309,16898.28,537830527.0,19.02,1.75,-0.12,1.7,11.7,43.5537022,462804.0,40.08,18.2,18.56,1164.65
2016-11-02,0.129,1.1094,120362.0,-0.309,16474.52,846210502.0,19.32,1.666,-0.12,1.7,11.7,42.2391354,366824.0,40.86,18.9,19.32,1168.0
2016-11-03,0.16,1.1103,120414.0,-0.309,16419.9,619703313.0,19.98,1.697,-0.12,1.7,11.7,41.745591,283660.0,41.49,18.67,22.08,1172.32
2016-11-04,0.135,1.1135,98187.0,-0.309,16318.6,859442042.0,20.22,1.746,-0.12,1.7,11.7,40.9340306,384560.0,43.69,18.2,22.51,1170.08
2016-11-07,0.15,1.1038,110650.0,-0.309,16736.75,873155978.0,18.53,1.712,-0.12,1.7,11.7,41.810054,276169.0,44.2,17.8,18.71,1160.1
2016-11-08,0.181,1.1023,110725.0,-0.309,16817.41,846592971.0,17.93,1.712,-0.12,1.7,11.7,41.7670276,320983.0,43.56,17.7,18.74,1156.34
2016-11-09,0.176,1.0909,181047.0,-0.309,16799.85,1404628705.0,16.68,1.742,-0.12,1.7,11.7,42.4968212,448124.0,41.25,18.0,14.38,1171.22
2016-11-10,0.28,1.0889,164222.0,-0.309,16804.88,1603510250.0,18.52,1.908,-0.12,1.7,11.7,42.0976224,302446.0,42.44,18.08,14.74,1155.33
2016-11-11,0.307,1.085,156764.0,-0.309,16812.37,923693651.0,23.25,2.039,-0.12,1.7,11.7,41.244285,286705.0,45.31,18.0,14.17,1128.45
2016-11-14,0.333,1.0734,159287.0,-0.309,16686.33,1103923252.0,20.5,2.092,-0.12,1.7,11.7,41.3918766,260146.0,50.17,17.53,14.48,1136.69
2016-11-15,0.309,1.072,156909.0,-0.309,16682.37,845492249.0,16.42,1.969,0.12,1.6,12.0,43.796838,354268.0,49.43,17.9,13.37,1145.44
2016-11-16,0.302,1.0685,159407.0,-0.309,16559.84,839627640.0,15.77,2.041,0.12,1.6,12.0,43.6405507,335482.0,50.09,17.6,13.72,1144.55
2016-11-17,0.276,1.0625,152308.0,-0.309,16555.31,998331861.0,17.5,2.094,0.12,1.6,12.0,43.7554582,280941.0,47.37,17.75,13.35,1144.25
2016-11-18,0.284,1.0585,150293.0,-0.309,16265.9,1146558523.0,17.03,2.086,0.12,1.6,12.0,44.2700478,249336.0,46.56,17.93,12.85,1141.17
2016-11-21,0.28,1.0627,146089.0,-0.309,16297.26,780824384.0,15.86,2.07,0.12,1.6,12.0,46.0149,282704.0,45.71,17.4,12.42,1141.35
2016-11-22,0.229,1.0624,159739.0,-0.309,16519.89,787892854.0,15.43,2.027,0.12,1.6,12.0,46.2351824,436934.0,46.69,17.65,12.41,1140.29
2016-11-23,0.278,1.0556,146278.0,-0.309,16532.26,954893610.0,18.53,2.137,0.12,1.6,12.0,46.3718035,275288.0,47.54,17.63,12.43,1124.74
2016-11-24,0.264,1.0552,148196.0,-0.309,16500.73,696476201.0,18.53,2.139,0.12,1.6,12.0,46.43681,71185.0,47.54,17.73,12.43,1120.77
2016-11-25,0.239,1.0584,154577.0,-0.309,16515.11,597711842.0,18.47,2.101,0.12,1.6,12.0,44.6332968,181171.0,53.46,17.63,12.34,1116.98
2016-11-28,0.189,1.0613,141930.0,-0.309,16216.95,747853715.0,17.39,2.062,0.12,1.6,12.0,45.4536576,207955.0,52.56,18.0,13.15,1123.13
2016-11-29,0.228,1.0647,153850.0,-0.309,16561.86,744981692.0,17.28,1.976,0.12,1.6,12.0,43.5614874,133105.0,55.09,18.05,12.9,1115.35
2016-11-30,0.275,1.0585,160302.0,-0.3127,16930.41,1029626891.0,19.18,1.986,0.12,1.6,12.0,47.6805231,43117.0,44.25,18.25,13.33,1107.79
2016-12-01,0.356,1.066,158634.0,-0.3127,17098.33,911806864.0,19.39,2.042,0.12,1.6,12.0,50.6005746,460862.0,40.45,17.98,14.07,1098.72
2016-12-02,0.281,1.067,148018.0,-0.3127,17086.85,837344375.0,18.44,1.902,0.12,1.6,12.0,51.0404566,312780.0,35.51,17.55,14.12,1102.56
2016-12-05,0.336,1.0762,151126.0,-0.3127,17050.21,1342406083.0,17.56,2.003,0.12,1.6,12.0,51.050248,288551.0,37.0,16.77,12.14,1086.98
2016-12-06,0.366,1.0717,140365.0,-0.3127,17757.8,1156710240.0,17.06,1.958,0.12,1.6,12.0,50.322083,280650.0,37.11,16.25,11.79,1090.87
2016-12-07,0.347,1.0751,140634.0,-0.3127,18130.66,1349154388.0,16.87,1.905,0.12,1.6,12.0,49.29795,298565.0,36.05,16.2,12.22,1091.07
2016-12-08,0.382,1.0615,165261.0,-0.3127,18427.86,1364063671.0,16.48,2.007,0.12,1.6,12.0,50.7676134,334183.0,35.03,16.42,12.64,1102.35
2016-12-09,0.357,1.0559,141766.0,-0.3127,18292.65,967843855.0,18.66,2.039,0.12,1.6,12.0,51.4537698,264797.0,35.21,16.45,11.75,1095.83
2016-12-12,0.408,1.0634,130671.0,-0.3127,18370.32,873906477.0,16.97,2.008,0.12,1.6,12.0,52.3697622,372173.0,30.3,16.92,12.64,1092.57
2016-12-13,0.354,1.0625,139857.0,-0.3127,18827.61,1448423744.0,16.17,1.873,0.12,1.6,12.0,52.4425496,283432.0,31.35,17.18,12.72,1089.48
2016-12-14,0.303,1.0535,139026.0,-0.3127,18606.32,1051647249.0,18.21,1.796,0.12,1.6,12.0,51.162958,353966.0,33.97,17.03,13.19,1084.42
2016-12-15,0.359,1.0412,166946.0,-0.3127,18994.79,1302176836.0,17.89,1.835,0.49,1.6,11.8,51.8824286,266152.0,33.58,17.15,12.79,1083.36
2016-12-16,0.311,1.0447,134548.0,-0.3127,19014.75,1116713512.0,17.55,1.893,0.49,1.6,11.8,52.8475641,229187.0,29.18,17.43,12.2,1084.59
2016-12-19,0.252,1.0402,129459.0,-0.3127,18968.94,671611906.0,16.05,1.838,0.49,1.6,11.8,52.797342,228387.0,29.23,17.35,11.71,1094.47
2016-12-20,0.272,1.0385,143151.0,-0.3127,19247.24,836696999.0,16.69,1.847,0.49,1.6,11.8,53.2981755,257022.0,27.43,17.48,11.45,1088.87
2016-12-21,0.244,1.0423,136665.0,-0.3127,19215.59,680530503.0,15.82,1.819,0.49,1.6,11.8,52.2500132,277727.0,28.39,17.48,11.27,1083.59
2016-12-22,0.257,1.0435,139967.0,-0.3127,19121.26,801086126.0,15.28,1.856,0.49,1.6,11.8,52.7549655,194658.0,30.29,18.17,11.43,1080.57
2016-12-23,0.225,1.0454,109005.0,-0.3127,19345.02,608089989.0,16.36,1.824,0.49,1.6,11.8,52.7644012,104088.0,29.9,18.05,11.44,1083.38
2016-12-26,0.225,1.0453,44608.0,-0.3127,19345.02,608089989.0,16.36,1.824,0.49,1.6,11.8,52.7644012,104088.0,29.9,18.05,11.44,1083.81
2016-12-27,0.2,1.0455,90121.0,-0.3127,19390.83,415702861.0,16.68,1.837,0.49,1.6,11.8,53.6489632,67836.0,30.0,18.05,11.99,1088.1
2016-12-28,0.197,1.0407,117999.0,-0.3127,19239.39,478888543.0,16.04,1.831,0.49,1.6,11.8,54.0212358,109907.0,29.91,18.73,12.95,1095.28
2016-12-29,0.173,1.049,125740.0,-0.3127,19203.94,382839155.0,15.68,1.802,0.49,1.6,11.8,53.5177006,49076.0,30.01,19.02,13.37,1103.02
2016-12-30,0.207,1.0513,110133.0,-0.3127,19234.58,349323571.0,16.23,1.825,0.49,1.6,11.8,54.047184,129096.0,30.83,19.4,14.04,1094.65
2016-12-31,0.207,1.0513,110133.0,-0.3158,19234.58,349323571.0,16.23,1.825,0.49,1.6,11.8,54.047184,129096.0,30.83,19.4,14.04,1094.65
2017-01-02,0.185,1.0457,27895.0,-0.3158,19566.53,420724666.0,16.23,1.74,0.49,1.6,11.8,54.336966,129096.0,30.83,19.23,14.04,1100.79
2017-01-03,0.269,1.0404,74707.0,-0.3158,19573.48,780263602.0,16.26,1.871,0.49,1.6,11.8,53.3160999,340817.0,32.88,18.25,12.85,1113.14
2017-01-04,0.277,1.0486,91660.0,-0.3158,19626.64,559176754.0,15.16,1.88,0.49,1.6,11.8,53.843079,282545.0,32.36,19.0,11.85,1108.38
2017-01-05,0.256,1.0603,103626.0,-0.3158,19642.81,572875394.0,14.98,1.945,0.49,1.6,11.8,53.6546657,269612.0,31.56,18.8,11.67,1111.58
2017-01-06,0.306,1.053,92864.0,-0.3158,19687.71,476246352.0,14.55,1.969,0.49,1.6,11.8,54.226157,234870.0,30.47,18.58,11.32,1113.06
2017-01-09,0.288,1.0572,108645.0,-0.3158,19360.02,611570804.0,14.38,1.91,0.49,1.6,11.8,51.9671966,266387.0,33.73,19.2,11.56,1116.4
2017-01-10,0.282,1.0553,134155.0,-0.3158,19424.19,613564098.0,14.32,1.916,0.49,1.6,11.8,50.829264,332978.0,33.61,19.95,11.49,1124.46
2017-01-11,0.251,1.058,139502.0,-0.3158,19486.88,559313260.0,14.96,1.866,0.49,1.6,11.8,52.079418,419902.0,32.95,20.53,11.26,1125.81
2017-01-12,0.236,1.061,143924.0,-0.3158,19156.59,591418112.0,14.6,1.891,0.49,1.6,11.8,52.7899851,331632.0,32.37,20.17,11.54,1125.91
2017-01-13,0.34,1.0641,130833.0,-0.3158,19514.54,669071834.0,14.63,1.906,0.49,1.6,11.8,52.109692,247086.0,30.73,19.9,11.23,1124.5
2017-01-15,0.34,1.0641,130833.0,-0.3158,19514.54,669071834.0,14.63,1.906,1.11,1.6,11.7,52.109692,247086.0,30.73,19.9,11.23,1124.5
2017-01-16,0.328,1.06,118279.0,-0.3158,19247.25,489056505.0,14.63,1.911,1.11,1.6,11.7,52.698324,112583.0,30.73,18.92,11.23,1134.08
2017-01-17,0.315,1.0712,144120.0,-0.3158,19296.16,587335994.0,15.67,1.912,1.11,1.6,11.7,51.7829091,335727.0,31.25,19.75,11.87,1135.28
2017-01-18,0.351,1.063,139615.0,-0.3158,19358.1,493511616.0,15.25,1.951,1.11,1.6,11.7,50.7241616,360148.0,31.24,19.7,12.48,1132.07
2017-01-19,0.376,1.0663,140007.0,-0.3158,19490.96,691996660.0,15.11,1.981,1.11,1.6,11.7,50.7923312,346867.0,30.88,19.88,12.78,1129.26
2017-01-20,0.424,1.0699,133161.0,-0.3158,19479.46,633337202.0,14.38,2.029,1.11,1.6,11.7,51.8648383,293535.0,29.19,20.6,11.54,1129.46
2017-01-23,0.367,1.0761,142680.0,-0.3158,19328.41,480147321.0,15.15,2.004,1.11,1.6,11.7,51.3241344,305849.0,30.79,21.17,11.77,1130.79
2017-01-24,0.407,1.073,138867.0,-0.3158,19499.54,735963317.0,14.65,2.035,1.11,1.6,11.7,51.6684168,254893.0,29.59,20.55,11.07,1126.32
2017-01-25,0.47,1.0744,136193.0,-0.3158,19582.23,868078659.0,14.47,2.111,1.11,1.6,11.7,51.26571,275730.0,30.41,19.85,10.81,1115.94
2017-01-26,0.488,1.068,141171.0,-0.3158,19439.65,618285885.0,14.74,2.24,1.11,1.6,11.7,52.6591992,265715.0,29.59,19.98,10.63,1111.85
2017-01-27,0.463,1.0694,128324.0,-0.3158,19329.26,487062699.0,14.34,2.24,1.11,1.6,11.7,51.916752,142066.0,29.78,19.52,10.58,1112.86
2017-01-30,0.447,1.0692,133445.0,-0.3158,18759.4,596469544.0,15.19,2.322,1.11,1.6,11.7,51.6555144,104897.0,30.94,20.48,11.88,1117.15
2017-01-31,0.437,1.0795,148466.0,-0.3255,18590.73,670059875.0,15.27,2.274,1.11,1.6,11.7,51.597695,28804.0,31.33,21.1,11.99,1120.32
2017-02-01,0.468,1.0767,137186.0,-0.3255,18740.65,524742623.0,14.8,2.315,1.11,1.6,11.7,52.753568,301235.0,30.65,21.77,11.81,1122.73
2017-02-02,0.426,1.0758,145887.0,-0.3255,18889.19,480336933.0,15.04,2.229,1.11,1.6,11.7,52.5747824,297350.0,29.39,21.9,11.93,1129.71
2017-02-03,0.414,1.0781,148176.0,-0.3255,19116.04,517848935.0,15.04,2.256,1.11,1.6,11.7,52.6946836,264757.0,28.11,22.27,10.97,1130.81
2017-02-06,0.367,1.0749,142110.0,-0.3255,18693.65,632254397.0,15.74,2.38,1.11,1.6,11.7,51.8374304,252700.0,29.37,21.95,11.37,1149.01
2017-02-07,0.358,1.068,147939.0,-0.3255,18662.61,497923807.0,15.26,2.338,1.11,1.6,11.7,51.5449665,317181.0,29.61,21.1,11.29,1153.47
2017-02-08,0.308,1.0697,145218.0,-0.3255,18771.78,611199285.0,15.2,2.244,1.11,1.6,11.7,51.5283808,409826.0,29.09,20.13,11.45,1160.5
2017-02-09,0.312,1.0654,124190.0,-0.3255,18947.44,512508062.0,14.88,2.184,1.11,1.6,11.7,52.2148743,263404.0,28.25,20.0,10.88,1153.2
2017-02-10,0.32,1.0638,120274.0,-0.3255,18862.11,511766508.0,14.88,2.265,1.11,1.6,11.7,53.299701,284708.0,26.43,19.75,10.85,1159.35
2017-02-13,0.34,1.0597,120255.0,-0.3255,19064.64,470390710.0,14.61,2.225,1.11,1.6,11.7,52.4580594,234314.0,26.99,19.0,11.07,1155.76
2017-02-14,0.363,1.0577,124316.0,-0.3255,19187.67,509663580.0,14.21,2.226,1.11,1.6,11.7,52.9168365,254982.0,27.49,18.68,10.74,1161.17
2017-02-15,0.381,1.0598,125425.0,-0.3255,19056.16,552306137.0,13.71,2.247,1.6,1.9,11.5,52.6040275,272519.0,27.75,18.88,11.97,1162.3
2017-02-16,0.351,1.0672,122762.0,-0.3255,19087.54,480930161.0,13.75,2.136,1.6,1.9,11.5,52.1457195,310843.0,27.37,18.92,11.76,1160.41
2017-02-17,0.297,1.0611,109622.0,-0.3255,19006.46,575240238.0,13.27,2.176,1.6,1.9,11.5,52.5964602,270492.0,25.29,18.48,11.49,1163.44
2017-02-20,0.299,1.0609,100280.0,-0.3255,18978.65,310633119.0,13.27,2.178,1.6,1.9,11.5,52.955268,209626.0,25.29,18.48,11.49,1165.94
2017-02-21,0.304,1.0535,109905.0,-0.3255,19043.58,451745751.0,13.72,2.219,1.6,1.9,11.5,53.7828052,335443.0,25.79,18.13,11.57,1172.32
2017-02-22,0.269,1.0555,109731.0,-0.3255,18884.9,608169293.0,13.26,2.202,1.6,1.9,11.5,52.9039328,245156.0,27.09,18.0,11.74,1171.84
2017-02-23,0.234,1.0579,78947.0,-0.3255,18819.49,449761508.0,13.68,2.213,1.6,1.9,11.5,53.4833766,223585.0,25.79,18.33,11.71,1179.99
2017-02-24,0.19,1.056,73114.0,-0.3255,18596.66,699284670.0,13.54,2.178,1.6,1.9,11.5,53.0208503,164961.0,25.72,17.6,11.47,1189.25
2017-02-27,0.201,1.0585,104058.0,-0.3255,18914.3,597832120.0,14.44,2.141,1.6,1.9,11.5,52.8387489,139288.0,25.01,17.3,12.09,1183.06
2017-02-28,0.206,1.0575,118313.0,-0.3286,18913.28,611194925.0,14.3,2.087,1.6,1.9,11.5,52.5675717,28347.0,25.46,16.92,12.92,1179.67
2017-03-01,0.286,1.0546,124124.0,-0.3286,19364.39,695785223.0,14.41,2.128,1.6,1.9,11.5,53.4422428,261742.0,24.67,17.2,12.54,1184.09
2017-03-02,0.314,1.0506,107248.0,-0.3286,19440.62,525621181.0,13.89,2.134,1.6,1.9,11.5,52.4273472,350118.0,25.94,16.75,11.81,1174.55
2017-03-03,0.356,1.062,107608.0,-0.3286,19664.45,584079581.0,13.66,2.109,1.6,1.9,11.5,52.636558,248708.0,25.59,16.85,10.96,1161.51
2017-03-06,0.342,1.0578,108530.0,-0.3286,19449.85,435329448.0,13.24,2.151,1.6,1.9,11.5,52.9496136,224195.0,26.96,16.73,11.24,1157.46
2017-03-07,0.319,1.0565,104448.0,-0.3286,19455.05,429798770.0,13.22,2.187,1.6,1.9,11.5,52.9293984,269515.0,26.46,16.48,11.45,1150.32
2017-03-08,0.37,1.0539,103700.0,-0.3286,19482.39,476789438.0,13.58,2.263,1.6,1.9,11.5,50.3939546,444133.0,31.74,16.3,11.86,1145.51
2017-03-09,0.423,1.0575,124549.0,-0.3286,19571.24,668767995.0,13.62,2.3,1.6,1.9,11.5,49.3524297,504122.0,31.98,16.15,12.3,1134.8
2017-03-10,0.49,1.0669,118638.0,-0.3286,19658.37,646037754.0,13.03,2.37,1.6,1.9,11.5,48.1485873,351344.0,33.45,16.08,11.66,1128.31
2017-03-13,0.471,1.0653,114490.0,-0.3286,19706.95,398920484.0,11.27,2.363,1.6,1.9,11.5,48.202245,276760.0,32.39,15.9,11.35,1129.74
2017-03-14,0.451,1.0602,115012.0,-0.3286,19537.4,577023788.0,11.57,2.358,1.6,1.9,11.5,48.0287624,411631.0,33.19,15.9,12.3,1129.86
2017-03-15,0.415,1.0732,123530.0,-0.3286,19774.02,483627281.0,11.23,2.276,1.48,1.9,11.6,48.2760399,327902.0,30.08,16.1,11.63,1135.45
2017-03-16,0.445,1.0764,127916.0,-0.3286,20109.76,764674577.0,11.12,2.345,1.48,1.9,11.6,48.0674948,281525.0,28.63,15.98,11.21,1138.93
2017-03-17,0.432,1.0736,107940.0,-0.3286,20074.28,839259962.0,10.8,2.534,1.48,1.9,11.6,48.211852,220349.0,27.45,15.93,11.28,1144.09
2017-03-20,0.437,1.0737,97534.0,-0.3286,19968.55,445520156.0,11.35,2.54,1.48,1.9,11.6,48.0768032,239247.0,28.11,15.75,11.34,1148.08
2017-03-21,0.459,1.0808,115688.0,-0.3286,19918.84,645376126.0,12.13,2.489,1.48,1.9,11.6,47.1502304,291705.0,30.57,15.55,12.47,1150.82
2017-03-22,0.409,1.0795,118062.0,-0.3286,19953.44,594326367.0,12.28,2.442,1.48,1.9,11.6,46.910364,327912.0,30.05,15.63,12.81,1156.42
2017-03-23,0.424,1.078,115916.0,-0.3286,20167.49,615386918.0,12.58,2.45,1.48,1.9,11.6,46.9014784,320211.0,29.79,15.55,13.12,1154.2
2017-03-24,0.41,1.0797,108914.0,-0.3286,20188.02,451380866.0,12.06,2.405,1.48,1.9,11.6,47.049944,215340.0,30.99,15.23,12.96,1151.45
2017-03-27,0.41,1.0864,119060.0,-0.3286,20124.19,472824807.0,12.51,2.372,1.48,1.9,11.6,46.7138525,195521.0,30.78,14.9,12.5,1153.87
2017-03-28,0.385,1.0812,115951.0,-0.3286,20330.42,535761622.0,12.35,2.324,1.48,1.9,11.6,47.475117,186414.0,29.92,15.18,11.53,1157.31
2017-03-29,0.343,1.0766,117757.0,-0.3286,20276.8,515154687.0,11.65,2.295,1.48,1.9,11.6,48.690317,140442.0,28.54,15.68,11.42,1162.66
2017-03-30,0.329,1.0674,111248.0,-0.3286,20367.75,418852001.0,12.09,2.302,1.48,1.9,11.6,49.6161056,128549.0,27.82,15.9,11.54,1164.09
2017-03-31,0.331,1.0649,112519.0,-0.3293,20492.94,452160685.0,12.41,2.306,1.48,1.9,11.6,49.6105398,27461.0,27.59,15.63,12.37,1171.96
2017-04-03,0.281,1.0668,111211.0,-0.3293,20242.88,573937227.0,12.61,2.315,1.48,1.9,11.6,49.7936256,241746.0,26.89,16.08,12.38,1174.28
2017-04-04,0.254,1.0672,109858.0,-0.3293,20257.1,525032727.0,12.41,2.265,1.48,1.9,11.6,50.7589151,302109.0,27.97,16.05,11.79,1176.08
2017-04-05,0.259,1.0662,109943.0,-0.3293,20253.37,465196339.0,13.23,2.263,1.48,1.9,11.6,50.9847876,353017.0,27.73,16.17,12.89,1177.05
2017-04-06,0.263,1.0642,106534.0,-0.3293,20296.97,438346104.0,12.85,2.263,1.48,1.9,11.6,51.5784863,239472.0,26.79,15.98,12.39,1175.26
2017-04-07,0.231,1.0588,117517.0,-0.3293,20300.06,393139727.0,13.45,2.213,1.48,1.9,11.6,52.1725228,317775.0,27.46,15.68,12.87,1184.05
2017-04-10,0.215,1.0593,87309.0,-0.3293,20202.05,350007317.0,13.75,2.235,1.48,1.9,11.6,52.8462396,298898.0,26.71,15.55,14.05,1183.33
2017-04-11,0.208,1.0602,93830.0,-0.3293,20109.06,480213717.0,15.2,2.268,1.48,1.9,11.6,53.0372606,340419.0,27.27,15.6,15.07,1201.6
2017-04-12,0.2,1.0664,106090.0,-0.3293,20004.93,448722470.0,16.08,2.283,1.48,1.9,11.6,52.3815978,373526.0,26.92,15.63,15.77,1205.66
2017-04-13,0.192,1.0612,104236.0,-0.3293,19773.68,427428993.0,16.2,2.308,1.48,1.9,11.6,52.6668237,325309.0,26.02,15.73,15.96,1212.77
2017-04-14,0.192,1.0609,53296.0,-0.3293,19773.68,427428993.0,16.2,2.308,1.48,1.9,11.6,52.6668237,325309.0,26.02,15.73,15.96,1210.84
2017-04-15,0.192,1.0609,53296.0,-0.3293,19773.68,427428993.0,16.2,2.308,1.85,1.9,11.2,52.6668237,325309.0,26.02,15.73,15.96,1210.84
2017-04-17,0.192,1.064,70500.0,-0.3293,19773.68,427428993.0,16.2,2.308,1.85,1.9,11.2,52.030096,158972.0,25.8,15.73,14.66,1206.26
2017-04-18,0.176,1.0732,106291.0,-0.3293,19442.71,528896267.0,15.67,2.258,1.85,1.9,11.2,51.1459531,373099.0,26.88,16.13,14.42,1201.21
2017-04-19,0.209,1.0709,105723.0,-0.3293,19824.61,549515495.0,14.5,2.277,1.85,1.9,11.2,49.4255047,435407.0,29.81,16.08,14.93,1193.79
2017-04-20,0.247,1.0714,97901.0,-0.3293,19849.44,502914740.0,14.54,2.266,1.85,1.9,11.2,49.4587464,401851.0,27.96,16.05,14.15,1195.61
2017-04-21,0.253,1.0726,93809.0,-0.3293,19741.75,654551184.0,15.31,2.273,1.85,1.9,11.2,48.4428276,348477.0,30.06,16.38,14.63,1196.64
2017-04-24,0.336,1.0867,136218.0,-0.3293,20684.41,1087804976.0,12.29,2.184,1.85,1.9,11.2,47.483352,267284.0,29.88,16.08,10.84,1173.33
2017-04-25,0.377,1.0925,112361.0,-0.3293,20805.52,583795242.0,12.45,2.257,1.85,1.9,11.2,47.688693,272756.0,29.39,15.8,10.76,1156.18
2017-04-26,0.35,1.0903,120478.0,-0.3293,20836.51,537845645.0,12.02,2.304,1.85,1.9,11.2,47.5282676,206557.0,29.32,16.13,10.85,1163.47
2017-04-27,0.303,1.0872,105137.0,-0.3293,20597.34,479877700.0,11.53,2.256,1.85,1.9,11.2,47.3139976,187128.0,29.88,15.98,10.36,1162.13
2017-04-28,0.323,1.0895,100413.0,-0.3293,20609.16,489785897.0,11.6,2.28,1.85,1.9,11.2,47.4803805,23204.0,28.55,16.25,10.82,1163.09
2017-04-30,0.323,1.0895,100413.0,-0.3304,20609.16,489785897.0,11.6,2.28,1.85,1.9,11.2,47.4803805,23204.0,28.55,16.25,10.82,1163.09
2017-05-01,0.323,1.0898,55900.0,-0.3304,20609.16,489785897.0,12.35,2.28,1.85,1.9,11.2,47.274752,121525.0,29.42,16.25,10.11,1152.9
2017-05-02,0.326,1.0927,103010.0,-0.3304,20733.25,432753295.0,12.38,2.299,1.85,1.9,11.2,46.1789736,364060.0,32.23,16.45,10.59,1149.64
2017-05-03,0.329,1.0882,103647.0,-0.3304,20759.31,398248706.0,12.54,2.262,1.85,1.9,11.2,46.6734705,357189.0,32.8,16.17,10.68,1136.75
2017-05-04,0.391,1.0984,113033.0,-0.3304,21169.92,777652438.0,12.41,2.251,1.85,1.9,11.2,44.0461196,541579.0,34.67,15.8,10.46,1117.31
2017-05-05,0.419,1.0995,95532.0,-0.3304,21483.86,798245781.0,12.01,2.174,1.85,1.9,11.2,44.65645,530438.0,33.83,15.78,10.57,1115.99
2017-05-08,0.42,1.0922,75778.0,-0.3304,21428.1,576805578.0,11.95,2.235,1.85,1.9,11.2,45.1747172,400718.0,33.85,15.4,9.77,1121.91
2017-05-09,0.432,1.0872,80725.0,-0.3304,21486.95,546865569.0,12.1,2.275,1.85,1.9,11.2,44.8213667,332913.0,34.21,15.48,9.96,1122.56
2017-05-10,0.413,1.0866,119326.0,-0.3304,21552.81,551287912.0,11.2,2.253,1.85,1.9,11.2,46.217466,368112.0,34.02,15.6,10.21,1121.34
2017-05-11,0.434,1.0861,105619.0,-0.3304,21482.52,589374665.0,11.24,2.29,1.85,1.9,11.2,46.7454621,315588.0,33.72,15.28,10.6,1127.28
2017-05-12,0.396,1.0928,94032.0,-0.3304,21575.45,580354931.0,11.13,2.251,1.85,1.9,11.2,46.5226672,304757.0,33.72,15.38,10.4,1123.4
2017-05-15,0.423,1.0973,92187.0,-0.3304,21704.46,441104666.0,11.28,2.273,1.35,2.0,11.5,47.2251206,331418.0,33.1,15.48,10.42,1120.62
2017-05-16,0.424,1.1082,106618.0,-0.3304,21787.9,514494548.0,11.19,2.221,1.35,2.0,11.5,46.606894,340962.0,33.44,15.35,10.65,1115.58
2017-05-17,0.38,1.1158,124401.0,-0.3304,21283.72,623852534.0,13.03,2.162,1.35,2.0,11.5,46.7916462,331361.0,33.9,15.6,15.59,1129.35
2017-05-18,0.355,1.1101,130532.0,-0.3304,21299.26,813091583.0,12.95,2.148,1.35,2.0,11.5,47.3020582,363694.0,32.8,15.68,14.66,1122.61
2017-05-19,0.37,1.1204,106571.0,-0.3304,21567.52,569059533.0,12.04,2.125,1.35,2.0,11.5,47.8490694,333274.0,29.76,15.48,12.04,1119.68
2017-05-22,0.399,1.1236,115275.0,-0.3304,21318.58,427835163.0,12.32,2.13,1.35,2.0,11.5,47.9443,379122.0,30.59,15.48,10.93,1121.25
2017-05-23,0.402,1.1182,137489.0,-0.3304,21415.74,472929588.0,11.89,2.109,1.35,2.0,11.5,48.4258035,328325.0,31.77,15.73,10.72,1118.25
2017-05-24,0.408,1.1217,133240.0,-0.3304,21369.73,437204790.0,11.75,2.134,1.35,2.0,11.5,48.10534,351635.0,30.94,15.52,10.02,1121.17
2017-05-25,0.366,1.1209,117575.0,-0.3304,21291.72,379135359.0,11.2,2.116,1.35,2.0,11.5,45.9095244,464495.0,33.03,15.35,9.99,1119.66
2017-05-26,0.334,1.1182,110626.0,-0.3304,21210.57,418091224.0,11.59,2.098,1.35,2.0,11.5,46.6372235,265833.0,30.04,15.38,9.81,1132.65
2017-05-29,0.296,1.1164,84345.0,-0.3304,20783.82,363460306.0,11.59,2.176,1.35,2.0,11.5,46.8382446,36592.0,30.04,15.4,9.81,1134.34
2017-05-30,0.292,1.1183,125809.0,-0.3304,20814.48,508018063.0,11.62,2.171,1.35,2.0,11.5,46.3558464,137207.0,30.3,15.65,10.38,1128.63
2017-05-31,0.3,1.1241,141218.0,-0.3295,20731.68,663158594.0,11.82,2.179,1.35,2.0,11.5,44.755776,41681.0,32.29,15.3,10.41,1127.59
2017-06-01,0.306,1.1211,127411.0,-0.3295,20936.07,399539737.0,11.81,2.236,1.35,2.0,11.5,45.1609474,462917.0,31.19,15.13,9.89,1128.19
2017-06-02,0.273,1.128,95810.0,-0.3295,20928.24,368473541.0,12.09,2.255,1.35,2.0,11.5,44.281674,451455.0,32.47,14.95,9.75,1133.98
2017-06-05,0.293,1.1252,103092.0,-0.3295,20721.04,263851149.0,12.44,2.274,1.35,2.0,11.5,43.9654731,348409.0,33.71,15.1,10.07,1136.54
2017-06-06,0.254,1.1275,119451.0,-0.3295,20760.01,369993475.0,13.23,2.245,1.35,2.0,11.5,44.4524304,329713.0,32.12,14.88,10.45,1146.85
2017-06-07,0.261,1.1255,127125.0,-0.3295,20739.91,433384163.0,13.16,2.273,1.35,2.0,11.5,42.7008294,461745.0,34.23,14.98,10.39,1142.87
2017-06-08,0.263,1.1212,130426.0,-0.3295,21042.41,516614640.0,12.62,2.182,1.35,2.0,11.5,42.686334,445968.0,33.84,15.4,10.16,1138.89
2017-06-09,0.266,1.1192,125274.0,-0.3295,21122.42,458835812.0,12.5,2.085,1.35,2.0,11.5,43.022025,285815.0,32.59,15.02,10.7,1130.9
2017-06-12,0.258,1.12,98831.0,-0.3295,20910.23,411317547.0,12.41,2.015,1.35,2.0,11.5,43.1162094,316560.0,33.95,14.75,11.46,1128.88
2017-06-13,0.265,1.1214,114451.0,-0.3295,21088.78,364976546.0,12.16,1.975,1.35,2.0,11.5,43.4455728,321281.0,32.34,14.65,10.42,1129.1
2017-06-14,0.232,1.1217,134505.0,-0.3295,20960.55,452114482.0,11.5,1.932,1.35,2.0,11.5,41.9005,464423.0,32.02,14.68,10.64,1123.95
2017-06-15,0.285,1.1143,130866.0,-0.3295,20847.51,509889891.0,11.03,1.976,1.23,2.0,11.1,42.1069464,301404.0,31.9,14.57,10.9,1124.52
2017-06-16,0.28,1.1197,109248.0,-0.3295,20940.73,569217812.0,10.16,1.988,1.23,2.0,11.1,42.306147,227424.0,27.93,14.6,10.38,1119.15
2017-06-19,0.282,1.1148,114815.0,-0.3295,21014.25,338691253.0,10.69,1.951,1.23,2.0,11.1,42.0792082,261488.0,30.34,14.78,10.37,1114.7
2017-06-20,0.263,1.1134,128940.0,-0.3295,20810.02,311793155.0,11.14,1.917,1.23,2.0,11.1,41.332863,343458.0,32.49,14.85,10.86,1116.03
2017-06-21,0.269,1.1166,108328.0,-0.3295,21071.91,461374893.0,11.25,1.91,1.23,2.0,11.1,40.1398956,389712.0,33.32,14.7,10.75,1115.63
2017-06-22,0.256,1.115,103511.0,-0.3295,20930.26,351962903.0,11.24,1.901,1.23,2.0,11.1,40.5560092,346755.0,32.65,14.63,10.48,1120.72
2017-06-23,0.258,1.1192,96440.0,-0.3295,20833.88,274781524.0,10.86,1.911,1.23,2.0,11.1,40.68999,252259.0,31.92,14.73,10.02,1122.28
2017-06-26,0.25,1.1179,91394.0,-0.3295,21001.95,485571810.0,11.05,1.894,1.23,2.0,11.1,40.9963099,203221.0,31.77,14.85,9.9,1112.26
2017-06-27,0.352,1.1337,117676.0,-0.3295,20790.86,457055363.0,11.96,2.021,1.23,2.0,11.1,41.1485655,263256.0,32.28,14.98,11.06,1099.52
2017-06-28,0.359,1.1376,138353.0,-0.3295,21047.8,537881111.0,11.38,2.017,1.23,2.0,11.1,41.5873824,162581.0,30.8,15.18,10.03,1097.28
2017-06-29,0.453,1.144,130789.0,-0.3295,20704.65,599909791.0,11.21,2.146,1.23,2.0,11.1,41.4512446,179560.0,30.46,15.18,11.44,1088.47
2017-06-30,0.473,1.1423,118836.0,-0.33,20584.23,449490069.0,11.0,2.148,1.23,2.0,11.1,41.9506056,26181.0,28.7,14.93,11.18,1086.01
2017-07-03,0.482,1.136,102182.0,-0.33,21013.14,432109064.0,11.93,2.138,1.23,2.0,11.1,43.7323104,244518.0,30.26,15.13,11.22,1073.6
2017-07-04,0.474,1.1342,96698.0,-0.33,21031.05,336849055.0,11.93,2.109,1.23,2.0,11.1,43.7401448,129566.0,30.26,14.95,11.22,1078.16
2017-07-05,0.472,1.1352,115169.0,-0.33,20939.39,380257205.0,11.88,2.133,1.23,2.0,11.1,42.098211,372984.0,32.61,14.98,11.07,1080.29
2017-07-06,0.572,1.1422,113871.0,-0.33,21084.19,404361302.0,11.72,2.27,1.23,2.0,11.1,42.120305,308255.0,32.82,14.98,12.54,1072.0
2017-07-07,0.569,1.14,113474.0,-0.33,21015.1,310455154.0,12.54,2.323,1.23,2.0,11.1,40.9735449,302323.0,33.17,14.73,11.19,1063.67
2017-07-10,0.54,1.1399,95389.0,-0.33,21190.67,358777078.0,12.22,2.271,1.23,2.0,11.1,41.1264176,268902.0,33.23,14.6,11.11,1064.67
2017-07-11,0.55,1.1465,113744.0,-0.33,21111.7,416837068.0,12.3,2.315,1.23,2.0,11.1,41.4478944,283386.0,33.61,14.43,10.89,1061.12
2017-07-12,0.515,1.141,132140.0,-0.33,21432.55,388331941.0,11.56,2.257,1.23,2.0,11.1,41.8402908,333698.0,32.48,14.5,10.3,1068.71
2017-07-13,0.602,1.1395,123263.0,-0.33,21521.91,405478698.0,11.29,2.319,1.23,2.0,11.1,42.4924236,262631.0,31.76,14.6,9.9,1067.67
2017-07-14,0.595,1.1467,108876.0,-0.33,21492.29,381009229.0,11.11,2.291,1.23,2.0,11.1,42.6529437,295663.0,30.28,14.63,9.51,1071.03
2017-07-15,0.595,1.1467,108876.0,-0.33,21492.29,381009229.0,11.11,2.291,1.1,2.0,11.4,42.6529437,295663.0,30.28,14.63,9.51,1071.03
2017-07-17,0.581,1.1478,97549.0,-0.33,21484.84,316905082.0,11.08,2.234,1.1,2.0,11.4,42.1849566,227420.0,30.61,14.83,9.82,1074.9
2017-07-18,0.561,1.1552,128005.0,-0.33,21358.2,376918358.0,11.14,2.191,1.1,2.0,11.4,42.278346,251496.0,29.96,14.73,9.89,1074.68
2017-07-19,0.538,1.1514,107935.0,-0.33,21478.95,296748712.0,11.08,2.188,1.1,2.0,11.4,43.164947,300371.0,29.55,14.78,9.79,1077.28
2017-07-20,0.536,1.1629,125944.0,-0.33,21438.63,382465867.0,10.85,2.117,1.1,2.0,11.4,42.394056,315337.0,29.25,14.9,9.58,1069.49
2017-07-21,0.504,1.1661,110333.0,-0.33,21202.16,383344856.0,11.22,2.074,1.1,2.0,11.4,41.2143336,338354.0,29.25,14.75,9.36,1075.61
2017-07-24,0.502,1.1638,99782.0,-0.33,21326.58,411985831.0,11.8,2.049,1.1,2.0,11.4,41.75955,287928.0,29.24,14.73,9.43,1077.5
2017-07-25,0.567,1.1651,104225.0,-0.33,21457.45,420337386.0,12.07,2.128,1.1,2.0,11.4,43.08666,284288.0,29.18,14.93,9.43,1071.35
2017-07-26,0.555,1.1732,109638.0,-0.33,21577.56,312131768.0,11.63,2.121,1.1,2.0,11.4,43.4452989,258949.0,29.44,15.23,9.6,1074.22
2017-07-27,0.53,1.1676,106475.0,-0.33,21634.72,314237356.0,11.24,2.093,1.1,2.0,11.4,44.0991254,184427.0,29.81,15.02,10.11,1077.71
2017-07-28,0.543,1.175,108836.0,-0.33,21430.36,380917284.0,11.44,2.123,1.1,2.0,11.4,44.6976712,159148.0,29.86,14.88,10.29,1079.51
2017-07-31,0.54,1.184,115295.0,-0.3304,21486.91,370088937.0,11.61,2.091,1.1,2.0,11.4,44.4676635,25540.0,30.84,14.93,10.26,1071.56
2017-08-01,0.49,1.1801,128041.0,-0.3304,21612.81,380863985.0,11.28,2.02,1.1,2.0,11.4,43.8778542,392641.0,30.54,14.63,10.09,1074.86
2017-08-02,0.486,1.1854,124756.0,-0.3304,21573.61,272279666.0,11.24,2.009,1.1,2.0,11.4,44.170896,406415.0,30.43,14.82,10.28,1067.78
2017-08-03,0.454,1.1868,112942.0,-0.3304,21793.72,358427226.0,11.31,1.982,1.1,2.0,11.4,43.823626,402658.0,29.65,14.9,10.44,1068.19
2017-08-04,0.479,1.1768,111311.0,-0.3304,21935.79,358345433.0,10.87,2.016,1.1,2.0,11.4,44.5444192,278784.0,28.53,14.98,10.03,1068.29
2017-08-07,0.46,1.1793,105583.0,-0.3304,22031.17,251752783.0,10.73,1.983,1.1,2.0,11.4,44.4076652,260937.0,28.73,15.27,9.93,1065.7
2017-08-08,0.474,1.1749,117769.0,-0.3304,22048.3,255144666.0,11.1,1.999,1.1,2.0,11.4,44.3784396,235160.0,29.44,15.23,10.96,1072.09
2017-08-09,0.422,1.1757,132499.0,-0.3304,21848.37,333624496.0,12.31,2.004,1.1,2.0,11.4,44.824512,265606.0,29.06,15.57,11.11,1085.92
2017-08-10,0.413,1.177,127931.0,-0.3304,21681.61,266778955.0,13.43,2.022,1.1,2.0,11.4,44.095278,450278.0,29.27,15.8,16.04,1092.53
2017-08-11,0.38,1.182,128914.0,-0.3304,21354.02,316287029.0,13.45,2.032,1.1,2.0,11.4,44.077642,245314.0,28.41,15.98,15.51,1090.27
2017-08-14,0.406,1.1778,114561.0,-0.3304,21722.11,267551191.0,12.11,2.011,1.1,2.0,11.4,43.0717992,281573.0,29.16,15.65,12.33,1087.98
2017-08-15,0.427,1.1733,124773.0,-0.3304,21722.11,267551191.0,12.2,2.011,1.22,1.4,11.4,43.29684,334161.0,29.31,15.7,12.04,1083.22
2017-08-16,0.438,1.1768,141424.0,-0.3304,21984.85,323813641.0,12.58,2.038,1.22,1.4,11.4,42.7174352,305551.0,29.18,16.1,11.74,1089.91
2017-08-17,0.428,1.1723,145315.0,-0.3304,21788.86,308939224.0,13.34,2.016,1.22,1.4,11.4,43.5296106,334304.0,29.31,16.1,15.55,1098.17
2017-08-18,0.415,1.176,145046.0,-0.3304,21814.96,279491882.0,12.12,2.026,1.22,1.4,11.4,44.8299248,317440.0,27.53,16.17,14.26,1091.55
2017-08-21,0.404,1.1814,118561.0,-0.3304,21752.8,271223657.0,13.01,2.031,1.22,1.4,11.4,43.727607,271574.0,28.77,16.13,13.19,1092.76
2017-08-22,0.4,1.176,129622.0,-0.3304,21729.48,312119395.0,12.49,2.097,1.22,1.4,11.4,44.1071358,313918.0,27.97,16.23,11.35,1091.75
2017-08-23,0.377,1.1805,126834.0,-0.3304,21620.28,332757706.0,12.68,2.115,1.22,1.4,11.4,44.532047,287199.0,27.8,16.42,12.25,1092.02
2017-08-24,0.378,1.1797,118898.0,-0.3304,21729.87,312137411.0,12.76,2.103,1.22,1.4,11.4,44.1127468,255763.0,28.37,16.3,12.23,1089.91
2017-08-25,0.381,1.1924,118923.0,-0.3304,21746.5,226711325.0,12.63,2.103,1.22,1.4,11.4,43.9531224,218089.0,28.88,16.3,11.28,1082.62
2017-08-28,0.372,1.1977,103082.0,-0.3304,21726.21,195159853.0,14.2,2.08,1.22,1.4,11.4,43.3245177,141582.0,30.39,16.38,11.32,1092.98
2017-08-29,0.337,1.1972,141654.0,-0.3304,21408.62,408644333.0,13.5,2.069,1.22,1.4,11.4,43.43456,139974.0,30.49,16.48,11.7,1093.54
2017-08-30,0.362,1.1881,134263.0,-0.3304,21503.46,264824854.0,12.78,2.084,1.22,1.4,11.4,42.8078448,152585.0,29.78,16.53,11.22,1100.76
2017-08-31,0.361,1.1908,124848.0,-0.3291,21670.02,320725339.0,13.26,2.043,1.22,1.4,11.4,43.9871526,33499.0,29.1,16.38,10.59,1109.47
2017-09-01,0.379,1.1857,111963.0,-0.3291,21858.56,309210567.0,12.73,2.073,1.22,1.4,11.4,44.488295,262197.0,28.97,16.42,10.13,1116.74
2017-09-04,0.369,1.1895,87581.0,-0.3291,21790.62,217718216.0,12.73,2.043,1.22,1.4,11.4,44.0017146,121539.0,28.97,16.45,10.13,1121.54
2017-09-05,0.335,1.1912,108422.0,-0.3291,21737.69,290291319.0,14.3,1.995,1.22,1.4,11.4,44.8119762,300776.0,29.58,16.83,12.23,1123.16
2017-09-06,0.342,1.1915,106485.0,-0.3291,21814.56,314880333.0,14.17,2.024,1.22,1.4,11.4,45.488976,322595.0,30.07,16.85,11.63,1119.02
2017-09-07,0.301,1.2021,116271.0,-0.3291,21722.51,338231020.0,14.49,1.906,1.22,1.4,11.4,45.3291412,306718.0,29.73,16.7,11.55,1121.66
2017-09-08,0.317,1.2033,133779.0,-0.3291,21776.66,311793476.0,13.77,1.963,1.22,1.4,11.4,44.693869,307449.0,29.49,16.83,12.12,1118.48
2017-09-11,0.334,1.1951,116188.0,-0.3291,22134.11,354959375.0,13.28,2.025,1.22,1.4,11.4,45.05062,276434.0,27.73,17.17,10.73,1109.93
2017-09-12,0.402,1.1965,116979.0,-0.3291,22233.4,367585919.0,11.56,2.082,1.22,1.4,11.4,45.3572379,279336.0,27.59,17.17,10.58,1112.13
2017-09-13,0.408,1.1885,111269.0,-0.3291,22233.3,398702099.0,11.98,2.105,1.22,1.4,11.4,46.411624,291472.0,26.62,17.35,10.5,1111.9
2017-09-14,0.413,1.1918,114775.0,-0.3291,22281.14,422980119.0,12.19,2.128,1.22,1.4,11.4,46.5432129,327352.0,26.09,17.5,10.44,1115.29
2017-09-15,0.442,1.1941,123903.0,-0.3291,22229.49,538850584.0,12.06,2.147,1.1,1.4,11.2,46.578969,271070.0,26.65,17.25,10.17,1104.41
2017-09-18,0.461,1.1952,104713.0,-0.3291,22364.74,449029258.0,12.69,2.138,1.1,1.4,11.2,46.4190064,278120.0,27.53,17.1,10.15,1092.87
2017-09-19,0.453,1.1992,126493.0,-0.3291,22425.42,290710128.0,12.27,2.119,1.1,1.4,11.2,45.9806946,221760.0,25.76,17.1,10.18,1093.01
2017-09-20,0.44,1.1891,122192.0,-0.3291,22355.58,292677905.0,12.32,2.135,1.1,1.4,11.2,47.3382013,295650.0,26.99,16.9,9.78,1093.43
2017-09-21,0.452,1.1939,118966.0,-0.3291,22491.73,348846464.0,12.19,2.163,1.1,1.4,11.2,47.2652037,251616.0,26.3,16.77,9.67,1080.89
2017-09-22,0.451,1.1952,108528.0,-0.3291,22530.83,322014492.0,12.37,2.169,1.1,1.4,11.2,47.5736248,208360.0,26.39,16.65,9.59,1085.33
2017-09-25,0.405,1.1846,101705.0,-0.3291,22389.57,316745834.0,13.77,2.165,1.1,1.4,11.2,49.8229134,224939.0,26.93,17.45,10.21,1105.61
2017-09-26,0.409,1.1791,114646.0,-0.3291,22430.65,296593498.0,13.32,2.18,1.1,1.4,11.2,49.562964,214727.0,27.8,17.3,10.17,1096.66
2017-09-27,0.457,1.1743,112571.0,-0.3291,22622.19,452156154.0,12.99,2.217,1.1,1.4,11.2,49.305903,142870.0,27.29,17.42,9.87,1090.35
2017-09-28,0.48,1.1784,103407.0,-0.3291,22587.67,386928832.0,11.75,2.187,1.1,1.4,11.2,48.7187001,117888.0,27.18,17.5,9.55,1091.71
2017-09-29,0.463,1.1812,95593.0,-0.3291,22696.32,346073051.0,11.77,2.179,1.1,1.4,11.2,48.713364,24020.0,26.83,16.83,9.51,1082.48
2017-09-30,0.463,1.1812,95593.0,-0.3294,22696.32,346073051.0,11.77,2.179,1.1,1.4,11.2,48.713364,24020.0,26.83,16.83,9.51,1082.48
2017-10-02,0.451,1.173,96427.0,-0.3294,22811.19,367489560.0,11.72,2.203,1.1,1.4,11.2,47.8428612,352045.0,27.72,17.67,9.45,1082.85
2017-10-03,0.466,1.1742,103417.0,-0.3294,22784.82,286110595.0,11.38,2.225,1.1,1.4,11.2,47.69184,275423.0,27.95,17.9,9.51,1081.64
2017-10-04,0.453,1.1759,105475.0,-0.3294,22456.38,523619856.0,11.41,2.26,1.1,1.4,11.2,47.452878,330854.0,27.04,17.9,9.63,1083.41
2017-10-05,0.446,1.171,99160.0,-0.3294,22566.03,454785883.0,11.4,2.208,1.1,1.4,11.2,48.67629,379302.0,26.45,18.13,9.19,1082.35
2017-10-06,0.463,1.1733,110973.0,-0.3294,22392.31,349953671.0,11.53,2.207,1.1,1.4,11.2,47.404926,395647.0,27.59,18.15,9.65,1086.75
2017-10-09,0.443,1.1739,77635.0,-0.3294,22476.75,324092277.0,11.96,2.174,1.1,1.4,11.2,47.5252694,301152.0,27.32,18.17,10.33,1093.25
2017-10-10,0.445,1.1806,115006.0,-0.3294,22335.91,403037397.0,12.22,2.188,1.1,1.4,11.2,47.9503683,290341.0,26.54,18.05,10.08,1090.42
2017-10-11,0.467,1.1857,118373.0,-0.3294,22552.21,539972711.0,12.13,2.161,1.1,1.4,11.2,48.0220572,85988.0,26.43,18.0,9.85,1088.79
2017-10-12,0.446,1.1829,111161.0,-0.3294,22398.51,371848354.0,11.82,2.122,1.1,1.4,11.2,47.552625,339530.0,25.85,17.9,9.91,1092.89
2017-10-13,0.404,1.1822,119801.0,-0.3294,22413.54,418654859.0,11.76,2.065,1.1,1.4,11.2,48.3589596,332597.0,25.73,17.98,9.61,1102.99
2017-10-15,0.404,1.1822,119801.0,-0.3294,22413.54,418654859.0,11.76,2.065,0.98,1.4,11.1,48.3589596,332597.0,25.73,17.98,9.61,1102.99
2017-10-16,0.375,1.1795,104582.0,-0.3294,22428.31,370484530.0,12.13,2.039,0.98,1.4,11.1,49.0209524,341777.0,26.32,18.1,9.91,1096.8
2017-10-17,0.364,1.1766,115612.0,-0.3294,22337.78,335895511.0,11.64,2.005,0.98,1.4,11.1,49.1927908,405217.0,25.87,18.1,10.31,1091.83
2017-10-18,0.398,1.1787,112692.0,-0.3294,22354.69,280149643.0,11.88,2.046,0.98,1.4,11.1,49.3338785,329325.0,26.41,18.35,10.07,1086.5
2017-10-19,0.4,1.185,127320.0,-0.3294,22133.21,398422835.0,11.94,2.032,0.98,1.4,11.1,48.2952524,430668.0,26.3,18.08,10.05,1087.73
2017-10-20,0.454,1.1783,121570.0,-0.3294,22346.85,353400661.0,11.49,2.049,0.98,1.4,11.1,49.01127,369888.0,24.51,17.79,9.97,1086.31
2017-10-23,0.434,1.1747,105997.0,-0.3294,22379.16,261702451.0,11.69,2.009,0.98,1.4,11.1,48.8379336,353071.0,25.08,17.7,11.07,1090.7
2017-10-24,0.477,1.1759,110914.0,-0.3294,22629.57,445946197.0,11.73,2.056,0.98,1.4,11.1,49.6044153,334681.0,25.6,17.63,11.16,1085.04
2017-10-25,0.483,1.1812,120841.0,-0.3294,22446.39,343917746.0,12.02,2.039,0.98,1.4,11.1,49.475304,260548.0,25.44,17.75,11.23,1080.93
2017-10-26,0.432,1.165,118639.0,-0.3294,22807.42,452632196.0,11.62,1.967,0.98,1.4,11.1,50.901341,232283.0,25.22,17.6,11.3,1087.23
2017-10-27,0.386,1.1608,120889.0,-0.3294,22665.03,493513551.0,11.48,1.944,0.98,1.4,11.1,52.0672468,209886.0,25.18,17.67,9.8,1095.93
2017-10-30,0.364,1.1649,103823.0,-0.3294,22752.89,334836231.0,11.74,1.85,0.98,1.4,11.1,52.278996,168541.0,25.33,17.67,10.5,1094.88
2017-10-31,0.363,1.1644,110852.0,-0.3295,22793.69,332706615.0,11.81,1.827,0.98,1.4,11.1,52.7051697,29115.0,25.31,17.98,10.18,1091.35
2017-11-01,0.372,1.1617,117085.0,-0.3295,22991.99,325132166.0,11.8,1.798,0.98,1.4,11.1,52.0703969,337761.0,25.65,18.5,10.2,1096.34
2017-11-02,0.374,1.1656,126371.0,-0.3295,23046.05,421865165.0,10.95,1.804,0.98,1.4,11.1,52.0077166,289300.0,25.65,18.5,9.93,1094.01
2017-11-03,0.366,1.1607,103733.0,-0.3295,23014.13,319644093.0,10.65,1.786,0.98,1.4,11.1,53.4764085,272739.0,24.82,18.3,9.14,1093.41
2017-11-06,0.343,1.1609,81695.0,-0.3295,23002.85,290468829.0,10.94,1.783,0.98,1.4,11.1,55.362178,356994.0,26.85,18.9,9.4,1103.83
2017-11-07,0.332,1.1585,112504.0,-0.3295,22962.59,381812179.0,10.98,1.699,0.98,1.4,11.1,54.9765711,389455.0,28.75,19.23,9.89,1100.22
2017-11-08,0.327,1.1593,113640.0,-0.3295,22831.3,469205500.0,11.32,1.734,0.98,1.4,11.1,54.7658391,418072.0,27.99,19.33,9.78,1104.65
2017-11-09,0.382,1.164,128328.0,-0.3295,22641.31,508019433.0,11.73,1.814,0.98,1.4,11.1,54.9229023,319856.0,28.37,19.42,10.5,1103.43
2017-11-10,0.412,1.1663,105990.0,-0.3295,22560.79,590135138.0,11.68,1.846,0.98,1.4,11.1,54.4626832,307965.0,29.4,19.77,11.29,1093.73
2017-11-13,0.417,1.1665,101098.0,-0.3295,22437.64,468746506.0,11.53,1.83,0.98,1.4,11.1,54.1451732,335154.0,30.22,19.73,11.5,1095.39
2017-11-14,0.396,1.1796,110199.0,-0.3295,22297.08,560447313.0,11.61,1.823,0.98,1.4,11.1,52.7379054,418939.0,30.08,19.13,11.59,1084.75
2017-11-15,0.379,1.1791,118940.0,-0.3295,22158.88,540108178.0,11.75,1.821,0.86,1.6,11.0,52.471947,279411.0,29.84,19.08,13.13,1083.58
2017-11-16,0.377,1.1769,108357.0,-0.3295,22206.6,428438328.0,11.02,1.838,0.86,1.6,11.0,52.1369784,314062.0,28.42,19.0,11.76,1085.87
2017-11-17,0.364,1.1793,102196.0,-0.3295,22092.95,427565418.0,10.62,1.833,0.86,1.6,11.0,53.1840512,356735.0,26.96,18.92,11.43,1097.17
2017-11-20,0.361,1.1732,123995.0,-0.3295,22189.25,324614450.0,11.18,1.811,0.86,1.6,11.0,53.0344614,283479.0,27.18,19.38,10.65,1087.99
2017-11-21,0.35,1.1737,124729.0,-0.3295,22326.44,361475817.0,10.84,1.775,0.86,1.6,11.0,53.3102657,338157.0,26.64,19.65,9.73,1090.0
2017-11-22,0.353,1.182,123489.0,-0.3295,22315.24,352646677.0,10.75,1.765,0.86,1.6,11.0,53.5699864,322870.0,26.83,19.58,9.88,1092.5
2017-11-23,0.347,1.185,97885.0,-0.3295,22397.78,415586987.0,10.75,1.775,0.86,1.6,11.0,53.628574,113080.0,26.83,20.02,9.88,1089.09
2017-11-24,0.37,1.193,106184.0,-0.3295,22416.31,404323296.0,10.58,1.825,0.86,1.6,11.0,53.5287292,152696.0,26.88,20.35,9.67,1079.4
2017-11-27,0.345,1.1896,115416.0,-0.3295,22176.7,329356346.0,10.72,1.786,0.86,1.6,11.0,53.6651808,249086.0,28.36,20.63,9.87,1087.35
2017-11-28,0.342,1.1839,133409.0,-0.3295,22291.77,295918291.0,10.64,1.778,0.86,1.6,11.0,53.7294587,186934.0,28.13,20.1,10.03,1092.38
2017-11-29,0.387,1.1847,124875.0,-0.3295,22325.94,400342925.0,11.02,1.792,0.86,1.6,11.0,53.271151,178202.0,28.02,20.48,10.7,1083.14
2017-11-30,0.368,1.1902,128493.0,-0.329,22368.29,591976932.0,11.79,1.741,0.86,1.6,11.0,53.4108783,26207.0,25.95,20.38,11.28,1070.4
2017-12-01,0.302,1.1889,144908.0,-0.329,22106.1,419434338.0,11.39,1.703,0.86,1.6,11.0,53.6039403,308154.0,23.73,20.7,11.43,1076.42
2017-12-04,0.339,1.1864,107202.0,-0.329,22362.11,334947048.0,11.38,1.727,0.86,1.6,11.0,52.6384805,250521.0,23.68,21.45,11.68,1074.97
2017-12-05,0.326,1.1824,119763.0,-0.329,22416.31,337450791.0,12.28,1.707,0.86,1.6,11.0,53.1632164,219338.0,23.13,21.27,11.33,1069.98
2017-12-06,0.299,1.1795,119750.0,-0.329,22307.28,440998598.0,11.67,1.719,0.86,1.6,11.0,51.9035404,314261.0,23.13,21.25,11.02,1070.53
2017-12-07,0.296,1.1771,112286.0,-0.329,22459.51,383437360.0,12.99,1.674,0.86,1.6,11.0,52.84201,238964.0,23.13,21.23,10.16,1058.68
2017-12-08,0.305,1.1764,112778.0,-0.329,22773.8,431126719.0,11.7,1.643,0.86,1.6,11.0,53.89317,362429.0,23.85,20.75,9.58,1060.57
2017-12-11,0.291,1.1768,96285.0,-0.329,22690.98,366164318.0,11.46,1.653,0.86,1.6,11.0,54.9709744,488007.0,22.96,20.87,9.34,1055.04
2017-12-12,0.313,1.174,104498.0,-0.329,22727.32,419418783.0,12.14,1.704,0.86,1.6,11.0,53.9523786,508993.0,22.84,21.45,9.92,1059.06
2017-12-13,0.316,1.1825,105590.0,-0.329,22400.19,528817954.0,10.87,1.78,0.86,1.6,11.0,52.8036348,354367.0,23.49,20.73,10.18,1061.33
2017-12-14,0.317,1.1777,121723.0,-0.329,22191.74,473129440.0,10.4,1.791,0.86,1.6,11.0,53.7571541,277672.0,23.0,21.05,10.49,1063.12
2017-12-15,0.301,1.1752,109243.0,-0.329,22094.04,607074483.0,9.43,1.812,0.86,1.6,10.9,53.8036716,212995.0,21.25,20.93,9.42,1067.69
2017-12-18,0.308,1.1781,103322.0,-0.329,22390.53,368404472.0,9.93,1.8,0.86,1.6,10.9,53.8236762,234617.0,18.43,20.35,9.53,1070.56
2017-12-19,0.376,1.1838,119296.0,-0.329,22274.97,352749224.0,10.32,1.89,0.86,1.6,10.9,53.894412,213190.0,18.88,19.95,10.03,1065.12
2017-12-20,0.407,1.1869,116559.0,-0.329,22109.65,319537284.0,9.79,1.94,0.86,1.6,10.9,54.3937368,222727.0,19.46,20.3,9.72,1065.6
2017-12-21,0.418,1.1873,115168.0,-0.329,22240.25,336192978.0,9.64,1.906,0.86,1.6,10.9,54.662025,155417.0,17.86,19.98,9.62,1066.43
2017-12-22,0.419,1.1857,112876.0,-0.329,22209.05,235383060.0,10.01,1.907,0.86,1.6,10.9,55.030545,110419.0,19.26,19.6,9.9,1074.71
2017-12-25,0.419,1.1868,4856.0,-0.329,22209.05,235383060.0,10.01,1.907,0.86,1.6,10.9,55.030545,110419.0,19.26,19.6,9.9,1074.02
2017-12-26,0.419,1.1858,52262.0,-0.329,22209.05,235383060.0,11.17,1.907,0.86,1.6,10.9,56.5186362,74246.0,20.99,19.6,10.25,1081.5
2017-12-27,0.388,1.1886,87898.0,-0.329,22201.27,227928571.0,10.73,1.909,0.86,1.6,10.9,55.8979652,122431.0,20.64,19.33,10.47,1082.24
2017-12-28,0.422,1.1941,88631.0,-0.329,22120.95,240281342.0,10.43,1.948,0.86,1.6,10.9,55.874664,35088.0,20.71,19.75,10.18,1083.83
2017-12-29,0.424,1.1996,85642.0,-0.329,21853.34,255000540.0,10.96,1.998,0.86,1.6,10.9,55.7435007,157948.0,21.32,19.65,11.04,1085.38
2017-12-31,0.424,1.1996,85642.0,-0.3279,21853.34,255000540.0,10.96,1.998,0.86,1.6,10.9,55.7435007,157948.0,21.32,19.65,11.04,1085.38
2018-01-01,0.424,1.2008,292.0,-0.3279,21853.34,255000540.0,10.96,1.998,0.86,1.6,10.9,55.7435007,157948.0,21.32,19.65,11.04,1084.29
2018-01-02,0.462,1.2057,73816.0,-0.3279,21845.16,327253994.0,11.96,2.099,0.86,1.6,10.9,55.2124923,211739.0,22.73,19.35,9.77,1092.13
2018-01-03,0.44,1.2012,81951.0,-0.3279,21904.56,314799739.0,11.56,2.068,0.86,1.6,10.9,56.4768,260862.0,22.75,19.4,9.15,1092.47
2018-01-04,0.436,1.2067,84475.0,-0.3279,22512.13,427245003.0,11.8,2.011,0.86,1.6,10.9,56.4102897,246148.0,22.12,19.18,9.22,1095.63
2018-01-05,0.44,1.2028,79197.0,-0.3279,22762.29,329613492.0,11.26,1.994,0.86,1.6,10.9,56.2185918,183452.0,22.3,18.9,9.22,1096.92
2018-01-08,0.428,1.1965,67207.0,-0.3279,22845.69,350554504.0,11.19,1.977,0.86,1.6,10.9,56.6484906,210348.0,21.9,19.08,9.52,1102.86
2018-01-09,0.459,1.1935,103820.0,-0.3279,23004.98,329086124.0,10.79,2.028,0.86,1.6,10.9,57.6622134,319922.0,22.96,19.63,10.08,1099.3
2018-01-10,0.477,1.1945,127568.0,-0.3279,23157.42,538237786.0,10.79,2.038,0.86,1.6,10.9,57.932164,290542.0,23.52,19.3,9.82,1101.72
2018-01-11,0.528,1.2031,122923.0,-0.3279,23305.26,452325285.0,10.96,2.058,0.86,1.6,10.9,57.5682194,341936.0,23.52,19.38,9.88,1098.67
2018-01-12,0.529,1.2185,121420.0,-0.3279,23429.83,375753531.0,11.62,1.991,0.86,1.6,10.9,57.3409116,302098.0,23.52,19.78,10.16,1097.99
2018-01-15,0.525,1.2261,120303.0,-0.3279,23543.55,295071205.0,11.62,1.996,0.85,1.6,11.1,57.3033534,173464.0,23.52,19.1,10.16,1092.26
2018-01-16,0.562,1.2259,135161.0,-0.3279,23495.28,379726425.0,12.09,1.968,0.85,1.6,11.1,56.4077295,322952.0,26.41,18.9,11.66,1091.25
2018-01-17,0.559,1.2184,150167.0,-0.3279,23514.67,375460372.0,11.77,1.988,0.85,1.6,11.1,56.943635,280419.0,24.78,18.43,11.91,1087.84
2018-01-18,0.569,1.2237,139827.0,-0.3279,23630.81,385681308.0,12.26,1.979,0.85,1.6,11.1,56.6394389,270231.0,24.38,18.38,12.22,1083.75
2018-01-19,0.566,1.222,135755.0,-0.3279,23749.22,413342481.0,11.43,1.958,0.85,1.6,11.1,56.1456213,278360.0,21.2,18.2,11.27,1089.27
2018-01-22,0.563,1.226,112693.0,-0.3279,23890.18,391839613.0,11.66,1.917,0.85,1.6,11.1,56.3050098,250603.0,22.03,18.55,11.03,1087.43
2018-01-23,0.563,1.2297,132523.0,-0.3279,23836.6,374393881.0,11.72,1.89,0.85,1.6,11.1,56.8921716,343734.0,22.34,18.17,11.1,1090.08
2018-01-24,0.588,1.2406,150195.0,-0.3279,23622.62,360229661.0,13.38,1.908,0.85,1.6,11.1,56.8514118,308365.0,23.93,17.75,11.47,1094.27
2018-01-25,0.612,1.2395,175078.0,-0.3279,23719.81,432017794.0,13.04,1.958,0.85,1.6,11.1,56.8134476,301926.0,22.35,17.88,11.58,1087.27
2018-01-26,0.622,1.2419,150629.0,-0.3279,23856.99,321217129.0,12.98,2.003,0.85,1.6,11.1,56.7841144,227599.0,22.29,17.73,11.08,1086.5
2018-01-29,0.688,1.2381,136426.0,-0.3279,23801.55,366309909.0,13.25,2.021,0.85,1.6,11.1,56.1021474,202236.0,22.73,17.3,13.84,1082.05
2018-01-30,0.685,1.24,145663.0,-0.3279,23480.92,528287826.0,13.86,2.028,0.85,1.6,11.1,55.661179,135872.0,22.9,17.4,14.79,1078.93
2018-01-31,0.695,1.242,162618.0,-0.3285,23507.06,388831929.0,12.97,2.021,0.85,1.6,11.1,55.5956075,20433.0,22.23,17.98,13.54,1082.43
2018-02-01,0.711,1.2508,172555.0,-0.3285,23541.46,440501091.0,12.32,1.956,0.85,1.6,11.1,55.6844785,336923.0,22.24,18.1,13.47,1077.73
2018-02-02,0.758,1.246,164842.0,-0.3285,23202.66,449305094.0,13.11,2.031,0.85,1.6,11.1,55.0402506,307134.0,23.8,18.1,17.31,1069.5
2018-02-05,0.741,1.2367,128023.0,-0.3285,22821.63,478454050.0,14.35,2.031,0.85,1.6,11.1,54.677532,335637.0,25.91,17.6,37.32,1082.55
2018-02-06,0.691,1.2376,179129.0,-0.3285,22347.01,876783258.0,13.8,1.988,0.85,1.6,11.1,54.0242172,328847.0,26.59,18.0,29.98,1069.77
2018-02-07,0.739,1.2262,146016.0,-0.3285,22986.18,707065865.0,13.62,1.943,0.85,1.6,11.1,53.4253703,567758.0,26.79,18.1,27.73,1074.92
2018-02-08,0.76,1.2245,157478.0,-0.3285,22466.6,637328675.0,14.85,1.995,0.85,1.6,11.1,52.9277346,346318.0,29.5,17.78,33.46,1076.51
2018-02-09,0.749,1.2233,140967.0,-0.3285,22166.75,629245939.0,14.93,2.033,0.85,1.6,11.1,51.3283134,399495.0,29.85,17.88,29.06,1075.64
2018-02-12,0.756,1.2291,115697.0,-0.3285,22336.78,386201409.0,14.37,2.026,0.85,1.6,11.1,50.923224,349667.0,29.42,17.98,25.61,1075.55
2018-02-13,0.747,1.235,131214.0,-0.3285,22034.42,387024006.0,14.07,2.078,0.85,1.6,11.1,50.7856384,367263.0,30.39,18.25,24.97,1075.81
2018-02-14,0.756,1.2448,153513.0,-0.3285,22433.75,562253575.0,14.97,2.057,0.85,1.6,11.1,51.7029624,349099.0,27.73,18.0,19.26,1084.19
2018-02-15,0.765,1.2505,147974.0,-0.3285,22495.64,445939106.0,15.03,2.063,0.49,1.0,10.8,51.4434144,292913.0,27.57,17.8,19.13,1081.79
2018-02-16,0.702,1.2404,145110.0,-0.3285,22797.88,348575597.0,13.96,1.986,0.49,1.0,10.8,52.2733596,239577.0,26.97,18.35,19.46,1086.21
2018-02-19,0.734,1.2407,109423.0,-0.3285,22568.92,231556182.0,13.96,2.042,0.49,1.0,10.8,52.93002,125633.0,26.97,19.08,19.46,1085.03
2018-02-20,0.737,1.2336,137835.0,-0.3285,22673.56,375668290.0,14.08,2.069,0.49,1.0,10.8,52.89426,289165.0,27.58,19.8,20.6,1077.07
2018-02-21,0.724,1.2282,166604.0,-0.3285,22653.01,353054668.0,13.83,2.143,0.49,1.0,10.8,53.264964,245865.0,26.93,19.67,20.02,1077.8
2018-02-22,0.703,1.2329,151163.0,-0.3285,22463.51,387318544.0,13.47,2.169,0.49,1.0,10.8,53.848929,253001.0,24.98,19.85,18.72,1079.76
2018-02-23,0.653,1.2293,108095.0,-0.3285,22672.15,423433652.0,11.97,2.156,0.49,1.0,10.8,54.7546657,201717.0,24.37,20.35,16.49,1080.91
2018-02-26,0.65,1.2316,118358.0,-0.3285,22706.21,314694294.0,11.89,2.109,0.49,1.0,10.8,54.806625,188304.0,24.36,18.6,15.8,1082.07
2018-02-27,0.678,1.2231,156082.0,-0.3285,22724.46,398659374.0,11.76,2.093,0.49,1.0,10.8,54.4760217,106337.0,25.29,19.08,18.59,1077.41
2018-02-28,0.659,1.2193,143633.0,-0.3285,22607.61,401975031.0,11.74,2.068,0.49,1.0,10.8,53.9488092,27394.0,26.92,20.1,19.85,1080.47
2018-03-01,0.641,1.2267,150565.0,-0.3285,22448.38,404057507.0,12.07,2.028,0.49,1.0,10.8,52.034216,340966.0,26.98,17.63,22.47,1073.21
2018-03-02,0.646,1.2317,143253.0,-0.3285,21912.14,524250946.0,11.97,2.04,0.49,1.0,10.8,52.2613593,266382.0,26.15,17.77,19.59,1073.36
2018-03-05,0.634,1.2335,137637.0,-0.3285,21819.91,564631074.0,11.89,2.082,0.49,1.0,10.8,53.133278,261060.0,26.3,17.5,18.73,1069.99
2018-03-06,0.673,1.2402,146594.0,-0.3285,22202.5,667276190.0,12.33,2.087,0.49,1.0,10.8,53.0477928,199793.0,25.55,17.63,18.36,1075.52
2018-03-07,0.66,1.2412,152745.0,-0.3285,22473.47,609506402.0,12.37,2.045,0.49,1.0,10.8,51.8368078,332906.0,26.94,17.77,17.76,1067.57
2018-03-08,0.634,1.231,125507.0,-0.3285,22731.1,711266744.0,11.57,1.981,0.49,1.0,10.8,51.6735835,294786.0,26.16,18.4,16.54,1072.98
2018-03-09,0.652,1.2305,108490.0,-0.3285,22745.6,583760797.0,10.94,2.004,0.49,1.0,10.8,53.2224132,286492.0,26.23,19.0,14.64,1075.34
2018-03-12,0.628,1.2332,104884.0,-0.3285,22764.91,361076010.0,11.01,1.999,0.49,1.0,10.8,52.667955,240034.0,24.02,19.6,15.78,1072.2
2018-03-13,0.614,1.2389,130594.0,-0.3285,22690.98,472243860.0,10.7,1.988,0.49,1.0,10.8,52.1754688,320571.0,25.5,19.28,16.35,1070.06
2018-03-14,0.588,1.2365,132444.0,-0.3285,22452.34,449244145.0,10.41,2.01,0.49,1.0,10.8,52.4784897,267591.0,25.21,18.58,17.23,1070.9
2018-03-15,0.575,1.2304,129118.0,-0.3285,22713.47,525529358.0,10.4,1.98,0.73,1.0,10.9,52.9256288,208594.0,25.07,18.78,16.59,1069.37
2018-03-16,0.57,1.2287,100515.0,-0.3285,22857.69,739734181.0,9.88,1.978,0.73,1.0,10.9,53.8863327,264214.0,24.53,18.65,15.8,1068.26
2018-03-19,0.57,1.2333,118632.0,-0.3285,22633.1,360620175.0,10.99,1.962,0.73,1.0,10.9,53.5553215,272416.0,25.28,18.75,19.02,1067.16
2018-03-20,0.579,1.224,140639.0,-0.3285,22798.15,372877363.0,11.01,1.896,0.73,1.0,10.9,55.0814658,326466.0,25.3,19.23,18.2,1070.57
2018-03-21,0.595,1.2336,133226.0,-0.3285,22820.12,363866477.0,10.91,1.932,0.73,1.0,10.9,56.3151608,401046.0,25.95,19.4,17.86,1079.25
2018-03-22,0.531,1.23,162408.0,-0.3285,22397.84,489652014.0,11.24,1.882,0.73,1.0,10.9,56.0245191,286629.0,26.47,18.77,23.34,1079.8
2018-03-23,0.529,1.2351,144246.0,-0.3285,22289.1,483651707.0,13.46,1.874,0.73,1.0,10.9,57.0398425,283010.0,27.56,18.48,24.87,1090.05
2018-03-26,0.522,1.2442,119102.0,-0.3285,22011.76,373531084.0,12.95,1.911,0.73,1.0,10.9,56.3575476,183689.0,27.71,18.08,21.03,1087.41
2018-03-27,0.502,1.2401,143313.0,-0.3285,22209.75,346834940.0,12.22,1.873,0.73,1.0,10.9,56.5360029,131391.0,27.38,18.48,22.5,1083.68
2018-03-28,0.499,1.2307,141081.0,-0.3285,22331.36,421750346.0,11.74,1.841,0.73,1.0,10.9,56.4966015,141890.0,26.67,18.35,22.87,1076.0
2018-03-29,0.497,1.2301,147858.0,-0.3285,22411.15,337304519.0,11.06,1.787,0.73,1.0,10.9,57.1252938,25293.0,25.07,18.67,19.97,1076.34
2018-03-30,0.497,1.2321,90473.0,-0.3285,22411.15,337304519.0,11.06,1.787,0.73,1.0,10.9,57.1252938,25293.0,25.07,18.67,19.97,1074.33
2018-03-31,0.497,1.2321,90473.0,-0.3279,22411.15,337304519.0,11.06,1.787,0.73,1.0,10.9,57.1252938,25293.0,25.07,18.67,19.97,1074.33
2018-04-02,0.497,1.23,60072.0,-0.3279,22411.15,337304519.0,12.86,1.787,0.73,1.0,10.9,54.9919964,190053.0,27.53,18.67,23.62,1089.86
2018-04-03,0.505,1.2269,107171.0,-0.3279,22510.33,356693212.0,11.8,1.786,0.73,1.0,10.9,55.5218872,232257.0,26.89,18.03,21.1,1085.85
2018-04-04,0.501,1.2277,137519.0,-0.3279,22442.78,364807811.0,12.0,1.743,0.73,1.0,10.9,55.4043306,361479.0,26.17,18.15,20.06,1085.56
2018-04-05,0.527,1.2238,151317.0,-0.3279,22969.5,484819003.0,11.55,1.777,0.73,1.0,10.9,55.8344929,270818.0,24.38,18.15,18.94,1083.28
2018-04-06,0.497,1.2281,154860.0,-0.3279,22929.87,621123984.0,11.95,1.784,0.73,1.0,10.9,54.6456597,296092.0,24.99,18.23,21.49,1084.97
2018-04-09,0.505,1.2319,128955.0,-0.3279,23053.99,618283005.0,12.39,1.766,0.73,1.0,10.9,55.7266375,257496.0,25.64,18.65,21.77,1084.22
2018-04-10,0.515,1.2354,139616.0,-0.3279,23173.68,674810153.0,12.78,1.793,0.73,1.0,10.9,57.503328,452335.0,28.05,18.83,20.47,1083.59
2018-04-11,0.497,1.2365,136110.0,-0.3279,23012.86,682613738.0,14.36,1.78,0.73,1.0,10.9,58.2770838,495410.0,29.42,19.2,20.24,1093.79
2018-04-12,0.512,1.2325,130520.0,-0.3279,23304.88,461257278.0,12.88,1.808,0.73,1.0,10.9,58.4341472,330212.0,28.73,19.27,18.49,1082.8
2018-04-13,0.513,1.2329,120825.0,-0.3279,23330.32,412309786.0,13.36,1.793,0.73,1.0,10.9,58.869638,328504.0,28.52,19.58,17.41,1090.58
2018-04-15,0.513,1.2329,120825.0,-0.3279,23330.32,412309786.0,13.36,1.793,0.48,1.0,11.0,58.869638,328504.0,28.52,19.58,17.41,1090.58
2018-04-16,0.528,1.2378,114832.0,-0.3279,23329.31,305292969.0,13.43,1.8,0.48,1.0,11.0,57.6987896,297437.0,28.84,19.23,16.56,1086.78
2018-04-17,0.512,1.237,124020.0,-0.3279,23649.04,503732762.0,13.07,1.76,0.48,1.0,11.0,57.8659878,315036.0,27.88,19.05,15.25,1088.76
2018-04-18,0.53,1.2372,129146.0,-0.3279,23759.88,422370109.0,13.46,1.719,0.48,1.0,11.0,59.3924144,352649.0,29.42,19.45,15.6,1090.04
2018-04-19,0.599,1.2344,131243.0,-0.3279,23792.04,403527700.0,12.88,1.777,0.48,1.0,11.0,59.7699158,393964.0,29.36,19.9,15.96,1089.39
2018-04-20,0.586,1.2286,123084.0,-0.3279,23829.34,482757279.0,12.14,1.768,0.48,1.0,11.0,60.2796558,371895.0,28.99,19.88,16.88,1086.02
2018-04-23,0.632,1.2207,121636.0,-0.3279,23982.52,407396947.0,12.13,1.792,0.48,1.0,11.0,61.202432,317446.0,28.97,19.85,16.34,1084.27
2018-04-24,0.632,1.223,136643.0,-0.3279,24035.49,468618042.0,12.24,1.776,0.48,1.0,11.0,60.3923676,330603.0,29.15,19.67,18.02,1087.27
2018-04-25,0.637,1.2159,123963.0,-0.3279,23801.2,453749065.0,11.97,1.779,0.48,1.0,11.0,60.86056,275128.0,28.16,19.95,17.84,1087.68
2018-04-26,0.593,1.2101,146433.0,-0.3279,24039.63,392750087.0,11.49,1.745,0.48,1.0,11.0,61.7636412,179479.0,26.86,20.03,16.24,1087.79
2018-04-27,0.564,1.2128,134519.0,-0.3279,23927.61,365879109.0,10.99,1.735,0.48,1.0,11.0,61.5436656,156532.0,25.59,20.25,15.41,1089.59
2018-04-30,0.562,1.2077,104347.0,-0.3285,23979.37,347488111.0,11.15,1.78,0.48,1.0,11.0,62.2422634,24760.0,28.28,20.58,15.93,1088.53
2018-05-01,0.562,1.1993,83858.0,-0.3285,23979.37,347488111.0,11.88,1.78,0.48,1.0,11.0,60.9772566,360973.0,28.07,20.35,15.49,1086.88
2018-05-02,0.578,1.195,108078.0,-0.3285,24265.61,475513236.0,11.64,1.78,0.48,1.0,11.0,61.3891152,347055.0,27.32,20.1,15.97,1091.32
2018-05-03,0.53,1.1987,115992.0,-0.3285,24064.46,369792888.0,11.46,1.734,0.48,1.0,11.0,61.4167488,382135.0,26.69,20.1,15.9,1093.61
2018-05-04,0.545,1.1958,103110.0,-0.3285,24335.02,550617593.0,10.99,1.793,0.48,1.0,11.0,62.6107862,289860.0,26.17,20.48,14.77,1099.02
2018-05-07,0.527,1.192,84278.0,-0.3285,24544.26,402260056.0,11.32,1.763,0.48,1.0,11.0,63.9012981,230472.0,28.86,20.6,14.75,1101.91
2018-05-08,0.561,1.1862,115642.0,-0.3285,24142.54,686144991.0,11.5,1.862,0.48,1.0,11.0,63.1007955,519797.0,26.76,20.73,14.71,1107.43
2018-05-09,0.559,1.185,96978.0,-0.3285,24266.56,485283421.0,11.39,1.876,0.48,1.0,11.0,65.1559748,364746.0,26.71,20.85,13.42,1107.42
2018-05-10,0.552,1.1913,146892.0,-0.3285,24033.9,614446379.0,11.42,1.935,0.48,1.0,11.0,65.0298674,314193.0,26.61,21.13,13.23,1108.51
2018-05-11,0.56,1.1942,131652.0,-0.3285,24159.34,426385703.0,11.04,1.883,0.48,1.0,11.0,64.5787456,261802.0,25.74,21.33,12.65,1103.03
2018-05-14,0.613,1.1925,98699.0,-0.3285,24221.47,315402774.0,11.15,1.913,0.48,1.0,11.0,65.6013311,290126.0,25.93,21.67,12.93,1100.19
2018-05-15,0.644,1.1837,141000.0,-0.3285,24297.17,476154354.0,11.91,1.938,1.09,0.8,10.6,66.2584483,390915.0,26.61,21.35,14.63,1090.0
2018-05-16,0.613,1.1807,166549.0,-0.3285,23734.22,801457863.0,11.77,2.095,1.09,0.8,10.6,67.1469888,336573.0,25.73,21.73,13.42,1092.67
2018-05-17,0.636,1.1793,159115.0,-0.3285,23801.99,579243110.0,11.64,2.114,1.09,0.8,10.6,67.243228,330172.0,25.11,22.25,13.43,1093.59
2018-05-18,0.575,1.1775,139367.0,-0.3285,23449.65,787018949.0,11.11,2.217,1.09,0.8,10.6,66.6754026,277277.0,25.23,22.13,13.42,1096.35
2018-05-21,0.521,1.179,115016.0,-0.3285,23092.38,568344074.0,11.62,2.335,1.09,0.8,10.6,67.1928196,245772.0,25.79,22.35,13.08,1095.81
2018-05-22,0.561,1.1778,153125.0,-0.3285,23216.57,555108966.0,10.9,2.325,1.09,0.8,10.6,67.5581128,305307.0,25.89,22.9,13.22,1095.86
2018-05-23,0.502,1.1696,163761.0,-0.3285,22911.71,472039606.0,11.18,2.407,1.09,0.8,10.6,68.228202,292969.0,26.04,22.67,12.58,1105.41
2018-05-24,0.468,1.1719,177897.0,-0.3285,22749.08,473460215.0,10.99,2.4,1.09,0.8,10.6,67.2330828,228579.0,25.37,22.6,12.53,1113.03
2018-05-25,0.406,1.165,186284.0,-0.3285,22398.15,738814763.0,10.31,2.453,1.09,0.8,10.6,65.6138028,275722.0,27.76,22.0,13.22,1116.5
2018-05-28,0.342,1.1622,131689.0,-0.3285,21932.69,701159846.0,10.31,2.682,1.09,0.8,10.6,64.791132,65102.0,27.76,21.14,13.22,1116.3
2018-05-29,0.278,1.1538,181879.0,-0.3285,21350.88,1068416104.0,12.33,3.104,1.09,0.8,10.6,65.340513,114463.0,29.04,22.65,17.02,1124.55
2018-05-30,0.348,1.1661,183022.0,-0.3285,21797.82,805940105.0,10.87,3.054,1.09,0.8,10.6,66.4609,125329.0,27.9,22.93,14.94,1115.33
2018-05-31,0.343,1.169,163012.0,-0.3252,21784.18,988045064.0,10.92,2.836,1.09,0.8,10.6,66.3728137,21440.0,27.61,22.3,15.43,1109.54
2018-06-01,0.377,1.166,172025.0,-0.3252,22109.55,739070688.0,10.58,2.739,1.09,0.8,10.6,65.8574077,296571.0,28.65,21.77,13.46,1108.6
2018-06-04,0.42,1.1698,129906.0,-0.3252,22009.95,469605426.0,10.54,2.559,1.09,0.8,10.6,64.3616565,324286.0,29.49,21.8,12.74,1104.1
2018-06-05,0.37,1.1717,160909.0,-0.3252,21750.15,547034825.0,10.46,2.758,1.09,0.8,10.6,64.3338148,400846.0,29.3,21.43,12.4,1105.99
2018-06-06,0.463,1.1773,160681.0,-0.3252,21807.59,596659813.0,10.31,2.931,1.09,0.8,10.6,64.010784,365652.0,29.14,21.35,11.64,1100.73
2018-06-07,0.491,1.1797,167490.0,-0.3252,21767.6,441474520.0,10.55,3.012,1.09,0.8,10.6,65.5418444,327984.0,28.05,21.67,12.13,1098.21
2018-06-08,0.449,1.1766,172374.0,-0.3252,21355.98,456613499.0,10.69,3.13,1.09,0.8,10.6,64.9841186,251826.0,27.59,21.55,12.18,1102.8
2018-06-11,0.495,1.1782,132273.0,-0.3252,22086.2,575169412.0,10.54,2.859,1.09,0.8,10.6,64.895425,231283.0,26.86,21.38,12.35,1102.78
2018-06-12,0.493,1.1743,153981.0,-0.3252,22119.76,419252123.0,10.52,2.874,1.09,0.8,10.6,64.6171316,260327.0,26.58,21.8,12.34,1102.89
2018-06-13,0.476,1.1789,159709.0,-0.3252,22216.18,430674955.0,10.6,2.815,1.09,0.8,10.6,65.094705,292469.0,27.08,22.38,12.94,1101.76
2018-06-14,0.432,1.1567,175937.0,-0.3252,22486.32,506954587.0,9.83,2.755,1.09,0.8,10.6,65.6524082,279214.0,26.69,22.4,12.12,1125.08
2018-06-15,0.405,1.1607,155734.0,-0.3252,22190.45,653715674.0,10.65,2.617,1.21,0.8,10.7,63.272232,285802.0,27.64,21.67,11.98,1101.54
2018-06-18,0.397,1.1622,130567.0,-0.3252,22099.27,367979103.0,9.82,2.559,1.21,0.8,10.7,64.8255496,316116.0,27.58,22.13,12.31,1099.37
2018-06-19,0.373,1.1588,182445.0,-0.3252,22084.33,444224146.0,10.99,2.56,1.21,0.8,10.7,64.7910368,290589.0,28.01,21.6,13.35,1099.31
2018-06-20,0.375,1.157,166318.0,-0.3252,22120.58,426908949.0,11.08,2.561,1.21,0.8,10.7,64.597782,368837.0,28.06,21.48,12.79,1095.24
2018-06-21,0.333,1.1601,184004.0,-0.3252,21673.11,419663162.0,11.22,2.751,1.21,0.8,10.7,62.9683695,411809.0,27.78,21.63,14.64,1091.61
2018-06-22,0.336,1.1655,163262.0,-0.3252,21888.47,370103442.0,10.67,2.712,1.21,0.8,10.7,64.8219,377394.0,25.52,21.65,13.77,1087.99
2018-06-25,0.325,1.1702,154176.0,-0.3252,21355.19,313610471.0,10.83,2.853,1.21,0.8,10.7,63.8605215,274377.0,26.1,21.49,17.33,1080.64
2018-06-26,0.336,1.1645,152389.0,-0.3252,21419.27,421180703.0,10.97,2.906,1.21,0.8,10.7,65.5304494,289472.0,25.67,21.63,15.92,1080.47
2018-06-27,0.322,1.1552,133661.0,-0.3252,21557.91,529137158.0,11.01,2.828,1.21,0.8,10.7,67.191753,166193.0,27.69,22.1,17.91,1083.18
2018-06-28,0.316,1.1567,143363.0,-0.3252,21432.34,387178039.0,11.03,2.785,1.21,0.8,10.7,67.3036605,144216.0,27.35,21.88,16.85,1078.43
2018-06-29,0.308,1.1683,156962.0,-0.3252,21626.27,414699357.0,10.75,2.688,1.21,0.8,10.7,67.9958736,17120.0,27.18,21.83,16.09,1071.49
2018-06-30,0.308,1.1683,156962.0,-0.322,21626.27,414699357.0,10.75,2.688,1.21,0.8,10.7,67.9958736,17120.0,27.18,21.83,16.09,1071.49
2018-07-02,0.302,1.1639,139275.0,-0.322,21427.2,329344707.0,11.75,2.652,1.21,0.8,10.7,66.414614,265384.0,28.65,22.33,15.6,1066.65
2018-07-03,0.293,1.1655,158683.0,-0.322,21764.16,416849980.0,11.41,2.647,1.21,0.8,10.7,66.71808,273456.0,28.58,22.23,16.14,1074.22
2018-07-04,0.306,1.1654,153584.0,-0.322,21686.61,233793613.0,11.41,2.646,1.21,0.8,10.7,67.1353968,97245.0,28.58,22.38,16.14,1077.54
2018-07-05,0.295,1.1689,170673.0,-0.322,21914.29,369563059.0,11.32,2.716,1.21,0.8,10.7,66.2079189,254024.0,28.77,22.58,14.97,1075.28
2018-07-06,0.291,1.1745,166970.0,-0.322,21925.51,301732969.0,10.65,2.719,1.21,0.8,10.7,65.6537673,315279.0,28.13,22.33,13.37,1067.5
2018-07-09,0.305,1.1749,141271.0,-0.322,22033.44,245445145.0,10.55,2.671,1.21,0.8,10.7,66.4484998,212186.0,28.12,22.68,12.69,1069.79
2018-07-10,0.323,1.1742,161718.0,-0.322,22057.3,343397294.0,10.69,2.684,1.21,0.8,10.7,67.1603304,261549.0,26.9,22.73,12.64,1068.64
2018-07-11,0.308,1.1672,169829.0,-0.322,21708.06,311485376.0,11.25,2.689,1.21,0.8,10.7,62.88545,560842.0,28.56,22.45,13.63,1063.51
2018-07-12,0.293,1.1671,152708.0,-0.322,21790.12,333984166.0,10.82,2.642,1.21,0.8,10.7,63.790249,416412.0,27.81,22.05,12.58,1067.99
2018-07-13,0.283,1.1685,150179.0,-0.322,21892.35,330479396.0,10.99,2.56,1.21,0.8,10.7,64.467414,302426.0,27.54,22.27,12.18,1061.95
2018-07-15,0.283,1.1685,150179.0,-0.322,21892.35,330479396.0,10.99,2.56,1.58,0.8,10.3,64.467414,302426.0,27.54,22.27,12.18,1061.95
2018-07-16,0.307,1.1709,119245.0,-0.322,21822.96,269371615.0,11.46,2.581,1.58,0.8,10.3,61.3542336,330000.0,29.01,21.88,12.83,1058.98
2018-07-17,0.347,1.1659,143374.0,-0.322,21977.82,299636920.0,11.79,2.475,1.58,0.8,10.3,61.8923536,286435.0,28.0,21.83,12.06,1052.24
2018-07-18,0.341,1.1638,134526.0,-0.322,21972.22,304562618.0,12.15,2.515,1.58,0.8,10.3,62.639325,287114.0,27.24,22.1,12.1,1053.63
2018-07-19,0.33,1.1641,159366.0,-0.322,21885.4,354826521.0,12.66,2.506,1.58,0.8,10.3,62.3483974,313811.0,26.84,22.0,12.87,1049.72
2018-07-20,0.37,1.1718,161708.0,-0.322,21794.6,399390133.0,12.1,2.581,1.58,0.8,10.3,62.3572073,231507.0,26.01,21.85,12.86,1050.48
2018-07-23,0.407,1.169,133168.0,-0.322,21605.21,284542413.0,12.22,2.646,1.58,0.8,10.3,62.4977158,316980.0,26.15,22.07,12.62,1046.82
2018-07-24,0.394,1.1684,145727.0,-0.322,21874.69,340602751.0,11.74,2.673,1.58,0.8,10.3,62.8550928,215150.0,25.65,22.09,12.41,1047.36
2018-07-25,0.391,1.1728,149023.0,-0.322,21561.46,430340374.0,11.65,2.675,1.58,0.8,10.3,63.0371538,210868.0,25.34,22.15,12.29,1049.67
2018-07-26,0.405,1.1641,151460.0,-0.322,21862.87,332917357.0,11.43,2.705,1.58,0.8,10.3,64.0320962,183348.0,24.88,22.08,12.14,1049.7
2018-07-27,0.408,1.1656,133634.0,-0.322,21955.08,416665780.0,11.05,2.74,1.58,0.8,10.3,63.7356197,119340.0,24.97,21.93,13.03,1049.04
2018-07-30,0.452,1.1704,113616.0,-0.322,21941.01,302502394.0,11.18,2.793,1.58,0.8,10.3,64.0551177,81034.0,25.83,22.03,14.26,1043.13
2018-07-31,0.443,1.1691,154436.0,-0.3207,22215.69,430438184.0,11.21,2.74,1.58,0.8,10.3,63.51048,21877.0,26.52,21.98,12.83,1046.37
2018-08-01,0.493,1.1658,147379.0,-0.3207,21791.45,499046994.0,10.91,2.797,1.58,0.8,10.3,62.0946942,284022.0,26.45,21.9,13.15,1042.27
2018-08-02,0.461,1.1582,146529.0,-0.3207,21414.72,499031934.0,11.08,2.918,1.58,0.8,10.3,63.4174645,226453.0,25.73,22.03,12.19,1041.97
2018-08-03,0.409,1.1567,136165.0,-0.3207,21586.85,388459576.0,10.77,2.942,1.58,0.8,10.3,63.2922413,175359.0,25.61,22.2,11.64,1048.61
2018-08-06,0.391,1.1553,111853.0,-0.3207,21580.18,324827897.0,11.02,2.904,1.58,0.8,10.3,63.836525,200582.0,25.42,22.53,11.27,1043.88
2018-08-07,0.411,1.1597,125358.0,-0.3207,21853.81,285515446.0,11.11,2.874,1.58,0.8,10.3,64.3699485,228992.0,25.22,22.6,10.93,1043.57
2018-08-08,0.4,1.161,121748.0,-0.3207,21790.3,302553071.0,11.43,2.876,1.58,0.8,10.3,62.2569324,269509.0,26.41,22.53,10.85,1044.78
2018-08-09,0.379,1.1526,133125.0,-0.3207,21634.25,253428911.0,10.99,2.897,1.58,0.8,10.3,62.527932,197055.0,25.4,22.65,11.27,1051.33
2018-08-10,0.323,1.141,173865.0,-0.3207,21090.78,477922461.0,11.78,2.997,1.58,0.8,10.3,63.8121402,228741.0,25.45,22.98,13.16,1061.03
2018-08-13,0.317,1.1408,141704.0,-0.3207,20969.26,338433101.0,11.73,3.102,1.58,0.8,10.3,63.6484738,220337.0,25.31,23.4,14.78,1045.78
2018-08-14,0.33,1.1342,156658.0,-0.3207,20906.35,333582022.0,11.88,3.047,1.58,0.8,10.3,63.8865328,242747.0,26.18,23.68,13.31,1052.03
2018-08-15,0.301,1.1343,154654.0,-0.3207,20906.35,333582022.0,13.16,3.047,1.57,0.6,10.1,62.382016,298105.0,27.26,23.5,14.64,1034.88
2018-08-16,0.316,1.1375,166637.0,-0.3207,20524.13,416858557.0,13.39,3.114,1.57,0.6,10.1,62.7955416,227201.0,26.33,23.98,13.45,1031.34
2018-08-17,0.306,1.1437,153106.0,-0.3207,20415.27,397837180.0,12.89,3.126,1.57,0.6,10.1,62.8052788,217156.0,25.71,24.13,12.64,1035.45
2018-08-20,0.302,1.1479,114609.0,-0.3207,20470.97,285754680.0,12.4,3.05,1.57,0.6,10.1,62.9064636,249098.0,25.26,24.23,12.49,1036.46
2018-08-21,0.327,1.1569,138211.0,-0.3207,20783.79,314765916.0,11.86,2.969,1.57,0.6,10.1,62.7799194,201240.0,25.08,24.35,12.86,1033.07
2018-08-22,0.351,1.1596,132666.0,-0.3207,20699.7,289597273.0,11.81,3.054,1.57,0.6,10.1,64.4880286,300689.0,24.72,24.48,12.25,1030.44
2018-08-23,0.343,1.1537,148086.0,-0.3207,20608.51,295953177.0,11.6,3.1,1.57,0.6,10.1,64.7744694,199661.0,24.35,24.8,12.41,1026.79
2018-08-24,0.346,1.1621,136141.0,-0.3207,20741.96,264847675.0,11.71,3.145,1.57,0.6,10.1,65.2438682,235091.0,23.31,24.96,11.99,1037.12
2018-08-27,0.377,1.1677,128550.0,-0.3207,20797.82,192999079.0,11.77,3.167,1.57,0.6,10.1,65.2647198,101081.0,23.68,25.25,12.16,1036.89
2018-08-28,0.38,1.1693,148118.0,-0.3207,20620.05,339170448.0,11.46,3.184,1.57,0.6,10.1,64.9531995,179659.0,24.5,25.4,12.5,1026.5
2018-08-29,0.411,1.1706,138445.0,-0.3207,20760.07,321040064.0,11.25,3.128,1.57,0.6,10.1,65.8976164,130440.0,24.32,26.1,12.25,1029.97
2018-08-30,0.348,1.167,163087.0,-0.3207,20495.1,372644085.0,11.41,3.2,1.57,0.6,10.1,66.641113,90218.0,24.89,25.8,13.53,1027.77
2018-08-31,0.332,1.1599,150501.0,-0.319,20269.47,495214787.0,10.96,3.239,1.57,0.6,10.1,66.7468788,25828.0,25.02,25.88,12.86,1034.65
2018-09-03,0.335,1.1623,96394.0,-0.319,20395.79,260430377.0,10.96,3.186,1.57,0.6,10.1,67.237134,110912.0,25.02,26.3,12.86,1032.6
2018-09-04,0.358,1.1581,125129.0,-0.319,20601.0,726363007.0,11.42,3.036,1.57,0.6,10.1,67.4982316,320446.0,26.7,26.85,13.16,1028.2
2018-09-05,0.378,1.1629,121367.0,-0.319,20581.78,668359710.0,11.24,2.947,1.57,0.6,10.1,66.4460184,277124.0,26.62,27.13,13.91,1028.54
2018-09-06,0.35,1.1621,135860.0,-0.319,20527.22,407073861.0,11.54,2.903,1.57,0.6,10.1,65.829015,274791.0,26.16,27.52,14.65,1032.24
2018-09-07,0.391,1.1551,150755.0,-0.319,20447.69,416605296.0,11.3,2.877,1.57,0.6,10.1,66.5140359,208999.0,26.07,28.3,14.88,1034.5
2018-09-10,0.405,1.1592,113467.0,-0.319,20918.9,518596160.0,11.33,2.742,1.57,0.6,10.1,66.7440042,244533.0,26.13,29.13,14.16,1030.9
2018-09-11,0.431,1.1605,129685.0,-0.319,20853.84,332927727.0,11.26,2.774,1.57,0.6,10.1,68.126002,280309.0,27.14,28.55,13.22,1031.57
2018-09-12,0.416,1.1624,135718.0,-0.319,20963.0,411936227.0,11.18,2.794,1.57,0.6,10.1,68.5995246,315266.0,26.94,27.45,13.14,1036.68
2018-09-13,0.424,1.1688,134231.0,-0.319,20846.18,302985891.0,11.15,2.782,1.57,0.6,10.1,66.8892444,298144.0,26.7,26.63,12.37,1026.94
2018-09-14,0.451,1.1628,130568.0,-0.319,20885.43,253096179.0,10.84,2.808,1.57,0.6,10.1,67.1566191,261057.0,26.4,27.4,12.07,1025.8
2018-09-15,0.451,1.1628,130568.0,-0.319,20885.43,253096179.0,10.84,2.808,1.45,0.6,10.3,67.1566191,261057.0,26.4,27.4,12.07,1025.8
2018-09-17,0.458,1.1683,112066.0,-0.319,21111.4,399689951.0,10.85,2.871,1.45,0.6,10.3,66.806117,207609.0,26.49,27.65,13.68,1027.79
2018-09-18,0.482,1.1665,152235.0,-0.319,21228.23,402788277.0,10.78,2.787,1.45,0.6,10.3,67.7500481,259175.0,26.8,27.4,12.79,1026.23
2018-09-19,0.486,1.1672,153592.0,-0.319,21280.78,403788480.0,10.81,2.861,1.45,0.6,10.3,68.02595,275872.0,26.35,28.48,11.75,1030.99
2018-09-20,0.479,1.1775,153168.0,-0.319,21388.38,475251435.0,10.72,2.895,1.45,0.6,10.3,66.836762,300163.0,26.07,28.08,11.8,1024.59
2018-09-21,0.461,1.1749,142036.0,-0.319,21536.74,717007504.0,10.76,2.84,1.45,0.6,10.3,67.069832,297574.0,26.15,28.75,11.68,1020.42
2018-09-24,0.511,1.1746,110624.0,-0.319,21339.87,356211186.0,10.97,2.95,1.45,0.6,10.3,69.12962,243314.0,26.97,29.33,12.2,1019.98
2018-09-25,0.546,1.1771,138259.0,-0.319,21668.99,395376810.0,10.83,2.891,1.45,0.6,10.3,69.5526585,240400.0,26.83,29.05,12.42,1020.03
2018-09-26,0.534,1.1738,153205.0,-0.319,21646.34,409588208.0,10.76,2.842,1.45,0.6,10.3,69.2959862,130529.0,26.53,27.95,12.89,1017.09
2018-09-27,0.529,1.1639,161737.0,-0.319,21511.07,461942853.0,10.86,2.907,1.45,0.6,10.3,70.2121896,123998.0,26.45,27.25,12.41,1015.56
2018-09-28,0.474,1.1608,151352.0,-0.319,20711.7,819021701.0,10.74,3.143,1.45,0.6,10.3,71.2607984,19684.0,26.73,26.95,12.12,1026.43
2018-09-30,0.474,1.1608,151352.0,-0.3188,20711.7,819021701.0,10.74,3.143,1.45,0.6,10.3,71.2607984,19684.0,26.73,26.95,12.12,1026.43
2018-10-01,0.472,1.1576,102121.0,-0.3188,20609.99,630192460.0,11.03,3.292,1.45,0.6,10.3,73.4108228,347526.0,27.95,27.7,12.0,1025.67
2018-10-02,0.424,1.1546,113259.0,-0.3188,20562.31,649694776.0,11.24,3.43,1.45,0.6,10.3,73.44528,268609.0,27.68,27.13,12.05,1041.28
2018-10-03,0.479,1.1476,130063.0,-0.3188,20736.01,550481706.0,11.21,3.309,1.45,0.6,10.3,75.1913802,345222.0,28.04,27.45,11.61,1042.61
2018-10-04,0.535,1.1513,122357.0,-0.3188,20612.93,461800400.0,11.59,3.332,1.45,0.6,10.3,73.4644964,361253.0,28.9,27.8,14.22,1041.48
2018-10-05,0.563,1.1523,121188.0,-0.3188,20345.96,461257057.0,11.64,3.409,1.45,0.6,10.3,73.0365728,300619.0,28.84,27.93,14.82,1043.35
2018-10-08,0.541,1.149,90781.0,-0.3188,19851.47,489542381.0,12.48,3.57,1.45,0.6,10.3,73.0285512,290090.0,28.86,27.27,15.69,1033.25
2018-10-09,0.539,1.1489,124409.0,-0.3188,20062.25,592227722.0,12.03,3.531,1.45,0.6,10.3,73.984,351396.0,27.9,26.75,15.95,1034.78
2018-10-10,0.55,1.1518,127268.0,-0.3188,19719.04,549241717.0,12.51,3.51,1.45,0.6,10.3,72.1395689,319094.0,28.81,26.23,22.96,1036.59
2018-10-11,0.518,1.1593,169383.0,-0.3188,19356.61,552112010.0,13.57,3.577,1.45,0.6,10.3,69.2314734,482510.0,29.29,25.98,24.98,1055.39
2018-10-12,0.498,1.1562,146579.0,-0.3188,19255.98,446730437.0,12.76,3.577,1.45,0.6,10.3,69.563907,373090.0,27.73,26.4,21.31,1052.86
2018-10-15,0.505,1.1577,104906.0,-0.3188,19287.64,321016183.0,13.13,3.555,1.58,0.6,10.7,69.7761484,284648.0,28.59,26.27,21.3,1059.1
2018-10-16,0.488,1.1573,132992.0,-0.3188,19717.83,431347694.0,12.2,3.458,1.58,0.6,10.7,70.3447528,329327.0,28.59,26.3,17.62,1057.39
2018-10-17,0.463,1.1499,138574.0,-0.3188,19454.99,363112340.0,12.14,3.545,1.58,0.6,10.7,69.614682,336595.0,28.13,26.38,17.4,1062.04
2018-10-18,0.422,1.1452,126169.0,-0.3188,19087.53,462349009.0,12.23,3.673,1.58,0.6,10.7,69.2368209,359005.0,28.53,25.92,20.06,1069.5
2018-10-19,0.434,1.1513,123124.0,-0.3188,19080.16,619900922.0,11.76,3.586,1.58,0.6,10.7,69.2953124,291069.0,27.42,26.83,19.89,1064.48
2018-10-22,0.454,1.1463,113403.0,-0.3188,18966.22,460073313.0,11.68,3.477,1.58,0.6,10.7,69.6412971,269911.0,27.76,26.08,19.64,1065.26
2018-10-23,0.418,1.1469,120091.0,-0.3188,18802.47,485861007.0,12.31,3.576,1.58,0.6,10.7,66.6495648,513715.0,29.38,25.63,20.71,1072.14
2018-10-24,0.39,1.1391,141519.0,-0.3188,18485.46,423254664.0,13.11,3.614,1.58,0.6,10.7,66.8688813,366652.0,29.8,25.28,25.23,1082.09
2018-10-25,0.397,1.1374,160118.0,-0.3188,18815.32,523095417.0,12.3,3.5,1.58,0.6,10.7,67.601688,215235.0,28.5,24.67,24.22,1082.53
2018-10-26,0.35,1.1401,151066.0,-0.3188,18683.27,459361411.0,12.92,3.438,1.58,0.6,10.7,68.0820544,229751.0,29.09,24.2,24.16,1081.06
2018-10-29,0.379,1.1371,123395.0,-0.3188,19039.85,455833847.0,12.98,3.339,1.58,0.6,10.7,68.0151162,117939.0,29.46,24.48,24.7,1080.51
2018-10-30,0.373,1.1344,137880.0,-0.3188,18998.8,444876222.0,12.3,3.483,1.58,0.6,10.7,66.9161832,115186.0,29.9,23.85,23.35,1077.8
2018-10-31,0.384,1.131,142739.0,-0.3177,19050.22,491669641.0,12.08,3.434,1.58,0.6,10.7,66.7283099,34697.0,30.12,23.38,21.23,1073.08
2018-11-01,0.396,1.1407,149159.0,-0.3177,19185.14,354562500.0,12.6,3.38,1.58,0.6,10.7,63.8990185,360162.0,31.54,23.73,19.34,1080.36
2018-11-02,0.436,1.1385,151295.0,-0.3177,19390.34,412306690.0,12.5,3.307,1.58,0.6,10.7,63.9702305,312874.0,32.21,24.08,19.51,1082.17
2018-11-05,0.424,1.1406,105303.0,-0.3177,19281.03,307277437.0,12.39,3.322,1.58,0.6,10.7,64.1503341,231141.0,32.68,23.8,19.96,1079.01
2018-11-06,0.432,1.1426,148287.0,-0.3177,19268.29,344862194.0,12.47,3.407,1.58,0.6,10.7,63.128176,290879.0,34.15,23.83,19.91,1072.62
2018-11-07,0.445,1.1424,162018.0,-0.3177,19540.94,372862115.0,11.23,3.34,1.58,0.6,10.7,63.0864745,361361.0,33.05,24.58,16.36,1072.65
2018-11-08,0.455,1.1362,157071.0,-0.3177,19429.14,465412877.0,11.41,3.398,1.58,0.6,10.7,62.1811845,350468.0,32.23,24.4,16.72,1075.99
2018-11-09,0.41,1.1334,156267.0,-0.3177,19258.11,505329545.0,11.44,3.397,1.58,0.6,10.7,61.919814,292213.0,35.1,24.38,17.36,1066.51
2018-11-12,0.387,1.1217,131189.0,-0.3177,19055.92,458713579.0,12.13,3.448,1.58,0.6,10.7,62.51198,319229.0,40.14,26.17,20.45,1069.62
2018-11-13,0.409,1.1289,174234.0,-0.3177,19226.52,409667129.0,12.19,3.449,1.58,0.6,10.7,57.9946354,445041.0,55.71,26.65,20.02,1064.14
2018-11-14,0.4,1.1308,155774.0,-0.3177,19077.47,415420366.0,12.88,3.504,1.58,0.6,10.7,58.4718996,379718.0,47.07,26.52,21.25,1070.32
2018-11-15,0.36,1.1326,167166.0,-0.3177,18905.36,360715899.0,12.12,3.491,1.58,0.3,10.5,58.8201304,316040.0,43.87,26.45,19.98,1070.58
2018-11-16,0.374,1.1418,157784.0,-0.3177,18878.31,407920043.0,12.05,3.492,1.58,0.3,10.5,58.4690756,327717.0,40.56,25.73,18.14,1069.3
2018-11-19,0.376,1.1451,125883.0,-0.3177,18823.13,399880236.0,12.57,3.579,1.58,0.3,10.5,58.3270391,262545.0,43.45,24.3,20.1,1068.02
2018-11-20,0.35,1.137,139262.0,-0.3177,18471.38,477974943.0,12.63,3.621,1.58,0.3,10.5,54.9957603,417010.0,56.56,24.42,22.48,1074.28
2018-11-21,0.374,1.1383,156515.0,-0.3177,18731.55,428343319.0,12.12,3.484,1.58,0.3,10.5,55.76718,334983.0,51.79,24.5,20.8,1076.46
2018-11-22,0.371,1.1407,152478.0,-0.3177,18603.04,324395524.0,12.12,3.437,1.58,0.3,10.5,54.87829,164108.0,51.79,24.63,20.8,1075.2
2018-11-23,0.339,1.134,141721.0,-0.3177,18714.9,348000358.0,12.1,3.415,1.58,0.3,10.5,51.851604,279668.0,65.17,24.95,21.52,1077.7
2018-11-26,0.363,1.1326,131612.0,-0.3177,19233.45,566813294.0,11.83,3.265,1.58,0.3,10.5,53.3990016,267383.0,57.87,24.7,18.9,1078.31
2018-11-27,0.349,1.1288,159160.0,-0.3177,19150.38,427431816.0,12.01,3.29,1.58,0.3,10.5,53.340039,271168.0,54.64,24.88,19.02,1075.95
2018-11-28,0.349,1.1366,150485.0,-0.3177,19115.16,443108843.0,11.43,3.263,1.58,0.3,10.5,51.6982232,150813.0,53.99,24.3,18.49,1073.97
2018-11-29,0.323,1.1391,158678.0,-0.3177,19159.6,415984880.0,11.39,3.2,1.58,0.3,10.5,52.2432339,94566.0,53.96,24.6,18.79,1073.39
2018-11-30,0.309,1.1315,153876.0,-0.3164,19188.97,406712356.0,11.26,3.212,1.58,0.3,10.5,51.8867238,27015.0,56.04,24.38,18.07,1079.49
2018-12-03,0.307,1.1352,125757.0,-0.3164,19622.36,479753406.0,11.26,3.138,1.58,0.3,10.5,54.342721,294774.0,56.04,24.83,16.44,1083.5
2018-12-04,0.264,1.1344,161118.0,-0.3164,19353.43,337179861.0,11.63,3.151,1.58,0.3,10.5,54.7247616,277419.0,49.84,24.35,20.74,1091.23
2018-12-05,0.274,1.1344,123914.0,-0.3164,19328.7,355085360.0,11.63,3.066,1.58,0.3,10.5,54.2663712,256240.0,49.84,23.68,20.74,1090.17
2018-12-06,0.224,1.1374,183296.0,-0.3164,18643.83,545910302.0,11.61,3.197,1.58,0.3,10.5,52.804752,399988.0,50.13,23.18,21.19,1087.38
2018-12-07,0.253,1.1376,164957.0,-0.3164,18741.98,363682305.0,12.22,3.132,1.58,0.3,10.5,54.2103968,423077.0,41.83,23.28,23.23,1096.45
2018-12-10,0.24,1.1355,126782.0,-0.3164,18410.13,362419698.0,12.04,3.095,1.58,0.3,10.5,52.8137799,264954.0,45.06,23.25,22.64,1094.64
2018-12-11,0.236,1.1314,165653.0,-0.3164,18591.01,395819026.0,11.46,3.118,1.58,0.3,10.5,53.208372,235332.0,41.46,23.55,21.76,1097.47
2018-12-12,0.268,1.1368,186084.0,-0.3164,18945.8,455458504.0,11.29,3.011,1.58,0.3,10.5,52.911549,246916.0,39.9,24.1,21.46,1095.22
2018-12-13,0.283,1.1361,193103.0,-0.3164,19048.83,453583015.0,10.69,2.967,1.58,0.3,10.5,54.08829,252397.0,39.25,24.2,20.65,1092.43
2018-12-14,0.254,1.1307,191410.0,-0.3164,18910.79,321589408.0,10.77,2.946,1.58,0.3,10.5,53.3122348,206560.0,42.38,24.6,21.63,1094.62
2018-12-15,0.254,1.1307,191410.0,-0.3164,18910.79,321589408.0,10.77,2.946,1.09,0.3,10.3,53.3122348,206560.0,42.38,24.6,21.63,1094.62
2018-12-17,0.256,1.1346,121850.0,-0.3164,18693.45,330300396.0,11.75,2.954,1.09,0.3,10.3,52.5384657,246028.0,46.59,24.45,24.52,1097.43
2018-12-18,0.244,1.1361,133635.0,-0.3164,18644.85,410428986.0,12.18,2.943,1.09,0.3,10.3,49.520052,398563.0,53.35,23.78,25.58,1099.35
2018-12-19,0.242,1.1375,176588.0,-0.3164,18941.9,478311360.0,11.4,2.786,1.09,0.3,10.3,50.3208288,319367.0,50.86,24.4,25.58,1091.98
2018-12-20,0.231,1.1444,191120.0,-0.3164,18576.9,558729837.0,12.45,2.738,1.09,0.3,10.3,47.492117,299454.0,52.89,24.8,28.38,1100.1
2018-12-21,0.254,1.1367,159966.0,-0.3164,18397.19,724338285.0,11.97,2.823,1.09,0.3,10.3,47.3476068,226344.0,51.76,24.73,30.11,1104.3
2018-12-24,0.249,1.1399,109323.0,-0.3164,18397.19,724338285.0,14.8,2.851,1.09,0.3,10.3,44.2758169,76222.0,56.73,24.23,36.07,1112.71
2018-12-25,0.249,1.1361,37823.0,-0.3164,18397.19,724338285.0,14.8,2.851,1.09,0.3,10.3,44.2758169,76222.0,56.73,24.23,36.07,1116.24
2018-12-26,0.249,1.1351,100563.0,-0.3164,18397.19,724338285.0,14.47,2.851,1.09,0.3,10.3,47.9869806,77000.0,54.07,24.23,30.41,1115.41
2018-12-27,0.228,1.1429,163194.0,-0.3164,18064.62,458358189.0,15.18,2.749,1.09,0.3,10.3,45.6384352,102589.0,57.16,23.33,29.96,1114.41
2018-12-28,0.236,1.1436,154840.0,-0.3164,18324.03,353313679.0,14.56,2.752,1.09,0.3,10.3,45.645246,17111.0,53.11,22.7,28.34,1119.08
2018-12-31,0.246,1.1469,76494.0,-0.3119,18324.03,353313679.0,13.48,2.773,1.09,0.3,10.3,46.909296,109109.0,51.87,21.65,25.42,1117.65
2019-01-01,0.246,1.1462,5233.0,-0.3119,18324.03,353313679.0,13.48,2.773,1.09,0.3,10.3,46.909296,109109.0,51.87,22.3,25.42,1118.24
2019-01-02,0.17,1.1342,103807.0,-0.3119,18330.99,354551101.0,13.18,2.691,1.09,0.3,10.3,48.4130488,300950.0,54.72,22.45,23.22,1131.57
2019-01-03,0.151,1.1392,140278.0,-0.3119,18218.4,432402058.0,13.77,2.888,1.09,0.3,10.3,49.1134695,278356.0,53.57,22.18,25.45,1135.31
2019-01-04,0.207,1.1393,144776.0,-0.3119,18831.79,427675809.0,12.04,2.892,1.09,0.3,10.3,50.0832738,321106.0,51.52,22.83,21.38,1127.34
2019-01-07,0.216,1.1474,93524.0,-0.3119,18953.27,337619321.0,11.66,2.904,1.09,0.3,10.3,49.9653882,296583.0,50.42,21.38,21.4,1122.59
2019-01-08,0.23,1.144,98710.0,-0.3119,19000.14,411454560.0,11.16,2.965,1.09,0.3,10.3,51.3289136,288249.0,46.08,22.23,20.47,1122.9
2019-01-09,0.215,1.1541,149375.0,-0.3119,19179.16,421750329.0,11.69,2.899,1.09,0.3,10.3,53.2365312,329048.0,44.36,21.67,19.98,1119.8
2019-01-10,0.197,1.1498,161183.0,-0.3119,19300.74,365590091.0,10.95,2.894,1.09,0.3,10.3,53.6443296,300922.0,42.99,22.0,19.5,1118.07
2019-01-11,0.182,1.1467,155952.0,-0.3119,19290.09,368919049.0,11.0,2.865,1.09,0.3,10.3,52.7427936,292786.0,40.99,22.25,18.19,1122.4
2019-01-14,0.232,1.1474,119238.0,-0.3119,19171.48,352630822.0,11.06,2.849,1.09,0.3,10.3,51.4121446,263276.0,40.81,21.73,19.07,1124.49
2019-01-15,0.206,1.1414,185609.0,-0.3119,19165.48,478394501.0,11.06,2.869,0.85,0.3,10.4,53.1279168,234362.0,39.75,22.0,18.6,1129.52
2019-01-16,0.223,1.1397,177103.0,-0.3119,19477.77,441878538.0,11.08,2.759,0.85,0.3,10.4,53.8033944,315592.0,38.77,22.25,19.04,1134.32
2019-01-17,0.242,1.1395,178909.0,-0.3119,19470.38,353533170.0,10.9,2.76,0.85,0.3,10.4,53.6903444,278415.0,37.03,22.9,18.06,1133.03
2019-01-18,0.262,1.1361,157649.0,-0.3119,19708.06,786970302.0,11.12,2.734,0.85,0.3,10.4,55.18854,288912.0,35.63,22.52,17.8,1127.1
2019-01-21,0.259,1.1364,132278.0,-0.3119,19638.64,388297777.0,11.12,2.758,0.85,0.3,10.4,55.2093178,138080.0,35.63,21.6,17.8,1125.46
2019-01-22,0.24,1.1358,154962.0,-0.3119,19437.27,664410819.0,10.77,2.751,0.85,0.3,10.4,54.14706,283221.0,38.26,21.77,20.8,1130.97
2019-01-23,0.225,1.138,139455.0,-0.3119,19400.15,489145200.0,10.61,2.755,0.85,0.3,10.4,53.7255522,308458.0,37.69,21.95,19.52,1126.63
2019-01-24,0.179,1.1305,155753.0,-0.3119,19564.48,527077682.0,10.37,2.671,0.85,0.3,10.4,54.0377704,274482.0,36.75,21.45,18.89,1132.42
2019-01-25,0.199,1.1412,169552.0,-0.3119,19810.52,426662008.0,11.12,2.649,0.85,0.3,10.4,54.0132828,218031.0,35.21,21.02,17.42,1142.2
2019-01-28,0.207,1.1433,160922.0,-0.3119,19608.13,378100311.0,11.04,2.668,0.85,0.3,10.4,52.4183738,214188.0,37.61,20.55,18.87,1139.99
2019-01-29,0.197,1.143,178212.0,-0.3119,19701.6,391270686.0,11.25,2.634,0.85,0.3,10.4,53.6482548,142125.0,37.13,20.73,19.13,1146.32
2019-01-30,0.186,1.1477,179848.0,-0.3119,19771.55,376032182.0,11.14,2.6,0.85,0.3,10.4,53.7162615,90933.0,35.59,20.2,17.66,1148.94
2019-01-31,0.155,1.1444,174900.0,-0.308,19730.78,884881369.0,10.74,2.592,0.85,0.3,10.4,54.0807198,20629.0,34.97,19.77,16.57,1154.22
2019-02-01,0.166,1.1454,167340.0,-0.308,19576.77,576927097.0,10.12,2.734,0.85,0.3,10.4,54.784515,267223.0,33.4,19.1,16.14,1150.23
2019-02-04,0.18,1.1435,121199.0,-0.308,19605.6,433705431.0,10.11,2.753,0.85,0.3,10.4,54.6656201,297433.0,33.7,19.23,15.73,1146.14
2019-02-05,0.166,1.1412,171185.0,-0.308,19833.49,515766018.0,10.14,2.795,0.85,0.3,10.4,54.3112146,215360.0,34.57,18.85,15.57,1151.73
2019-02-06,0.166,1.136,173903.0,-0.308,19996.47,453621220.0,9.76,2.837,0.85,0.3,10.4,55.1847532,225570.0,33.02,19.15,15.38,1149.35
2019-02-07,0.114,1.134,158356.0,-0.308,19478.32,618932945.0,9.72,2.948,0.85,0.3,10.4,54.3471829,286173.0,34.34,18.85,16.37,1154.14
2019-02-08,0.085,1.1328,154670.0,-0.308,19351.9,483002889.0,9.89,2.977,0.85,0.3,10.4,54.820017,254945.0,32.56,18.52,15.72,1159.44
2019-02-11,0.115,1.1275,118577.0,-0.308,19586.56,440224778.0,10.18,2.89,0.85,0.3,10.4,54.5544492,280955.0,33.34,18.15,15.97,1159.46
2019-02-12,0.133,1.1324,144060.0,-0.308,19805.28,402732136.0,10.03,2.844,0.85,0.3,10.4,55.1218536,278798.0,32.69,17.8,15.43,1157.01
2019-02-13,0.123,1.1265,153983.0,-0.308,19989.9,411612020.0,9.55,2.785,0.85,0.3,10.4,56.4672331,269676.0,32.26,18.17,15.65,1159.49
2019-02-14,0.103,1.1299,153823.0,-0.308,19834.96,460867285.0,9.92,2.806,0.85,0.3,10.4,57.1463871,287452.0,32.1,17.8,16.22,1161.24
2019-02-15,0.103,1.1293,152827.0,-0.308,20212.34,737602119.0,10.16,2.8,0.97,0.7,10.5,58.664375,294492.0,29.46,18.1,14.91,1169.55
2019-02-18,0.11,1.1308,103753.0,-0.308,20329.83,452661619.0,10.16,2.768,0.97,0.7,10.5,58.807945,175243.0,29.46,17.4,14.91,1172.24
2019-02-19,0.1,1.134,135027.0,-0.308,20228.19,421890745.0,11.39,2.787,0.97,0.7,10.5,58.5976035,246650.0,31.0,17.83,14.88,1182.16
2019-02-20,0.101,1.1335,147537.0,-0.308,20304.21,436179516.0,11.39,2.86,0.97,0.7,10.5,59.1793176,276479.0,31.0,18.13,14.02,1179.85
2019-02-21,0.13,1.1334,162594.0,-0.308,20209.72,498772389.0,10.29,2.829,0.97,0.7,10.5,59.175861,245862.0,30.16,17.4,14.46,1166.88
2019-02-22,0.1,1.1341,153250.0,-0.308,20262.51,447082481.0,10.02,2.853,0.97,0.7,10.5,59.1837312,177620.0,29.85,17.17,13.51,1170.2
2019-02-25,0.108,1.1358,130221.0,-0.308,20436.96,488595208.0,9.91,2.765,0.97,0.7,10.5,57.0172944,220939.0,32.69,17.0,14.85,1168.2
2019-02-26,0.114,1.1385,142090.0,-0.308,20459.59,439075917.0,9.86,2.711,0.97,0.7,10.5,57.2772035,127595.0,31.57,17.1,15.17,1165.49
2019-02-27,0.153,1.1369,151865.0,-0.308,20498.79,529031169.0,9.72,2.784,0.97,0.7,10.5,58.3953162,102137.0,31.01,17.75,14.7,1160.44
2019-02-28,0.186,1.137,160781.0,-0.3084,20659.46,568124362.0,9.52,2.76,0.97,0.7,10.5,58.0740453,19669.0,30.27,17.67,14.78,1154.74
2019-03-01,0.187,1.1374,156734.0,-0.3084,20694.53,440953844.0,10.2,2.733,0.97,0.7,10.5,57.209544,297192.0,30.31,17.38,13.57,1136.59
2019-03-04,0.159,1.1337,110261.0,-0.3084,20718.3,352884587.0,10.26,2.736,0.97,0.7,10.5,57.9255369,233538.0,30.2,17.45,14.63,1134.25
2019-03-05,0.164,1.1306,140885.0,-0.3084,20715.97,447196832.0,10.1,2.707,0.97,0.7,10.5,58.2525114,216385.0,30.21,17.25,14.74,1138.43
2019-03-06,0.13,1.1305,138904.0,-0.3084,20851.56,548421586.0,10.13,2.614,0.97,0.7,10.5,58.3721144,283198.0,29.69,16.88,15.74,1136.97
2019-03-07,0.067,1.1192,137529.0,-0.3084,20697.56,729867076.0,10.36,2.487,0.97,0.7,10.5,59.23905,276242.0,30.43,16.88,16.59,1148.1
2019-03-08,0.074,1.1238,136434.0,-0.3084,20484.39,506128585.0,10.51,2.506,0.97,0.7,10.5,58.4980816,316389.0,29.77,16.75,16.05,1154.51
2019-03-11,0.062,1.1247,126001.0,-0.3084,20638.22,381301873.0,10.18,2.563,0.97,0.7,10.5,59.1982754,247806.0,29.18,16.58,14.33,1149.34
2019-03-12,0.059,1.1286,165862.0,-0.3084,20631.19,516397864.0,10.08,2.539,0.97,0.7,10.5,59.0729535,252126.0,28.56,16.08,13.77,1152.53
2019-03-13,0.065,1.1325,160625.0,-0.3084,20749.2,456279843.0,10.14,2.56,0.97,0.7,10.5,59.64665,243201.0,28.13,15.7,13.41,1155.45
2019-03-14,0.083,1.1302,169189.0,-0.3084,20877.43,503180203.0,10.08,2.499,0.97,0.7,10.5,59.485104,235989.0,27.22,15.65,13.5,1146.35
2019-03-15,0.086,1.1325,145780.0,-0.3084,21045.41,736214444.0,10.01,2.498,0.96,0.7,10.2,59.30228,254319.0,26.27,15.2,12.88,1148.8
2019-03-18,0.08,1.1336,95073.0,-0.3084,21234.61,480701838.0,9.79,2.424,0.96,0.7,10.2,59.580411,208526.0,26.48,15.3,13.1,1149.72
2019-03-19,0.104,1.1349,131555.0,-0.3084,21430.35,444056413.0,9.82,2.487,0.96,0.7,10.2,59.5731993,234136.0,28.44,14.98,13.56,1150.53
2019-03-20,0.081,1.1411,140482.0,-0.3084,21330.21,397212432.0,10.15,2.511,0.96,0.7,10.2,60.029975,235485.0,27.21,15.15,13.91,1149.43
2019-03-21,0.039,1.1373,149675.0,-0.3084,21373.06,360055539.0,10.2,2.443,0.96,0.7,10.2,59.6679408,303229.0,27.14,14.53,13.63,1150.85
2019-03-22,-0.025,1.1313,161240.0,-0.3084,21078.76,565460914.0,10.31,2.449,0.96,0.7,10.2,59.2504982,284522.0,27.78,14.45,16.48,1160.52
2019-03-25,-0.024,1.1311,114781.0,-0.3084,21059.6,378628647.0,10.77,2.499,0.96,0.7,10.2,59.420361,216757.0,29.32,14.2,16.33,1168.18
2019-03-26,-0.014,1.1264,143125.0,-0.3084,21139.4,357771048.0,10.18,2.47,0.96,0.7,10.2,60.3424066,197540.0,27.92,14.65,14.68,1167.39
2019-03-27,-0.081,1.1247,159405.0,-0.3084,21194.19,488627979.0,10.36,2.438,0.96,0.7,10.2,60.3096879,148148.0,28.11,14.88,15.15,1164.54
2019-03-28,-0.07,1.122,151793.0,-0.3084,21080.97,336106251.0,10.35,2.477,0.96,0.7,10.2,60.4459314,131643.0,28.52,14.27,14.43,1148.72
2019-03-29,-0.068,1.1217,145754.0,-0.3084,21286.13,577894028.0,9.94,2.483,0.96,0.7,10.2,60.969685,20624.0,26.75,14.35,13.71,1151.53
2019-03-31,-0.068,1.1217,145754.0,-0.3092,21286.13,577894028.0,9.94,2.483,0.96,0.7,10.2,60.969685,20624.0,26.75,14.35,13.71,1151.53
2019-04-01,-0.025,1.1212,115780.0,-0.3092,21520.25,458087241.0,10.13,2.516,0.96,0.7,10.2,61.550019,320766.0,26.23,13.93,13.4,1148.06
2019-04-02,-0.048,1.1202,144846.0,-0.3092,21522.92,376458871.0,9.81,2.53,0.96,0.7,10.2,61.926599,299300.0,26.28,13.45,13.36,1153.28
2019-04-03,-0.002,1.1234,140494.0,-0.3092,21755.88,495078102.0,9.69,2.545,0.96,0.7,10.2,61.6962965,341499.0,25.57,14.23,13.74,1147.9
2019-04-04,-0.006,1.122,135440.0,-0.3092,21705.6,385135703.0,9.92,2.509,0.96,0.7,10.2,61.854138,281879.0,25.22,14.9,13.58,1151.36
2019-04-05,0.004,1.1214,132172.0,-0.3092,21758.61,368970437.0,9.65,2.472,0.96,0.7,10.2,62.7249916,263869.0,24.0,16.5,12.82,1151.19
2019-04-08,0.002,1.1259,101263.0,-0.3092,21771.96,358117973.0,9.71,2.638,0.96,0.7,10.2,63.149598,288128.0,24.33,15.73,13.18,1151.69
2019-04-09,-0.005,1.1261,132973.0,-0.3092,21671.78,383213284.0,9.55,2.577,0.96,0.7,10.2,62.7030922,267491.0,24.66,16.85,14.28,1157.62
2019-04-10,-0.032,1.1273,123968.0,-0.3092,21671.76,364381576.0,9.45,2.556,0.96,0.7,10.2,63.6302484,288893.0,24.68,15.7,13.3,1160.01
2019-04-11,-0.005,1.125,124365.0,-0.3092,21684.84,477051836.0,9.59,2.513,0.96,0.7,10.2,62.9600787,278088.0,25.7,16.1,13.02,1148.25
2019-04-12,0.055,1.13,128287.0,-0.3092,21858.31,574847825.0,9.28,2.54,0.96,0.7,10.2,63.318888,237220.0,25.7,15.75,12.01,1141.26
2019-04-15,0.054,1.1307,93512.0,-0.3092,21892.42,406231128.0,9.57,2.568,1.08,0.7,10.4,62.9523038,219152.0,25.51,14.85,12.32,1138.29
2019-04-16,0.063,1.128,115861.0,-0.3092,21918.93,421815319.0,9.78,2.596,1.08,0.7,10.4,63.5812144,273904.0,25.57,15.05,12.18,1131.71
2019-04-17,0.083,1.1294,128149.0,-0.3092,22000.88,530430300.0,9.39,2.616,1.08,0.7,10.4,63.4144966,276611.0,25.19,15.27,12.6,1127.0
2019-04-18,0.024,1.1229,125605.0,-0.3092,21956.59,473290537.0,8.96,2.594,1.08,0.7,10.4,64.0928835,259040.0,24.45,14.48,12.09,1135.06
2019-04-19,0.024,1.1246,89848.0,-0.3092,21956.59,473290537.0,8.96,2.594,1.08,0.7,10.4,64.0928835,259040.0,24.45,14.48,12.09,1133.24
2019-04-22,0.024,1.1255,72393.0,-0.3092,21956.59,473290537.0,9.56,2.594,1.08,0.7,10.4,65.7837996,305172.0,26.07,14.48,12.42,1131.85
2019-04-23,0.042,1.1225,125192.0,-0.3092,21896.84,413885322.0,9.54,2.68,1.08,0.7,10.4,66.3787237,308989.0,26.56,14.32,12.28,1132.71
2019-04-24,-0.014,1.1152,141634.0,-0.3092,21724.44,479018444.0,9.48,2.624,1.08,0.7,10.4,66.866919,276670.0,25.28,14.15,13.14,1143.11
2019-04-25,-0.009,1.113,124496.0,-0.3092,21719.88,301403197.0,9.35,2.692,1.08,0.7,10.4,66.8012445,309211.0,25.57,14.85,13.25,1146.84
2019-04-26,-0.019,1.1148,114904.0,-0.3092,21737.97,336583692.0,9.28,2.581,1.08,0.7,10.4,64.719993,222889.0,31.24,14.3,12.73,1153.23
2019-04-29,0.001,1.1185,82355.0,-0.3092,21788.54,334689300.0,9.46,2.588,1.08,0.7,10.4,64.407362,147412.0,29.04,14.4,13.11,1143.68
2019-04-30,0.011,1.1215,102977.0,-0.3105,21881.33,350225473.0,9.32,2.565,1.08,0.7,10.4,64.912848,25336.0,29.31,14.23,13.12,1144.21
2019-05-01,0.011,1.1194,79674.0,-0.3105,21881.33,350225473.0,9.19,2.565,1.08,0.7,10.4,64.4812812,230800.0,29.41,14.1,14.8,1139.84
2019-05-02,0.024,1.1176,102841.0,-0.3105,21710.38,370724959.0,9.08,2.552,1.08,0.7,10.4,63.3049775,346632.0,30.49,14.45,14.42,1136.11
2019-05-03,0.023,1.12,103469.0,-0.3105,21763.48,318147570.0,8.89,2.552,1.08,0.7,10.4,63.259131000000004,249814.0,29.88,14.7,12.87,1141.51
2019-05-06,0.013,1.1197,105097.0,-0.3105,21409.29,367706836.0,9.26,2.574,1.08,0.7,10.4,63.624444,227024.0,30.91,14.3,15.44,1142.88
2019-05-07,-0.036,1.119,132426.0,-0.3105,21219.14,525087428.0,9.74,2.586,1.08,0.7,10.4,62.4489608,332066.0,34.07,14.13,19.32,1147.56
2019-05-08,-0.046,1.1191,127307.0,-0.3105,21203.86,482484117.0,9.78,2.61,1.08,0.7,10.4,62.8812246,295443.0,32.23,14.45,19.4,1144.16
2019-05-09,-0.05,1.122,129041.0,-0.3105,20817.16,516774238.0,9.96,2.672,1.08,0.7,10.4,62.7364953,328735.0,32.48,14.27,19.1,1144.46
2019-05-10,-0.048,1.1233,125719.0,-0.3105,20874.78,383570052.0,9.33,2.685,1.08,0.7,10.4,62.8680426,300458.0,32.8,14.07,16.04,1144.21
2019-05-13,-0.074,1.1223,92545.0,-0.3105,20593.72,460734978.0,10.51,2.694,1.08,0.7,10.4,62.5770369,373469.0,34.6,13.7,20.55,1157.93
2019-05-14,-0.071,1.1203,97891.0,-0.3105,20892.66,470330835.0,9.76,2.739,1.08,0.7,10.4,63.5902488,299769.0,32.13,13.95,18.06,1156.29
2019-05-15,-0.096,1.12,108976.0,-0.3105,20863.14,604563395.0,9.45,2.747,0.72,0.8,10.0,64.0805622,272443.0,29.26,13.78,16.44,1156.99
2019-05-16,-0.092,1.1172,100259.0,-0.3105,21151.8,516915089.0,9.16,2.685,0.72,0.8,10.0,65.0014358,326435.0,29.42,13.15,15.29,1151.04
2019-05-17,-0.104,1.1156,99448.0,-0.3105,21105.28,541207099.0,9.16,2.673,0.72,0.8,10.0,64.7275998,255528.0,29.44,12.98,15.96,1144.41
2019-05-20,-0.088,1.117,80113.0,-0.3105,20539.87,563335680.0,9.16,2.705,0.72,0.8,10.0,64.4318622,301978.0,27.63,12.88,16.31,1143.47
2019-05-21,-0.059,1.1158,95774.0,-0.3105,20698.61,495051099.0,8.99,2.643,0.72,0.8,10.0,64.6891596,303740.0,26.93,12.8,14.95,1141.8
2019-05-22,-0.083,1.1152,90513.0,-0.3105,20573.31,451603867.0,9.04,2.634,0.72,0.8,10.0,63.656733,371518.0,28.19,12.75,14.75,1141.8
2019-05-23,-0.12,1.118,102908.0,-0.3105,20136.39,532670165.0,9.47,2.639,0.72,0.8,10.0,60.607932,434538.0,33.79,12.28,16.92,1147.89
2019-05-24,-0.117,1.1202,90144.0,-0.3105,20376.03,438744726.0,9.0,2.55,0.72,0.8,10.0,61.319563,292087.0,33.19,12.43,15.85,1146.17
2019-05-27,-0.143,1.1196,76740.0,-0.3105,20363.13,317569966.0,9.0,2.658,0.72,0.8,10.0,62.6208498,72179.0,33.19,12.2,15.85,1147.52
2019-05-28,-0.154,1.116,104179.0,-0.3105,20260.98,730811978.0,9.2,2.688,0.72,0.8,10.0,62.8227666,238881.0,34.36,12.38,17.5,1146.01
2019-05-29,-0.176,1.1129,114390.0,-0.3105,19999.94,400999815.0,8.88,2.645,0.72,0.8,10.0,62.4042975,148475.0,36.43,12.13,17.9,1149.5
2019-05-30,-0.175,1.113,99875.0,-0.3105,19947.92,321407271.0,9.3,2.649,0.72,0.8,10.0,60.0806889,105271.0,39.62,11.45,17.3,1157.45
2019-05-31,-0.203,1.1167,123502.0,-0.3119,19802.11,477092663.0,10.33,2.663,0.72,0.8,10.0,57.750795,21748.0,46.91,10.6,18.71,1166.99
2019-06-03,-0.201,1.124,90575.0,-0.3119,19874.24,354216853.0,11.79,2.574,0.72,0.8,10.0,54.5195904,386555.0,46.78,11.07,18.86,1178.27
2019-06-04,-0.208,1.1251,90466.0,-0.3119,20229.42,470145167.0,10.66,2.525,0.72,0.8,10.0,55.0795557,370265.0,43.46,11.9,16.97,1177.66
2019-06-05,-0.227,1.1219,93138.0,-0.3119,20155.73,451772843.0,11.26,2.487,0.72,0.8,10.0,54.0425505,428010.0,45.19,11.73,16.09,1185.16
2019-06-06,-0.24,1.1274,93761.0,-0.3119,20177.81,451119852.0,11.62,2.491,0.72,0.8,10.0,54.70129,343637.0,40.66,11.02,15.93,1183.58
2019-06-07,-0.257,1.1331,75236.0,-0.3119,20360.59,354564755.0,11.41,2.361,0.72,0.8,10.0,55.8553237,307962.0,38.75,11.55,16.3,1182.41
2019-06-10,-0.219,1.1312,69459.0,-0.3119,20484.99,260525004.0,10.87,2.352,0.72,0.8,10.0,55.0656058,278494.0,39.12,11.7,15.94,1173.17
2019-06-11,-0.233,1.1329,80887.0,-0.3119,20609.7,384458042.0,10.52,2.31,0.72,0.8,10.0,54.9827601,302739.0,38.69,11.23,15.99,1170.51
2019-06-12,-0.237,1.1287,85749.0,-0.3119,20463.25,335255674.0,11.06,2.426,0.72,0.8,10.0,53.1322206,343207.0,43.06,11.13,15.91,1180.62
2019-06-13,-0.242,1.1275,82347.0,-0.3119,20630.75,303645676.0,11.68,2.37,0.72,0.8,10.0,54.3770652,435419.0,41.56,11.35,15.82,1189.82
2019-06-14,-0.256,1.1207,69776.0,-0.3119,20612.45,281953875.0,11.9,2.32,0.72,0.8,10.0,55.331523,262307.0,42.89,11.5,15.28,1196.44
2019-06-15,-0.256,1.1207,69776.0,-0.3119,20612.45,281953875.0,11.9,2.32,0.72,0.8,9.6,55.331523,262307.0,42.89,11.5,15.28,1196.44
2019-06-17,-0.245,1.1217,55652.0,-0.3119,20626.42,268335371.0,11.99,2.289,0.72,0.8,9.6,54.32801,236161.0,46.15,11.35,15.35,1193.97
2019-06-18,-0.317,1.1191,65198.0,-0.3119,21133.78,535079185.0,12.4,2.105,0.72,0.8,9.6,55.5270612,327700.0,43.43,10.9,15.15,1202.64
2019-06-19,-0.289,1.1224,58200.0,-0.3119,21221.38,537765327.0,12.41,2.121,0.72,0.8,9.6,55.078529,320057.0,40.79,10.5,14.33,1211.32
2019-06-20,-0.316,1.1291,75429.0,-0.3119,21361.44,588939028.0,15.69,2.151,0.72,0.8,9.6,57.080787,394165.0,41.66,10.15,14.75,1229.21
2019-06-21,-0.284,1.1366,72791.0,-0.3119,21388.63,809332202.0,15.54,2.163,0.72,0.8,9.6,57.364264,257918.0,42.13,10.5,15.4,1230.6
2019-06-24,-0.306,1.1396,59479.0,-0.3119,21284.1,334476111.0,16.8,2.16,0.72,0.8,9.6,56.91465,217443.0,41.0,10.0,15.26,1244.88
2019-06-25,-0.331,1.1365,72508.0,-0.3119,21128.41,312522756.0,17.08,2.157,0.72,0.8,9.6,57.2368445,205803.0,40.26,9.75,16.28,1252.01
2019-06-26,-0.303,1.1368,73537.0,-0.3119,21057.14,367288712.0,15.88,2.143,0.72,0.8,9.6,58.4885934,141948.0,38.45,9.65,16.21,1238.55
2019-06-27,-0.32,1.1368,66455.0,-0.3119,21110.87,332617223.0,15.57,2.133,0.72,0.8,9.6,58.541373,103162.0,37.84,9.63,15.82,1239.63
2019-06-28,-0.328,1.1368,65175.0,-0.3119,21234.79,349434155.0,15.99,2.09,0.72,0.8,9.6,58.541373,34615.0,39.46,9.38,15.08,1239.23
2019-06-30,-0.328,1.1368,65175.0,-0.3289,21234.79,349434155.0,15.99,2.09,0.72,0.8,9.6,58.541373,34615.0,39.46,9.38,15.08,1239.23
2019-07-01,-0.353,1.1285,76259.0,-0.3289,21254.04,354753066.0,14.08,1.943,0.72,0.8,9.6,57.6516178,361414.0,35.92,10.35,14.06,1226.35
2019-07-02,-0.368,1.1283,77155.0,-0.3289,21392.87,337445653.0,15.8,1.857,0.72,0.8,9.6,55.304496,386941.0,37.77,10.35,12.93,1256.5
2019-07-03,-0.385,1.1277,74718.0,-0.3289,21905.34,584545388.0,15.89,1.612,0.72,0.8,9.6,56.5930232,281750.0,36.72,10.43,12.57,1257.74
2019-07-04,-0.399,1.1284,60352.0,-0.3289,22120.7,488483220.0,15.89,1.669,0.72,0.8,9.6,56.097093,114984.0,36.72,10.52,12.57,1253.93
2019-07-05,-0.361,1.1224,80744.0,-0.3289,21985.79,384083845.0,15.89,1.746,0.72,0.8,9.6,57.2257185,203540.0,36.72,11.25,13.28,1246.09
2019-07-08,-0.366,1.1214,65610.0,-0.3289,21976.0,330144916.0,12.99,1.78,0.72,0.8,9.6,57.1694514,253820.0,34.0,11.9,13.96,1243.86
2019-07-09,-0.354,1.1206,70421.0,-0.3289,21886.17,358416083.0,13.45,1.741,0.72,0.8,9.6,57.2551008,263889.0,30.3,11.27,14.09,1246.57
2019-07-10,-0.306,1.1249,81574.0,-0.3289,22044.96,366852433.0,15.01,1.725,0.72,0.8,9.6,59.5698797,349513.0,30.76,12.5,13.03,1261.0
2019-07-11,-0.264,1.1252,82680.0,-0.3289,22169.42,338191880.0,13.64,1.715,0.72,0.8,9.6,59.1183196,283017.0,29.86,13.02,12.93,1247.09
2019-07-12,-0.248,1.1269,78173.0,-0.3289,22182.7,324509949.0,14.65,1.733,0.72,0.8,9.6,59.2066608,244702.0,30.39,13.43,12.39,1255.57
2019-07-15,-0.294,1.1257,61886.0,-0.3289,22178.05,294097534.0,14.9,1.64,0.36,0.8,9.6,59.0568432,283089.0,30.83,12.7,12.68,1255.78
2019-07-16,-0.289,1.1209,73543.0,-0.3289,22204.08,323591423.0,14.32,1.612,0.36,0.8,9.6,57.409209,356735.0,32.06,11.28,12.86,1253.72
2019-07-17,-0.287,1.1223,72847.0,-0.3289,22079.38,344624617.0,16.02,1.604,0.36,0.8,9.6,56.7229698,274930.0,34.94,11.25,13.97,1270.73
2019-07-18,-0.31,1.1275,82743.0,-0.3289,22090.81,327320652.0,17.45,1.558,0.36,0.8,9.6,54.9269556,374891.0,33.07,10.68,13.53,1282.03
2019-07-19,-0.322,1.122,86565.0,-0.3289,21641.46,509074206.0,15.83,1.604,0.36,0.8,9.6,55.6776369,298982.0,34.84,10.63,14.45,1269.62
2019-07-22,-0.344,1.1208,66812.0,-0.3289,21735.7,298912154.0,14.89,1.667,0.36,0.8,9.6,56.4418372,267778.0,33.63,10.25,13.53,1270.48
2019-07-23,-0.353,1.1151,75822.0,-0.3289,21954.66,332228551.0,14.28,1.603,0.36,0.8,9.6,57.2414674,272729.0,32.25,10.65,12.61,1270.65
2019-07-24,-0.378,1.1139,80492.0,-0.3289,22080.32,312357380.0,14.55,1.497,0.36,0.8,9.6,56.719845,301507.0,32.86,10.15,12.07,1279.43
2019-07-25,-0.361,1.1145,79247.0,-0.3289,21903.29,479320426.0,13.54,1.524,0.36,0.8,9.6,56.8773114,169836.0,31.95,10.0,12.74,1268.75
2019-07-26,-0.377,1.1125,65449.0,-0.3289,21837.74,406284029.0,12.31,1.575,0.36,0.8,9.6,57.0429248,159856.0,32.29,10.05,12.16,1274.38
2019-07-29,-0.389,1.1144,64099.0,-0.3289,21709.3,308441194.0,13.59,1.581,0.36,0.8,9.6,57.1695314,101701.0,31.63,9.8,12.83,1280.08
2019-07-30,-0.397,1.1153,78917.0,-0.3289,21278.24,483711637.0,14.51,1.583,0.36,0.8,9.6,58.0292464,86101.0,30.07,10.05,13.94,1281.71
2019-07-31,-0.442,1.1074,84768.0,-0.3649,21398.19,380884961.0,13.21,1.547,0.36,0.8,9.6,58.8498134,18763.0,30.77,10.3,16.12,1276.05
2019-08-01,-0.449,1.1083,103827.0,-0.3649,21566.91,372813138.0,16.01,1.553,0.36,0.8,9.6,54.58794,433719.0,36.43,12.73,17.87,1303.37
2019-08-02,-0.495,1.1107,97581.0,-0.3649,21046.86,477481309.0,15.0,1.541,0.36,0.8,9.6,55.7214237,364137.0,35.56,11.98,17.61,1296.28
2019-08-05,-0.516,1.1202,100408.0,-0.3649,20773.3,427321680.0,16.91,1.564,0.36,0.8,9.6,53.392387,378858.0,37.04,11.43,24.59,1306.71
2019-08-06,-0.537,1.1198,105458.0,-0.3649,20631.74,321865828.0,16.02,1.509,0.36,0.8,9.6,52.6345988,328149.0,36.43,11.0,20.17,1316.06
2019-08-07,-0.582,1.1197,105395.0,-0.3649,20538.85,472434233.0,18.16,1.398,0.36,0.8,9.6,50.219013,485190.0,38.1,11.33,19.49,1340.07
2019-08-08,-0.558,1.1178,101848.0,-0.3649,20841.15,356686519.0,17.53,1.538,0.36,0.8,9.6,51.3327218,299685.0,35.98,12.3,16.91,1341.9
2019-08-09,-0.575,1.1198,89359.0,-0.3649,20324.23,641132581.0,16.64,1.826,0.36,0.8,9.6,52.2684606,281803.0,35.14,11.63,17.97,1336.46
2019-08-12,-0.593,1.1212,72489.0,-0.3649,20263.83,328344796.0,18.46,1.736,0.36,0.8,9.6,52.238583,221349.0,34.43,11.3,21.09,1347.44
2019-08-13,-0.608,1.1169,92355.0,-0.3649,20539.43,506203578.0,17.92,1.62,0.36,0.8,9.6,54.884342,338076.0,33.19,11.75,17.52,1343.66
2019-08-14,-0.649,1.1138,91931.0,-0.3649,20020.28,450629926.0,18.19,1.515,0.36,0.8,9.6,53.4029284,320431.0,35.83,11.18,22.1,1361.03
2019-08-15,-0.711,1.1106,92305.0,-0.3649,20020.28,450629926.0,18.72,1.342,0.36,0.4,9.4,52.4308743,298674.0,36.2,11.1,21.18,1370.9
2019-08-16,-0.684,1.1089,75887.0,-0.3649,20322.59,539327537.0,16.86,1.402,0.36,0.4,9.4,52.8809656,209433.0,35.02,11.1,18.47,1364.44
2019-08-19,-0.651,1.1076,71546.0,-0.3649,20715.49,354908186.0,14.94,1.431,0.36,0.4,9.4,53.936259,211453.0,32.99,10.77,16.88,1349.19
2019-08-20,-0.691,1.1099,82513.0,-0.3649,20485.43,323170664.0,15.42,1.348,0.36,0.4,9.4,54.0858294,245249.0,32.34,11.27,17.5,1356.87
2019-08-21,-0.671,1.1083,79980.0,-0.3649,20847.07,308790943.0,15.13,1.337,0.36,0.4,9.4,54.407484,269681.0,32.39,11.35,15.8,1354.56
2019-08-22,-0.645,1.1078,81702.0,-0.3649,20816.99,342319340.0,15.35,1.332,0.36,0.4,9.4,54.0891848,276113.0,32.39,11.0,16.68,1350.78
2019-08-23,-0.677,1.1144,91225.0,-0.3649,20473.86,399795818.0,18.36,1.318,0.36,0.4,9.4,53.2481556,321242.0,35.2,10.48,19.87,1369.72
2019-08-26,-0.663,1.11,94649.0,-0.3649,20676.83,304979257.0,17.54,1.333,0.36,0.4,9.4,52.88283,183297.0,35.42,10.32,19.32,1375.36
2019-08-27,-0.694,1.109,84151.0,-0.3649,20991.3,396647167.0,17.34,1.138,0.36,0.4,9.4,53.6607621,218373.0,33.73,10.2,20.31,1389.96
2019-08-28,-0.71,1.1077,83864.0,-0.3649,20990.71,360704985.0,16.83,1.029,0.36,0.4,9.4,54.6085573,134262.0,32.72,10.4,19.35,1388.78
2019-08-29,-0.694,1.1055,83427.0,-0.3649,21398.17,523182480.0,16.31,0.99,0.36,0.4,9.4,55.2511356,131090.0,31.82,10.55,17.88,1381.23
2019-08-30,-0.703,1.0989,83851.0,-0.3649,21322.9,402872671.0,15.45,1.033,0.36,0.4,9.4,54.9913,25136.0,32.16,9.9,18.98,1382.85
2019-08-31,-0.703,1.0989,83851.0,-0.4077,21322.9,402872671.0,15.45,1.033,0.36,0.4,9.4,54.9913,25136.0,32.16,9.9,18.98,1382.85
2019-09-02,-0.702,1.0966,67015.0,-0.4077,21451.98,227807529.0,15.45,0.971,0.36,0.4,9.4,53.4926406,121642.0,32.16,11.9,18.98,1395.02
2019-09-03,-0.703,1.0972,94861.0,-0.4077,21399.23,283939128.0,16.86,0.862,0.36,0.4,9.4,53.0987466,265120.0,35.73,12.1,19.66,1409.53
2019-09-04,-0.675,1.1033,94450.0,-0.4077,21737.8,408309994.0,17.27,0.822,0.36,0.4,9.4,55.016659,283104.0,34.56,11.9,17.33,1406.33
2019-09-05,-0.595,1.1033,91346.0,-0.4077,21955.07,444458920.0,15.72,0.91,0.36,0.4,9.4,55.2432515,292058.0,33.5,12.3,16.27,1376.4
2019-09-06,-0.637,1.1027,84705.0,-0.4077,21947.33,396569424.0,14.75,0.883,0.36,0.4,9.4,55.8081644,287357.0,33.21,12.38,15.0,1365.88
2019-09-09,-0.582,1.1046,67881.0,-0.4077,21989.73,358176514.0,14.76,0.955,0.36,0.4,9.4,56.6633529,249708.0,33.28,12.32,15.27,1356.2
2019-09-10,-0.548,1.1043,72768.0,-0.4077,21869.01,465833912.0,14.62,1.026,0.36,0.4,9.4,56.488209,267549.0,33.55,14.5,15.2,1345.16
2019-09-11,-0.561,1.1009,75196.0,-0.4077,21891.57,520578110.0,14.95,0.976,0.36,0.4,9.4,55.2367635,315118.0,34.94,13.8,14.61,1359.51
2019-09-12,-0.524,1.1061,89754.0,-0.4077,22083.17,576922177.0,15.07,0.844,0.36,0.4,9.4,54.5883504,358089.0,35.58,14.7,14.22,1354.63
2019-09-13,-0.445,1.1073,81762.0,-0.4077,22181.41,489149237.0,14.94,0.869,0.36,0.4,9.4,54.384682,195827.0,35.48,14.4,13.74,1343.73
2019-09-15,-0.445,1.1073,81762.0,-0.4077,22181.41,489149237.0,14.94,0.869,0.24,0.4,9.8,54.384682,195827.0,35.48,14.4,13.74,1343.73
2019-09-16,-0.48,1.1,76333.0,-0.4077,21969.24,433352124.0,16.07,0.853,0.24,0.4,9.8,62.7453918,735539.0,48.58,15.23,14.67,1361.41
2019-09-17,-0.474,1.1071,78207.0,-0.4077,21801.93,402607545.0,15.91,0.929,0.24,0.4,9.8,58.305433,620494.0,44.89,13.7,14.44,1355.52
2019-09-18,-0.508,1.1029,68216.0,-0.4077,21947.7,323308890.0,15.1,0.873,0.24,0.4,9.8,57.66612,295047.0,40.44,12.7,13.95,1354.31
2019-09-19,-0.507,1.104,68938.0,-0.4077,22128.24,409468475.0,15.13,0.888,0.24,0.4,9.8,58.33352,258848.0,41.15,12.5,14.05,1357.36
2019-09-20,-0.522,1.1017,66062.0,-0.4077,22123.25,639677660.0,16.79,0.921,0.24,0.4,9.8,58.3463132,224881.0,38.99,12.57,15.32,1376.28
2019-09-23,-0.583,1.0991,62981.0,-0.4077,21899.88,369579261.0,16.92,0.834,0.24,0.4,9.8,58.9303368,204777.0,39.06,12.3,14.91,1384.45
2019-09-24,-0.6,1.1018,67686.0,-0.4077,21901.01,329448442.0,17.22,0.831,0.24,0.4,9.8,57.270191,216276.0,38.74,12.35,17.05,1389.5
2019-09-25,-0.576,1.0941,70802.0,-0.4077,21788.22,383403341.0,15.62,0.835,0.24,0.4,9.8,57.0238361,201466.0,38.37,11.95,15.96,1373.65
2019-09-26,-0.583,1.0921,77231.0,-0.4077,21947.67,322274790.0,15.11,0.829,0.24,0.4,9.8,57.4491358,115573.0,37.52,12.18,16.07,1377.55
2019-09-27,-0.575,1.0938,70740.0,-0.4077,22017.4,321170323.0,14.96,0.829,0.24,0.4,9.8,56.6005984,97328.0,38.9,11.93,17.22,1368.09
2019-09-30,-0.572,1.0898,60679.0,-0.4176,22107.7,331571419.0,15.37,0.828,0.24,0.4,9.8,55.771728,22010.0,38.75,11.2,16.24,1350.35
2019-10-01,-0.562,1.093,66566.0,-0.4176,21927.57,430463541.0,15.61,0.856,0.24,0.4,9.8,53.8790499,291672.0,38.88,16.4,18.56,1352.68
2019-10-02,-0.547,1.0958,59613.0,-0.4176,21298.24,552414151.0,15.75,0.896,0.24,0.4,9.8,52.6467402,307905.0,39.62,15.93,20.56,1368.33
2019-10-03,-0.587,1.0964,74961.0,-0.4176,21311.51,391603310.0,16.33,0.828,0.24,0.4,9.8,52.6361368,336903.0,40.4,16.15,19.12,1372.04
2019-10-04,-0.587,1.0976,77215.0,-0.4176,21470.44,411527445.0,15.26,0.831,0.24,0.4,9.8,53.1797396,299922.0,39.31,15.8,17.04,1370.08
2019-10-07,-0.575,1.097,63619.0,-0.4176,21652.15,258014487.0,15.44,0.955,0.24,0.4,9.8,53.190693,228408.0,39.42,15.55,17.86,1360.87
2019-10-08,-0.594,1.0954,77643.0,-0.4176,21405.73,320247244.0,16.21,0.948,0.24,0.4,9.8,53.1678784,274743.0,39.49,15.7,20.28,1373.75
2019-10-09,-0.549,1.0969,74645.0,-0.4176,21533.64,328849778.0,15.73,0.974,0.24,0.4,9.8,53.1680112,266484.0,38.0,15.88,18.64,1371.8
2019-10-10,-0.469,1.1004,90925.0,-0.4176,21756.39,414631176.0,15.7,1.059,0.24,0.4,9.8,53.707716,262531.0,39.52,15.8,17.57,1356.84
2019-10-11,-0.445,1.104,92512.0,-0.4176,22165.34,518465933.0,15.72,1.056,0.24,0.4,9.8,54.809958,367632.0,39.65,16.04,15.58,1348.02
2019-10-14,-0.454,1.1028,70534.0,-0.4176,22097.94,294669369.0,15.65,1.02,0.24,0.4,9.8,53.817393,283065.0,40.21,15.95,14.57,1353.67
2019-10-15,-0.417,1.1031,88263.0,-0.4176,22365.34,413132521.0,15.08,1.035,0.12,0.4,9.4,53.2501596,305682.0,39.47,15.95,13.54,1341.97
2019-10-16,-0.385,1.107,87186.0,-0.4176,22428.09,495250580.0,14.94,1.028,0.12,0.4,9.4,53.6764628,257875.0,39.47,16.18,13.68,1345.3
2019-10-17,-0.408,1.1122,86085.0,-0.4176,22375.67,438017531.0,14.84,0.995,0.12,0.4,9.4,53.8662792,269842.0,37.71,15.98,13.79,1340.73
2019-10-18,-0.38,1.1169,71329.0,-0.4176,22321.77,397160783.0,14.85,1.03,0.12,0.4,9.4,53.2011028,228144.0,36.43,15.88,14.25,1333.3
2019-10-21,-0.345,1.1148,72467.0,-0.4176,22478.19,371778607.0,14.05,1.089,0.12,0.4,9.4,52.8882992,212574.0,36.66,15.65,14.0,1330.9
2019-10-22,-0.367,1.1124,77873.0,-0.4176,22487.08,343207334.0,13.67,1.03,0.12,0.4,9.4,53.667912,260598.0,35.52,15.57,14.46,1336.96
2019-10-23,-0.39,1.1129,77540.0,-0.4176,22351.07,376068730.0,13.23,1.042,0.12,0.4,9.4,54.9643035,313229.0,35.66,15.32,14.01,1340.1
2019-10-24,-0.406,1.1104,77933.0,-0.4176,22527.42,406303744.0,13.97,1.01,0.12,0.4,9.4,55.5387686,215542.0,35.95,15.7,13.71,1354.09
2019-10-25,-0.364,1.1078,66888.0,-0.4176,22608.99,246328626.0,13.48,1.047,0.12,0.4,9.4,55.9848338,204446.0,34.64,15.25,12.65,1357.43
2019-10-28,-0.331,1.1098,49680.0,-0.4176,22695.64,272004980.0,13.78,1.103,0.12,0.4,9.4,55.4782642,167855.0,35.64,14.5,13.11,1344.15
2019-10-29,-0.351,1.111,56626.0,-0.4176,22680.74,327253151.0,13.46,1.097,0.12,0.4,9.4,55.4365431,136930.0,35.7,13.9,13.2,1338.52
2019-10-30,-0.355,1.1148,71389.0,-0.4176,22646.08,440251053.0,13.17,1.094,0.12,0.4,9.4,54.3683822,105869.0,34.36,13.75,12.33,1341.08
2019-10-31,-0.403,1.115,84758.0,-0.4129,22693.77,435498487.0,13.39,1.028,0.12,0.4,9.4,54.0178778,13898.0,35.84,13.32,13.22,1356.25
2019-11-01,-0.381,1.1165,67556.0,-0.4129,22934.32,289466240.0,12.86,1.097,0.12,0.4,9.4,55.2532654,236093.0,34.37,16.25,12.3,1355.65
2019-11-04,-0.349,1.1126,66795.0,-0.4129,23311.43,437875788.0,12.45,1.094,0.12,0.4,9.4,55.842444,235379.0,35.63,16.67,12.83,1355.98
2019-11-05,-0.309,1.1074,81704.0,-0.4129,23364.82,486391777.0,12.43,1.113,0.12,0.4,9.4,56.8541392,231665.0,33.77,16.63,13.1,1339.51
2019-11-06,-0.334,1.1065,73328.0,-0.4129,23373.22,438771361.0,12.04,1.124,0.12,0.4,9.4,55.797525,275935.0,33.22,16.33,12.62,1346.87
2019-11-07,-0.234,1.1049,84045.0,-0.4129,23503.03,499285212.0,12.35,1.25,0.12,0.4,9.4,56.3761874,261072.0,31.45,16.2,12.73,1328.55
2019-11-08,-0.261,1.1016,56672.0,-0.4129,23534.49,596251818.0,12.27,1.272,0.12,0.4,9.4,56.7447027,287672.0,31.45,15.85,12.07,1323.18
2019-11-11,-0.244,1.1032,45866.0,-0.4129,23489.93,369318351.0,12.87,1.342,0.12,0.4,9.4,56.363061,213342.0,34.22,15.8,12.69,1319.15
2019-11-12,-0.252,1.1007,58976.0,-0.4129,23782.15,436422232.0,11.91,1.304,0.12,0.4,9.4,56.3821306,238171.0,33.74,15.5,12.68,1322.55
2019-11-13,-0.298,1.1006,64757.0,-0.4129,23578.43,399806060.0,11.56,1.333,0.12,0.4,9.4,56.669382,273025.0,35.15,15.55,13.0,1328.94
2019-11-14,-0.35,1.1021,68060.0,-0.4129,23481.35,378029008.0,11.83,1.433,0.12,0.4,9.4,56.5103808,234780.0,33.94,15.68,13.05,1334.29
2019-11-15,-0.335,1.105,65271.0,-0.4129,23588.59,337912519.0,11.23,1.33,0.24,-0.2,9.8,57.285234,255681.0,32.42,15.75,12.05,1327.23
2019-11-18,-0.336,1.107,64201.0,-0.4129,23463.98,374167777.0,11.55,1.294,0.24,-0.2,9.8,56.4045496,228249.0,33.68,15.2,12.46,1328.7
2019-11-19,-0.339,1.1078,67017.0,-0.4129,23329.21,374663849.0,11.5,1.331,0.24,-0.2,9.8,54.9828479,296802.0,32.94,15.35,12.86,1328.85
2019-11-20,-0.347,1.1072,75061.0,-0.4129,23351.78,419633515.0,11.55,1.301,0.24,-0.2,9.8,56.358432,343310.0,32.2,15.52,12.78,1328.79
2019-11-21,-0.326,1.1057,70472.0,-0.4129,23279.78,477095674.0,11.37,1.282,0.24,-0.2,9.8,57.854468,318487.0,31.59,15.65,13.13,1324.03
2019-11-22,-0.359,1.1022,65361.0,-0.4129,23259.8,372915544.0,11.32,1.297,0.24,-0.2,9.8,57.5124792,228744.0,32.38,16.13,12.34,1325.99
2019-11-25,-0.349,1.1013,57550.0,-0.4129,23467.25,297104622.0,11.15,1.278,0.24,-0.2,9.8,57.795473,212053.0,31.9,16.42,11.87,1320.94
2019-11-26,-0.371,1.1018,60856.0,-0.4129,23546.58,473714009.0,10.76,1.274,0.24,-0.2,9.8,58.3320947,181095.0,31.25,15.9,11.54,1325.52
2019-11-27,-0.372,1.0998,61755.0,-0.4129,23485.03,332169658.0,10.3,1.323,0.24,-0.2,9.8,58.2471956,125474.0,30.82,16.15,11.75,1321.73
2019-11-28,-0.36,1.1007,60178.0,-0.4129,23342.42,237624586.0,10.3,1.349,0.24,-0.2,9.8,58.0265337,96083.0,30.82,15.75,11.75,1324.21
2019-11-29,-0.36,1.1015,57114.0,-0.4129,23259.33,265982963.0,10.71,1.338,0.24,-0.2,9.8,56.6770755,19645.0,36.73,15.68,12.62,1330.59
2019-11-30,-0.36,1.1015,57114.0,-0.4013,23259.33,265982963.0,10.71,1.338,0.24,-0.2,9.8,56.6770755,19645.0,36.73,15.68,12.62,1330.59
2019-12-02,-0.28,1.1077,62320.0,-0.4013,22728.59,452945313.0,10.77,1.446,0.24,-0.2,9.8,54.9967484,297874.0,34.97,15.85,14.91,1319.56
2019-12-03,-0.348,1.1081,67153.0,-0.4013,22736.52,367761298.0,12.15,1.385,0.24,-0.2,9.8,54.887009,248550.0,35.05,15.77,15.96,1332.73
2019-12-04,-0.313,1.1076,65258.0,-0.4013,23034.2,324496638.0,11.57,1.381,0.24,-0.2,9.8,56.87955,319042.0,32.21,15.8,14.8,1330.49
2019-12-05,-0.297,1.1102,53756.0,-0.4013,22969.4,298652265.0,11.25,1.483,0.24,-0.2,9.8,57.0979086,294838.0,30.41,15.33,14.52,1329.04
2019-12-06,-0.287,1.1057,47040.0,-0.4013,23182.72,294137992.0,10.73,1.447,0.24,-0.2,9.8,58.234316,314600.0,30.02,15.02,13.62,1319.51
2019-12-09,-0.307,1.1062,42704.0,-0.4013,22956.9,302722811.0,10.75,1.391,0.24,-0.2,9.8,58.082,239772.0,30.02,14.77,15.86,1320.62
2019-12-10,-0.296,1.1092,59629.0,-0.4013,23122.82,298165077.0,10.33,1.348,0.24,-0.2,9.8,58.005727,235193.0,27.94,14.4,15.68,1319.86
2019-12-11,-0.322,1.1128,62711.0,-0.4013,23155.64,283415040.0,10.81,1.321,0.24,-0.2,9.8,57.2607036,250138.0,27.81,13.9,14.99,1324.74
2019-12-12,-0.269,1.1128,67590.0,-0.4013,23390.95,413346971.0,10.95,1.342,0.24,-0.2,9.8,57.692046,238305.0,27.44,14.7,13.94,1320.16
2019-12-13,-0.29,1.1119,81104.0,-0.4013,23329.33,478941253.0,10.39,1.258,0.24,-0.2,9.8,58.6562592,232747.0,26.76,13.73,12.63,1326.58
2019-12-15,-0.29,1.1119,81104.0,-0.4013,23329.33,478941253.0,10.39,1.258,0.48,-0.2,9.8,58.6562592,232747.0,26.76,13.73,12.63,1326.58
2019-12-16,-0.275,1.1142,55190.0,-0.4013,23524.76,276509700.0,10.39,1.299,0.48,-0.2,9.8,58.64265,186087.0,26.51,13.93,12.14,1323.88
2019-12-17,-0.293,1.1149,58497.0,-0.4013,23630.77,343983194.0,10.03,1.275,0.48,-0.2,9.8,59.287734,245832.0,26.33,14.4,12.29,1323.64
2019-12-18,-0.248,1.1111,54791.0,-0.4013,23628.87,311229580.0,10.04,1.338,0.48,-0.2,9.8,59.5536617,262339.0,26.77,15.1,12.58,1327.3
2019-12-19,-0.234,1.112,53356.0,-0.4013,23708.94,374666239.0,10.39,1.396,0.48,-0.2,9.8,59.8380912,249537.0,24.8,15.1,12.5,1329.4
2019-12-20,-0.25,1.1078,49590.0,-0.4013,24003.64,793556068.0,9.69,1.421,0.48,-0.2,9.8,59.7039166,217977.0,25.54,14.23,12.51,1333.89
2019-12-23,-0.239,1.1086,48041.0,-0.4013,23898.42,229766981.0,10.56,1.439,0.48,-0.2,9.8,59.8864356,131417.0,25.11,13.07,12.61,1339.28
2019-12-24,-0.239,1.1087,55941.0,-0.4013,23898.42,229766981.0,11.93,1.439,0.48,-0.2,9.8,60.611712,106430.0,25.46,12.63,12.67,1351.62
2019-12-25,-0.239,1.109,16739.0,-0.4013,23898.42,229766981.0,11.93,1.439,0.48,-0.2,9.8,60.611712,106430.0,25.46,12.6,12.67,1350.94
2019-12-26,-0.239,1.1096,30960.0,-0.4013,23898.42,229766981.0,13.33,1.439,0.48,-0.2,9.8,61.2115416,69821.0,24.08,12.6,12.65,1361.18
2019-12-27,-0.252,1.1175,51372.0,-0.4013,23757.6,274188683.0,12.32,1.396,0.48,-0.2,9.8,60.992976,112219.0,25.16,12.73,13.43,1351.24
2019-12-30,-0.182,1.1197,51637.0,-0.4013,23506.37,212207393.0,12.56,1.422,0.48,-0.2,9.8,61.123764,29417.0,25.86,12.25,14.82,1352.59
2019-12-31,-0.187,1.121,43320.0,-0.3947,23506.37,212207393.0,12.63,1.427,0.48,-0.2,9.8,58.87596,171009.0,28.3,11.7,13.78,1352.78
2020-01-01,-0.187,1.121,422.0,-0.3947,23506.37,212207393.0,12.63,1.427,0.48,-0.2,9.8,58.87596,171009.0,28.3,12.13,13.78,1352.68
2020-01-02,-0.221,1.117,43897.0,-0.3947,23836.26,264537177.0,12.7,1.425,0.48,-0.2,9.8,59.310975,205689.0,28.75,12.15,12.47,1368.35
2020-01-03,-0.28,1.1158,56620.0,-0.3947,23702.35,325924914.0,13.46,1.345,0.48,-0.2,9.8,61.480692,479696.0,31.92,13.0,14.02,1389.77
2020-01-06,-0.286,1.1193,58883.0,-0.3947,23581.29,349155831.0,14.21,1.358,0.48,-0.2,9.8,61.5655722,341137.0,32.32,12.23,13.85,1398.09
2020-01-07,-0.283,1.1151,69970.0,-0.3947,23723.38,306340349.0,14.01,1.389,0.48,-0.2,9.8,61.2231706,284919.0,31.8,11.95,13.79,1411.17
2020-01-08,-0.242,1.1103,87764.0,-0.3947,23832.02,472506701.0,13.67,1.407,0.48,-0.2,9.8,58.9391904,560891.0,32.6,11.88,13.45,1400.69
2020-01-09,-0.218,1.1105,71073.0,-0.3947,24016.7,430637339.0,12.54,1.38,0.48,-0.2,9.8,58.865685,364446.0,33.22,11.95,12.54,1397.62
2020-01-10,-0.235,1.112,63104.0,-0.3947,24021.4,326014275.0,12.27,1.332,0.48,-0.2,9.8,58.4352144,272171.0,30.38,12.0,12.56,1404.21
2020-01-13,-0.195,1.1133,64888.0,-0.3947,23896.59,340838565.0,10.91,1.385,0.48,-0.2,9.8,57.666366,262472.0,34.25,12.15,12.32,1389.66
2020-01-14,-0.207,1.1127,75222.0,-0.3947,23928.21,350706411.0,11.02,1.39,0.48,-0.2,9.8,57.9578079,270499.0,33.62,11.31,12.39,1389.01
2020-01-15,-0.198,1.1149,73334.0,-0.3947,23763.86,341178919.0,11.75,1.39,0.48,-0.2,9.6,57.40416,229526.0,33.38,11.27,12.42,1395.19
2020-01-16,-0.216,1.1135,63959.0,-0.3947,23940.41,361875443.0,11.38,1.438,0.48,-0.2,9.6,58.0332834,220168.0,29.79,11.15,12.32,1393.54
2020-01-17,-0.214,1.1088,51680.0,-0.3947,24141.07,319934820.0,11.31,1.386,0.48,-0.2,9.6,58.486918,238639.0,28.6,10.88,12.1,1402.99
2020-01-20,-0.218,1.1094,48779.0,-0.3947,24002.45,218203393.0,11.31,1.36,0.48,-0.2,9.6,58.770628,154790.0,28.6,10.68,12.1,1409.48
2020-01-21,-0.247,1.1082,59802.0,-0.3947,23845.28,332896648.0,11.48,1.366,0.48,-0.2,9.6,58.2834324,248555.0,27.66,10.77,12.85,1405.4
2020-01-22,-0.261,1.1091,61010.0,-0.3947,23706.29,424389046.0,11.16,1.352,0.48,-0.2,9.6,56.9920323,273296.0,30.7,10.4,12.91,1404.7
2020-01-23,-0.306,1.1052,51046.0,-0.3947,23707.05,379431071.0,11.61,1.255,0.48,-0.2,9.6,56.1344124,361905.0,31.95,10.43,12.98,1413.31
2020-01-24,-0.336,1.1023,56271.0,-0.3947,23969.13,368586960.0,12.48,1.23,0.48,-0.2,9.6,55.0573611,257949.0,34.55,10.6,14.56,1424.11
2020-01-27,-0.385,1.1016,66687.0,-0.3947,23416.13,506925571.0,12.9,1.043,0.48,-0.2,9.6,53.8489164,259770.0,37.72,10.55,18.23,1435.28
2020-01-28,-0.379,1.102,63239.0,-0.3947,24027.63,428294635.0,11.89,1.028,0.48,-0.2,9.6,54.0017544,248947.0,36.42,10.8,16.28,1421.59
2020-01-29,-0.378,1.1009,66917.0,-0.3947,24164.73,356515321.0,12.09,0.963,0.48,-0.2,9.6,54.3284135,142684.0,35.73,10.1,16.39,1431.49
2020-01-30,-0.405,1.103,71941.0,-0.3947,23781.1,454729443.0,12.23,0.939,0.48,-0.2,9.6,52.8468798,104274.0,37.49,9.93,15.49,1426.51
2020-01-31,-0.434,1.1093,69737.0,-0.3911,23237.03,557656637.0,13.5,0.924,0.48,-0.2,9.6,52.4294952,19601.0,40.35,9.75,18.84,1432.91
2020-02-03,-0.443,1.1058,63799.0,-0.3911,23460.01,363184156.0,12.48,0.957,0.48,-0.2,9.6,49.240224,477224.0,41.81,9.2,17.97,1425.14
2020-02-04,-0.397,1.1042,71241.0,-0.3911,23844.85,479889430.0,12.01,0.948,0.48,-0.2,9.6,48.8677948,409857.0,39.44,9.45,16.05,1405.67
2020-02-05,-0.36,1.0997,71875.0,-0.3911,24236.63,564240960.0,11.32,0.967,0.48,-0.2,9.6,50.2683152,412265.0,37.88,9.25,15.15,1414.16
2020-02-06,-0.367,1.098,72556.0,-0.3911,24490.35,531888092.0,11.45,0.969,0.48,-0.2,9.6,50.0274975,379871.0,36.44,9.2,14.96,1426.47
2020-02-07,-0.385,1.0943,69263.0,-0.3911,24478.32,411437033.0,11.3,0.948,0.48,-0.2,9.6,49.7763201,270802.0,37.51,9.1,15.47,1434.1
2020-02-10,-0.411,1.0909,75920.0,-0.3911,24507.7,297204431.0,11.91,0.952,0.48,-0.2,9.6,48.8310109,280175.0,39.01,8.55,15.04,1440.4
2020-02-11,-0.392,1.0914,73605.0,-0.3911,24688.89,405685422.0,11.48,0.972,0.48,-0.2,9.6,49.4866625,272814.0,37.52,8.55,15.18,1435.77
2020-02-12,-0.375,1.0871,71517.0,-0.3911,24861.28,462480119.0,11.07,0.922,0.48,-0.2,9.6,51.3201052,305454.0,35.58,8.8,13.74,1439.7
2020-02-13,-0.386,1.084,74397.0,-0.3911,24892.15,526068029.0,11.59,0.896,0.48,-0.2,9.6,51.9742134,325512.0,35.84,8.75,14.15,1453.41
2020-02-14,-0.401,1.083,71961.0,-0.3911,24867.01,341383922.0,11.62,0.924,0.48,-0.2,9.6,52.9269952,258139.0,35.93,8.93,13.68,1462.36
2020-02-15,-0.401,1.083,71961.0,-0.3911,24867.01,341383922.0,11.62,0.924,0.24,-6.1,9.4,52.9269952,258139.0,35.93,8.93,13.68,1462.36
2020-02-17,-0.401,1.0834,57615.0,-0.3911,25120.54,315460034.0,11.62,0.906,0.24,-6.1,9.4,53.2305634,115337.0,35.93,9.52,13.68,1458.71
2020-02-18,-0.406,1.0791,79007.0,-0.3911,25223.51,737036328.0,13.02,0.929,0.24,-6.1,9.4,53.516925,249196.0,33.47,9.3,14.83,1483.55
2020-02-19,-0.42,1.0804,78970.0,-0.3911,25477.55,464703026.0,13.34,0.942,0.24,-6.1,9.4,54.7202896,262150.0,32.27,9.63,14.38,1490.82
2020-02-20,-0.443,1.0783,79089.0,-0.3911,25080.16,445153932.0,13.35,0.913,0.24,-6.1,9.4,55.0035009,268649.0,33.16,9.57,15.56,1501.3
2020-02-21,-0.428,1.0843,72956.0,-0.3911,24773.15,638705514.0,15.79,0.907,0.24,-6.1,9.4,53.951625,236494.0,35.87,9.3,17.08,1515.0
2020-02-24,-0.48,1.0852,80313.0,-0.3911,23427.19,977128319.0,17.58,0.968,0.24,-6.1,9.4,51.879887,236331.0,39.53,9.02,25.03,1528.3
2020-02-25,-0.51,1.0879,95392.0,-0.3911,23090.44,664950840.0,18.13,0.982,0.24,-6.1,9.4,50.51004,210280.0,42.5,9.02,27.85,1501.97
2020-02-26,-0.506,1.0879,96541.0,-0.3911,23422.54,737756956.0,16.48,0.994,0.24,-6.1,9.4,49.112856,171495.0,43.4,9.1,27.56,1507.39
2020-02-27,-0.541,1.0998,96551.0,-0.3911,22799.37,781145912.0,18.05,1.074,0.24,-6.1,9.4,47.4451868,112157.0,49.42,8.8,39.16,1494.59
2020-02-28,-0.608,1.1025,103281.0,-0.3911,21984.21,1052025558.0,21.27,1.127,0.24,-6.1,9.4,45.8231556,20359.0,51.25,8.98,40.11,1437.01
2020-02-29,-0.608,1.1025,103281.0,-0.4089,21984.21,1052025558.0,21.27,1.127,0.24,-6.1,9.4,45.8231556,20359.0,51.25,8.98,40.11,1437.01
2020-03-02,-0.621,1.1132,112471.0,-0.4089,21655.09,924414459.0,18.98,1.154,0.24,-6.1,9.4,46.622289,417555.0,48.33,8.88,33.42,1427.19
2020-03-03,-0.627,1.1171,111384.0,-0.4089,21748.2,799970691.0,22.01,0.985,0.24,-6.1,9.4,46.4240348,407554.0,50.8,9.02,36.82,1467.86
2020-03-04,-0.638,1.1134,99181.0,-0.4089,21946.03,724365259.0,18.55,1.017,0.24,-6.1,9.4,45.9224095,363501.0,50.59,8.75,31.99,1469.24
2020-03-05,-0.683,1.1239,95964.0,-0.4089,21554.88,772854710.0,22.43,1.068,0.24,-6.1,9.4,44.4791024,361035.0,52.58,8.88,39.62,1487.28
2020-03-06,-0.713,1.1285,120585.0,-0.4089,20799.89,864917486.0,25.12,1.079,0.24,-6.1,9.4,40.1151051,636391.0,65.02,8.7,41.94,1482.99
2020-03-09,-0.854,1.1447,140682.0,-0.4089,18475.91,1272046596.0,31.29,1.408,0.24,-6.1,9.4,30.0165524,779723.0,115.92,8.6,54.46,1467.01
2020-03-10,-0.801,1.1279,130043.0,-0.4089,17870.18,1096966366.0,23.99,1.386,0.24,-6.1,9.4,32.999252,551292.0,92.93,9.1,47.3,1461.7
2020-03-11,-0.746,1.1267,136108.0,-0.4089,17928.64,916163284.0,26.74,1.186,0.24,-6.1,9.4,31.7654145,471772.0,105.25,9.38,53.9,1450.18
2020-03-12,-0.743,1.1183,141452.0,-0.4089,14894.44,1535614359.0,30.18,1.736,0.24,-6.1,9.4,29.7056562,472738.0,123.45,9.27,75.47,1409.5
2020-03-13,-0.548,1.1105,150518.0,-0.4089,15954.29,1267823870.0,37.43,1.805,0.24,-6.1,9.4,30.481925,360628.0,118.48,9.27,57.83,1376.76
2020-03-15,-0.548,1.1105,150518.0,-0.4089,15954.29,1267823870.0,37.43,1.805,0.12,-6.1,7.7,30.481925,360628.0,118.48,9.27,57.83,1376.76
2020-03-16,-0.461,1.1181,140342.0,-0.4089,14980.34,1218842042.0,41.43,2.164,0.12,-6.1,7.7,26.8758185,330119.0,128.5,8.65,82.69,1353.6
2020-03-17,-0.432,1.0996,135652.0,-0.4089,15314.77,1041111820.0,45.27,2.391,0.12,-6.1,7.7,26.1276366,270240.0,133.32,8.5,75.91,1389.71
2020-03-18,-0.23,1.0913,142401.0,-0.4089,15120.48,796190290.0,48.98,2.304,0.12,-6.1,7.7,22.7985392,348397.0,166.79,8.15,76.45,1361.19
2020-03-19,-0.192,1.069,154128.0,-0.4089,15466.97,1016984630.0,39.48,1.819,0.12,-6.1,7.7,26.6322615,335723.0,164.06,8.57,72.0,1375.97
2020-03-20,-0.326,1.0694,157424.0,-0.4089,15731.85,1222210580.0,36.81,1.635,0.12,-6.1,7.7,25.228998,313837.0,190.08,8.4,66.04,1400.49
2020-03-23,-0.377,1.0721,142133.0,-0.4089,15559.8,768024627.0,41.16,1.605,0.12,-6.1,7.7,25.2122325,257591.0,185.68,7.94,61.59,1448.32
2020-03-24,-0.325,1.0787,140567.0,-0.4089,16948.6,847365989.0,40.41,1.592,0.12,-6.1,7.7,25.169136,198906.0,170.86,7.85,61.67,1497.34
2020-03-25,-0.264,1.088,141889.0,-0.4089,17243.68,906278779.0,40.56,1.576,0.12,-6.1,7.7,25.1746968,154936.0,144.03,7.8,63.95,1483.97
2020-03-26,-0.36,1.1028,135713.0,-0.4089,17369.38,712229572.0,37.48,1.243,0.12,-6.1,7.7,23.8845852,139178.0,150.06,7.53,61.0,1476.6
2020-03-27,-0.475,1.114,137100.0,-0.4089,16822.59,590902148.0,34.89,1.334,0.12,-6.1,7.7,22.3789131,112739.0,175.88,7.25,65.54,1458.4
2020-03-30,-0.496,1.1046,120263.0,-0.4089,16872.41,551307029.0,30.42,1.486,0.12,-6.1,7.7,20.6048556,62080.0,174.22,6.82,57.08,1467.61
2020-03-31,-0.469,1.1029,132039.0,-0.4166,17050.94,698055431.0,29.19,1.534,0.12,-6.1,7.7,20.618358,14774.0,170.55,6.9,53.54,1424.23
2020-04-01,-0.463,1.0962,127792.0,-0.4166,16544.97,515027395.0,30.26,1.547,0.12,-6.1,7.7,22.5688176,347286.0,158.98,6.93,57.06,1449.79
2020-04-02,-0.436,1.0856,131830.0,-0.4166,16834.03,580523354.0,31.91,1.492,0.12,-6.1,7.7,27.579231,612268.0,162.65,6.85,50.91,1485.05
2020-04-03,-0.441,1.0808,114662.0,-0.4166,16384.35,547565418.0,31.85,1.542,0.12,-6.1,7.7,31.5599364,541275.0,141.68,6.87,46.8,1496.21
2020-04-06,-0.424,1.0791,115259.0,-0.4166,17039.31,528126649.0,35.76,1.54,0.12,-6.1,7.7,30.627435,296072.0,144.19,7.25,45.24,1538.17
2020-04-07,-0.31,1.0889,140120.0,-0.4166,17411.72,679854299.0,34.27,1.602,0.12,-6.1,7.7,29.2681332,303419.0,139.13,7.35,46.7,1511.63
2020-04-08,-0.309,1.0856,128095.0,-0.4166,17380.82,476312896.0,29.98,1.656,0.12,-6.1,7.7,30.250566,320612.0,141.46,7.28,43.35,1514.59
2020-04-09,-0.345,1.0927,116287.0,-0.4166,17621.62,553979387.0,27.59,1.599,0.12,-6.1,7.7,28.8092368,492998.0,129.88,7.25,41.67,1539.87
2020-04-10,-0.345,1.0935,62119.0,-0.4166,17621.62,553979387.0,27.59,1.599,0.12,-6.1,7.7,28.8092368,492998.0,129.88,7.3,41.67,1544.07
2020-04-13,-0.345,1.0913,62168.0,-0.4166,17621.62,553979387.0,28.41,1.599,0.12,-6.1,7.7,29.0846316,223294.0,114.44,7.3,41.17,1568.95
2020-04-14,-0.377,1.0979,110474.0,-0.4166,17558.43,443873048.0,28.87,1.789,0.12,-6.1,7.7,26.960568,297548.0,115.48,6.83,37.76,1571.95
2020-04-15,-0.462,1.0907,111309.0,-0.4166,16719.07,536650664.0,27.39,1.908,0.0,-6.1,7.6,25.3872996,284337.0,120.38,6.72,40.84,1572.49
2020-04-16,-0.471,1.0835,128708.0,-0.4166,16768.14,453153585.0,27.74,1.857,0.0,-6.1,7.6,25.6759126,272978.0,115.1,7.13,40.11,1583.6
2020-04-17,-0.472,1.0876,129164.0,-0.4166,17055.47,469218281.0,26.96,1.79,0.0,-6.1,7.6,25.8184368,286171.0,95.91,6.93,38.15,1548.54
2020-04-20,-0.448,1.0862,114317.0,-0.4166,17064.14,339570666.0,28.01,1.952,0.0,-6.1,7.6,23.5407648,361825.0,226.13,6.63,43.83,1560.05
2020-04-21,-0.475,1.0856,121507.0,-0.4166,16450.85,401986511.0,30.62,2.172,0.0,-6.1,7.6,17.8058295,637214.0,325.15,6.36,45.41,1552.17
2020-04-22,-0.407,1.0822,114980.0,-0.4166,16765.28,347495891.0,30.44,2.107,0.0,-6.1,7.6,18.8226948,344764.0,236.8,6.15,41.98,1583.4
2020-04-23,-0.422,1.0776,121043.0,-0.4166,17011.11,392978346.0,30.25,2.006,0.0,-6.1,7.6,19.7940267,256303.0,211.0,6.0,41.38,1605.15
2020-04-24,-0.474,1.082,119650.0,-0.4166,16858.89,349284502.0,29.22,1.89,0.0,-6.1,7.6,19.8150624,186999.0,173.53,5.82,35.93,1596.16
2020-04-27,-0.451,1.0828,113186.0,-0.4166,17380.21,307768089.0,26.75,1.759,0.0,-6.1,7.6,18.4613647,162388.0,185.47,6.01,33.29,1582.51
2020-04-28,-0.469,1.0818,132701.0,-0.4166,17677.15,496793089.0,24.43,1.735,0.0,-6.1,7.6,18.9130194,123224.0,198.77,6.06,33.57,1577.83
2020-04-29,-0.494,1.0873,131413.0,-0.4166,18067.29,477978478.0,24.16,1.769,0.0,-6.1,7.6,20.7302634,86548.0,195.59,5.88,31.23,1574.1
2020-04-30,-0.589,1.0955,122442.0,-0.2541,17690.49,597318516.0,24.24,1.777,0.0,-6.1,7.6,23.0672141,9690.0,104.98,5.78,34.15,1538.32
2020-05-01,-0.589,1.0983,91361.0,-0.2541,17690.49,597318516.0,24.25,1.777,0.0,-6.1,7.6,24.07362,216975.0,110.18,5.78,37.19,1547.04
2020-05-04,-0.561,1.0906,87751.0,-0.2541,17035.61,430626364.0,23.68,1.755,0.0,-6.1,7.6,24.940496,215728.0,97.42,5.78,35.97,1559.21
2020-05-05,-0.577,1.0838,100330.0,-0.2541,17387.38,413814974.0,24.97,1.874,0.0,-6.1,7.6,28.5753996,267135.0,97.27,5.7,33.61,1573.37
2020-05-06,-0.503,1.0794,106062.0,-0.2541,17159.31,330052897.0,24.47,1.978,0.0,-6.1,7.6,27.5337968,268457.0,115.39,5.76,34.12,1560.38
2020-05-07,-0.546,1.0832,109253.0,-0.2541,17245.04,360975426.0,26.15,1.903,0.0,-6.1,7.6,27.1971774,259890.0,110.62,5.75,31.44,1583.23
2020-05-08,-0.538,1.084,104971.0,-0.2541,17439.3,242317836.0,24.89,1.789,0.0,-6.1,7.6,28.5701347,147304.0,98.7,5.85,27.98,1569.21
2020-05-11,-0.513,1.0806,96779.0,-0.2541,17381.36,279808510.0,23.55,1.887,0.0,-6.1,7.6,27.4198983,242212.0,109.72,5.62,27.57,1568.73
2020-05-12,-0.507,1.0846,125122.0,-0.2541,17559.32,323340095.0,22.45,1.892,0.0,-6.1,7.6,27.64156,202469.0,86.86,5.28,33.04,1568.66
2020-05-13,-0.527,1.0816,119988.0,-0.2541,17183.44,370538635.0,22.71,1.807,0.0,-6.1,7.6,26.9879064,221112.0,82.83,5.18,35.28,1585.63
2020-05-14,-0.542,1.0804,115476.0,-0.2541,16867.76,435987243.0,24.15,1.822,0.0,-6.1,7.6,28.8133054,222209.0,80.05,5.32,32.61,1600.77
2020-05-15,-0.528,1.0815,98478.0,-0.2541,16852.35,350474397.0,23.63,1.854,-0.24,-18.1,8.7,30.0508,211277.0,76.39,5.2,31.89,1609.85
2020-05-18,-0.472,1.0912,90582.0,-0.2541,17401.45,409926861.0,22.81,1.703,-0.24,-18.1,8.7,31.9005802,232249.0,76.14,4.82,29.3,1586.73
2020-05-19,-0.464,1.0921,112063.0,-0.2541,17034.54,837116167.0,21.33,1.647,-0.24,-18.1,8.7,31.7279655,188927.0,73.22,4.6,30.53,1595.95
2020-05-20,-0.468,1.0977,118503.0,-0.2541,17213.11,802296744.0,20.12,1.635,-0.24,-18.1,8.7,32.56825,191265.0,73.62,4.43,27.99,1590.86
2020-05-21,-0.495,1.0949,109499.0,-0.2541,17087.06,468260796.0,19.74,1.634,-0.24,-18.1,8.7,32.9346798,178546.0,89.06,3.97,29.53,1576.69
2020-05-22,-0.488,1.09,118983.0,-0.2541,17316.29,488722359.0,18.95,1.606,-0.24,-18.1,8.7,32.2293159,174586.0,84.98,4.05,28.16,1590.35
2020-05-25,-0.494,1.0899,65121.0,-0.2541,17595.9,275240038.0,18.95,1.588,-0.24,-18.1,8.7,32.5994856,28955.0,84.98,5.0,28.16,1586.27
2020-05-26,-0.43,1.098,100331.0,-0.2541,17860.46,565674876.0,18.57,1.553,-0.24,-18.1,8.7,32.9418275,129983.0,75.47,4.05,28.01,1557.28
2020-05-27,-0.414,1.1003,123597.0,-0.2541,17910.25,796359110.0,18.51,1.491,-0.24,-18.1,8.7,31.5731016,112247.0,73.89,3.8,27.62,1552.56
2020-05-28,-0.419,1.1076,121593.0,-0.2541,18351.16,616898422.0,18.1,1.435,-0.24,-18.1,8.7,31.8615765,70994.0,72.98,3.8,28.59,1550.72
2020-05-29,-0.448,1.1098,119665.0,-0.2541,18197.56,731191666.0,18.15,1.491,-0.24,-18.1,8.7,31.8344498,14712.0,69.23,3.63,27.51,1558.12
2020-05-31,-0.448,1.1098,119665.0,-0.272,18197.56,731191666.0,18.15,1.491,-0.24,-18.1,8.7,31.8344498,14712.0,69.23,3.63,27.51,1558.12
2020-06-01,-0.403,1.1134,103975.0,-0.272,18523.71,459197236.0,18.06,1.469,-0.24,-18.1,8.7,34.417108,212783.0,64.38,4.28,28.23,1561.92
2020-06-02,-0.414,1.1169,128727.0,-0.272,18971.09,612512801.0,18.1,1.509,-0.24,-18.1,8.7,35.4286038,205218.0,64.71,4.88,26.84,1545.9
2020-06-03,-0.355,1.1232,136518.0,-0.272,19641.81,828030672.0,18.47,1.552,-0.24,-18.1,8.7,35.4254349,239425.0,65.73,5.35,25.66,1511.06
2020-06-04,-0.322,1.1336,123945.0,-0.272,19634.03,814390185.0,18.05,1.42,-0.24,-18.1,8.7,35.2771785,172605.0,65.13,5.25,25.81,1511.1
2020-06-05,-0.277,1.1284,118688.0,-0.272,20187.51,925086616.0,18.17,1.422,-0.24,-18.1,8.7,37.486683,250309.0,64.2,5.57,24.52,1492.94
2020-06-08,-0.318,1.1292,92171.0,-0.272,20231.38,773230382.0,17.94,1.407,-0.24,-18.1,8.7,36.131664,227881.0,67.24,5.2,25.81,1502.85
2020-06-09,-0.311,1.134,119414.0,-0.272,19930.2,779956221.0,19.0,1.463,-0.24,-18.1,8.7,36.3137594,222358.0,67.76,4.88,27.57,1511.1
2020-06-10,-0.329,1.1369,120986.0,-0.272,19758.01,703770726.0,20.75,1.514,-0.24,-18.1,8.7,36.7048734,234192.0,63.06,4.82,27.57,1528.41
2020-06-11,-0.413,1.1297,144069.0,-0.272,18806.86,789867377.0,23.04,1.448,-0.24,-18.1,8.7,34.1240745,290169.0,69.96,5.03,40.79,1528.15
2020-06-12,-0.438,1.1254,119104.0,-0.272,18888.16,610202640.0,20.39,1.418,-0.24,-18.1,8.7,34.4143161,237894.0,70.22,5.21,36.09,1536.48
2020-06-15,-0.444,1.1322,127455.0,-0.272,18969.29,483442458.0,20.11,1.406,-0.24,-18.1,9.5,35.0822928,215424.0,68.11,5.35,34.4,1522.4
2020-06-16,-0.428,1.1263,120590.0,-0.272,19625.63,786184607.0,19.29,1.362,-0.24,-18.1,9.5,36.3667456,248578.0,66.63,5.15,33.67,1532.05
2020-06-17,-0.426,1.1243,137107.0,-0.272,19585.89,575170322.0,18.88,1.375,-0.24,-18.1,9.5,36.2091024,175235.0,61.45,5.32,33.47,1535.03
2020-06-18,-0.442,1.1202,125419.0,-0.272,19485.76,495706424.0,18.31,1.343,-0.24,-18.1,9.5,37.055977,175785.0,61.35,5.49,32.94,1536.51
2020-06-19,-0.415,1.1175,122265.0,-0.272,19618.93,934839847.0,18.27,1.323,-0.24,-18.1,9.5,37.7537215,217494.0,58.73,5.61,35.12,1559.03
2020-06-22,-0.436,1.1258,109675.0,-0.272,19478.73,421857545.0,19.55,1.357,-0.24,-18.1,9.5,38.2662408,187649.0,56.76,5.47,31.77,1557.91
2020-06-23,-0.405,1.1306,131868.0,-0.272,19841.58,523455245.0,20.51,1.334,-0.24,-18.1,9.5,37.7058087,183029.0,58.83,5.82,31.37,1562.61
2020-06-24,-0.439,1.125,121539.0,-0.272,19162.98,511785177.0,20.01,1.34,-0.24,-18.1,9.5,35.8311559,195717.0,64.96,5.65,33.84,1564.77
2020-06-25,-0.465,1.1217,130058.0,-0.272,19234.75,491616691.0,19.73,1.368,-0.24,-18.1,9.5,36.596075,166049.0,62.69,5.27,32.22,1571.61
2020-06-26,-0.481,1.1217,117837.0,-0.272,19124.36,366134854.0,20.52,1.372,-0.24,-18.1,9.5,36.56933,120321.0,63.69,5.22,34.73,1577.97
2020-06-29,-0.47,1.124,120440.0,-0.272,19447.02,358186683.0,19.26,1.364,-0.24,-18.1,9.5,37.1085528,86776.0,60.04,5.8,31.78,1575.33
2020-06-30,-0.453,1.1231,125661.0,-0.376,19375.52,414866924.0,19.65,1.327,-0.24,-18.1,9.5,36.6395485,12599.0,57.66,5.75,30.43,1584.41
2020-07-01,-0.397,1.125,98496.0,-0.376,19330.88,361833766.0,18.85,1.343,-0.24,-18.1,9.5,37.3600467,252515.0,53.43,5.82,28.62,1572.8
2020-07-02,-0.429,1.1238,109992.0,-0.376,19886.88,495115832.0,17.7,1.286,-0.24,-18.1,9.5,38.3876976,196692.0,51.29,5.93,27.68,1579.46
2020-07-03,-0.432,1.1248,117328.0,-0.376,19726.65,289547184.0,17.7,1.33,-0.24,-18.1,9.5,38.05134,96783.0,51.29,5.98,27.68,1577.59
2020-07-06,-0.432,1.1308,92463.0,-0.376,20031.86,443634481.0,17.42,1.308,-0.24,-18.1,9.5,38.114623,185020.0,50.73,6.07,27.94,1577.4
2020-07-07,-0.429,1.127,118915.0,-0.376,20012.68,352024502.0,17.37,1.288,-0.24,-18.1,9.5,38.2253148,183230.0,51.39,6.16,29.43,1591.43
2020-07-08,-0.439,1.1329,114708.0,-0.376,19899.53,327081768.0,17.74,1.275,-0.24,-18.1,9.5,38.2116501,185142.0,48.85,6.07,28.08,1596.23
2020-07-09,-0.459,1.1281,102922.0,-0.376,19505.95,324855599.0,17.39,1.282,-0.24,-18.1,9.5,37.5411575,237751.0,53.77,5.75,29.26,1597.76
2020-07-10,-0.468,1.1298,92411.0,-0.376,19767.6,299117358.0,16.64,1.288,-0.24,-18.1,9.5,38.2721564,214048.0,49.71,5.43,27.29,1591.15
2020-07-13,-0.416,1.134,94596.0,-0.376,20003.25,449146237.0,16.53,1.308,-0.24,-18.1,9.5,37.6717776,200310.0,53.41,5.09,32.19,1588.72
2020-07-14,-0.447,1.1396,122200.0,-0.376,19879.75,425475040.0,16.0,1.277,-0.24,-18.1,9.5,37.64475,221116.0,53.04,5.18,29.52,1586.92
2020-07-15,-0.443,1.141,114093.0,-0.376,20281.38,507289728.0,15.36,1.27,-0.36,-18.1,10.3,38.3784318,232180.0,47.05,5.25,27.76,1585.86
2020-07-16,-0.469,1.1383,117851.0,-0.376,20356.09,483034261.0,15.37,1.243,-0.36,-18.1,10.3,38.100545,172155.0,46.12,5.05,28.0,1578.16
2020-07-17,-0.455,1.1426,104774.0,-0.376,20419.39,399015822.0,15.09,1.24,-0.36,-18.1,10.3,37.756128,162402.0,40.22,5.1,25.68,1583.37
2020-07-20,-0.463,1.1444,91329.0,-0.376,20621.48,448609311.0,15.3,1.158,-0.36,-18.1,10.3,37.8189296,179430.0,42.59,4.75,24.46,1587.38
2020-07-21,-0.462,1.1526,91417.0,-0.376,20723.42,642358776.0,16.67,1.146,-0.36,-18.1,10.3,38.452032,229784.0,41.1,4.8,24.84,1596.93
2020-07-22,-0.493,1.1568,98975.0,-0.376,20598.78,400283866.0,22.45,1.1,-0.36,-18.1,10.3,38.2864905,202158.0,41.3,4.91,24.32,1617.3
2020-07-23,-0.482,1.1594,101833.0,-0.376,20454.46,372189313.0,21.99,1.048,-0.36,-18.1,10.3,37.3557412,262235.0,43.83,5.05,26.08,1626.89
2020-07-24,-0.445,1.1654,107483.0,-0.376,20075.27,378518281.0,21.61,1.071,-0.36,-18.1,10.3,37.1887538,191054.0,42.35,4.94,25.84,1630.62
2020-07-27,-0.492,1.1751,102175.0,-0.376,20019.96,358176692.0,25.52,1.049,-0.36,-18.1,10.3,36.9414759,174749.0,41.37,4.82,24.74,1652.42
2020-07-28,-0.51,1.1714,103297.0,-0.376,19902.63,335491863.0,28.96,1.075,-0.36,-18.1,10.3,36.8960496,107335.0,41.09,4.96,25.44,1671.27
2020-07-29,-0.499,1.179,99769.0,-0.376,19880.57,359277063.0,26.79,1.063,-0.36,-18.1,10.3,37.107875,64917.0,39.58,5.2,24.1,1670.33
2020-07-30,-0.545,1.1846,119561.0,-0.376,19228.47,545919752.0,24.13,1.033,-0.36,-18.1,10.3,36.2486598,63196.0,42.06,5.05,24.76,1650.84
2020-07-31,-0.531,1.1774,111287.0,-0.4441,19091.93,454759423.0,24.46,1.077,-0.36,-18.1,10.3,36.775989,14417.0,44.43,5.3,24.46,1676.43
2020-08-03,-0.523,1.1761,97016.0,-0.4441,19379.79,411205213.0,23.56,1.075,-0.36,-18.1,10.3,37.5394205,198700.0,41.56,6.96,24.28,1680.07
2020-08-04,-0.55,1.18,90140.0,-0.4441,19613.95,566864854.0,26.3,1.019,-0.36,-18.1,10.3,37.6526478,227118.0,40.28,7.14,23.76,1710.21
2020-08-05,-0.506,1.1861,106240.0,-0.4441,19740.2,544154358.0,25.69,1.04,-0.36,-18.1,10.3,38.082827,246975.0,37.12,7.3,22.99,1717.36
2020-08-06,-0.539,1.1875,121224.0,-0.4441,19475.15,642423107.0,27.36,0.99,-0.36,-18.1,10.3,37.9707399,184521.0,37.59,7.88,22.65,1736.61
2020-08-07,-0.505,1.1786,102811.0,-0.4441,19516.43,349794649.0,26.22,0.987,-0.36,-18.1,10.3,37.671624,171719.0,37.43,7.93,22.21,1725.71
2020-08-10,-0.525,1.1736,87414.0,-0.4441,19651.57,251844916.0,23.89,0.985,-0.36,-18.1,10.3,38.3350792,135301.0,35.74,7.57,22.13,1726.59
2020-08-11,-0.472,1.1739,101793.0,-0.4441,20209.11,486632191.0,27.48,1.014,-0.36,-18.1,10.3,37.90777,202739.0,37.5,7.57,24.03,1628.07
2020-08-12,-0.449,1.1782,81069.0,-0.4441,20437.36,372877276.0,25.85,1.027,-0.36,-18.1,10.3,38.5587125,166478.0,34.74,7.18,22.28,1625.91
2020-08-13,-0.41,1.1812,93336.0,-0.4441,20257.31,314363849.0,25.82,1.077,-0.36,-18.1,10.3,38.063136,148411.0,34.87,7.28,22.13,1652.5
2020-08-14,-0.419,1.1841,78128.0,-0.4441,20028.11,296289758.0,23.53,1.056,-0.36,-18.1,10.3,37.834496,151463.0,35.1,8.25,22.05,1641.06
2020-08-15,-0.419,1.1841,78128.0,-0.4441,20028.11,296289758.0,23.53,1.056,-0.47,-6.0,10.1,37.834496,151463.0,35.1,8.25,22.05,1641.06
2020-08-17,-0.453,1.1869,86602.0,-0.4441,19950.32,246143344.0,26.35,1.004,-0.47,-6.0,10.1,38.2255861,164226.0,32.43,8.23,21.35,1671.97
2020-08-18,-0.456,1.1929,105451.0,-0.4441,19845.61,255470466.0,26.46,0.993,-0.47,-6.0,10.1,38.1086634,181686.0,31.7,8.75,21.51,1677.36
2020-08-19,-0.475,1.1836,110239.0,-0.4441,20055.4,221316834.0,28.15,0.979,-0.47,-6.0,10.1,38.3322056,174884.0,32.85,8.3,22.54,1629.09
2020-08-20,-0.495,1.1859,114055.0,-0.4441,19766.96,264922417.0,25.91,0.98,-0.47,-6.0,10.1,37.861476,249744.0,32.83,8.1,22.72,1640.59
2020-08-21,-0.508,1.1795,98561.0,-0.4441,19695.43,300533218.0,25.96,1.006,-0.47,-6.0,10.1,37.600817,221992.0,33.68,7.5,22.54,1643.72
2020-08-24,-0.494,1.1787,86280.0,-0.4441,20113.36,304828798.0,23.86,1.007,-0.47,-6.0,10.1,38.2878407,176636.0,32.25,8.36,22.37,1635.69
2020-08-25,-0.426,1.1833,99433.0,-0.4441,20030.05,327848815.0,22.76,1.096,-0.47,-6.0,10.1,38.7558274,178305.0,33.03,8.9,22.03,1628.76
2020-08-26,-0.411,1.1829,99767.0,-0.4441,20137.29,336048080.0,24.79,1.086,-0.47,-6.0,10.1,38.5831432,132506.0,33.79,9.25,23.27,1650.77
2020-08-27,-0.403,1.1821,104954.0,-0.4441,19847.38,479171130.0,23.08,1.086,-0.47,-6.0,10.1,38.1438855,102255.0,33.74,9.0,24.47,1631.84
2020-08-28,-0.407,1.1903,95958.0,-0.4441,19841.01,475736243.0,23.19,1.102,-0.47,-6.0,10.1,37.847406,21143.0,32.06,9.75,22.96,1649.88
2020-08-31,-0.398,1.1936,86897.0,-0.4797,19633.69,411640345.0,24.32,1.159,-0.47,-6.0,10.1,37.935584,174307.0,32.59,10.3,26.41,1648.14
2020-09-01,-0.415,1.191,103882.0,-0.4797,19595.02,429280805.0,23.0,1.107,-0.47,-6.0,10.1,38.2703354,206724.0,31.74,11.33,26.12,1653.51
2020-09-02,-0.473,1.1853,102487.0,-0.4797,19858.21,375861084.0,23.57,1.035,-0.47,-6.0,10.1,37.4842581,260137.0,35.49,11.07,26.57,1638.18
2020-09-03,-0.49,1.1849,106374.0,-0.4797,19551.48,460398581.0,23.68,1.062,-0.47,-6.0,10.1,37.1928765,274933.0,41.28,11.84,33.6,1628.66
2020-09-04,-0.478,1.1838,99676.0,-0.4797,19391.25,470672560.0,21.98,1.083,-0.47,-6.0,10.1,36.0366084,270957.0,44.02,11.8,30.75,1632.95
2020-09-07,-0.46,1.1817,72678.0,-0.4797,19738.01,309461542.0,21.98,1.12,-0.47,-6.0,10.1,35.5505424,122980.0,44.02,11.33,30.75,1631.97
2020-09-08,-0.494,1.1779,108807.0,-0.4797,19380.18,431597728.0,22.49,1.103,-0.47,-6.0,10.1,33.7720266,363526.0,55.9,10.88,31.46,1639.51
2020-09-09,-0.461,1.1802,107963.0,-0.4797,19771.32,378273370.0,21.66,1.091,-0.47,-6.0,10.1,34.5617749,278218.0,49.42,10.85,28.81,1648.59
2020-09-10,-0.426,1.1813,97149.0,-0.4797,19820.22,462606677.0,21.26,1.075,-0.47,-6.0,10.1,33.9119918,208856.0,52.16,10.43,29.71,1646.82
2020-09-11,-0.483,1.1845,85263.0,-0.4797,19820.75,357725997.0,20.2,1.041,-0.47,-6.0,10.1,33.6260792,211875.0,50.13,10.51,26.87,1637.15
2020-09-14,-0.477,1.1868,66103.0,-0.4797,19793.8,270291796.0,20.91,1.021,-0.47,-6.0,10.1,33.375386,200092.0,49.41,10.8,25.85,1647.8
2020-09-15,-0.481,1.1845,74092.0,-0.4797,19956.95,337754912.0,20.32,0.999,-0.6,-6.0,10.0,34.2170472,214799.0,45.19,10.93,25.59,1648.95
2020-09-16,-0.481,1.1814,99172.0,-0.4797,19963.99,338233861.0,20.08,0.973,-0.6,-6.0,10.0,35.737119,237248.0,41.13,11.43,26.04,1657.74
2020-09-17,-0.492,1.1847,120765.0,-0.4797,19739.73,444680415.0,19.95,0.956,-0.6,-6.0,10.0,36.54953,237399.0,38.73,11.4,26.46,1640.5
2020-09-18,-0.483,1.1837,101563.0,-0.4797,19524.94,714073687.0,20.22,0.969,-0.6,-6.0,10.0,36.4535515,204656.0,39.07,11.4,25.83,1646.58
2020-09-21,-0.527,1.1769,138822.0,-0.4797,18793.35,575956084.0,21.6,0.941,-0.6,-6.0,10.0,35.2111536,217355.0,42.89,11.43,27.78,1623.96
2020-09-22,-0.502,1.1706,126688.0,-0.4797,18895.59,384961345.0,21.63,0.867,-0.6,-6.0,10.0,35.6397272,210739.0,41.28,11.6,26.86,1622.26
2020-09-23,-0.502,1.1659,138950.0,-0.4797,18929.89,359846887.0,23.43,0.852,-0.6,-6.0,10.0,35.8265467,183876.0,44.64,11.94,28.58,1597.31
2020-09-24,-0.506,1.1672,137599.0,-0.4797,18906.83,413000778.0,23.41,0.878,-0.6,-6.0,10.0,35.932095,162931.0,42.88,11.77,28.51,1599.14
2020-09-25,-0.525,1.163,110259.0,-0.4797,18698.36,404244211.0,22.09,0.898,-0.6,-6.0,10.0,36.044912,129401.0,41.41,11.75,26.38,1599.65
2020-09-28,-0.526,1.1664,66525.0,-0.4797,19160.1,385654470.0,22.01,0.881,-0.6,-6.0,10.0,36.3769362,91824.0,40.64,12.32,26.19,1611.44
2020-09-29,-0.542,1.1742,83243.0,-0.4797,19061.18,290185577.0,23.28,0.841,-0.6,-6.0,10.0,34.9427892,91595.0,46.13,12.66,26.27,1615.26
2020-09-30,-0.521,1.1718,97738.0,-0.4914,19015.27,343267424.0,22.07,0.87,-0.6,-6.0,10.0,34.9463205,19377.0,44.0,11.63,26.37,1608.57
2020-10-01,-0.528,1.1747,124502.0,-0.4914,19061.5,396385682.0,22.39,0.833,-0.6,-6.0,10.0,34.8428904,338718.0,49.35,13.22,26.7,1621.53
2020-10-02,-0.534,1.1713,133931.0,-0.4914,19064.31,371254113.0,22.59,0.789,-0.6,-6.0,10.0,33.5267625,337414.0,55.51,13.0,27.63,1620.07
2020-10-05,-0.512,1.1781,89852.0,-0.4914,19265.51,380939405.0,22.13,0.8,-0.6,-6.0,10.0,35.0477778,273764.0,49.44,13.45,27.96,1623.17
2020-10-06,-0.507,1.1734,116865.0,-0.4914,19429.81,440230004.0,22.79,0.784,-0.6,-6.0,10.0,36.347183,291684.0,46.6,13.2,29.48,1599.65
2020-10-07,-0.493,1.176,110951.0,-0.4914,19435.08,355101984.0,23.28,0.786,-0.6,-6.0,10.0,35.7057766,241200.0,45.5,13.8,28.06,1603.78
2020-10-08,-0.521,1.1758,123242.0,-0.4914,19582.43,366363798.0,21.96,0.758,-0.6,-6.0,10.0,36.8598032,266260.0,41.15,13.95,26.36,1609.88
2020-10-09,-0.532,1.1824,80078.0,-0.4914,19595.38,324307269.0,22.44,0.714,-0.6,-6.0,10.0,36.239959,254615.0,42.38,13.85,25.0,1630.87
2020-10-12,-0.543,1.1813,93745.0,-0.4914,19718.77,302531804.0,22.66,0.674,-0.6,-6.0,10.0,35.3172316,238874.0,44.04,13.82,25.07,1626.31
2020-10-13,-0.554,1.1744,109712.0,-0.4914,19558.69,351485375.0,23.17,0.664,-0.6,-6.0,10.0,36.146175,227845.0,46.07,13.52,26.07,1609.52
2020-10-14,-0.575,1.1746,102001.0,-0.4914,19607.73,306627589.0,21.88,0.658,-0.6,-6.0,10.0,36.880482,279124.0,43.53,14.0,26.4,1618.28
2020-10-15,-0.611,1.1706,93652.0,-0.4914,19065.44,477390497.0,21.73,0.695,-0.24,-6.0,10.0,36.8698616,295275.0,43.83,14.15,26.97,1629.62
2020-10-16,-0.623,1.1718,99825.0,-0.4914,19389.68,447815214.0,21.73,0.655,-0.24,-6.0,10.0,36.6360327,197161.0,43.83,14.5,27.41,1620.21
2020-10-19,-0.627,1.1766,79034.0,-0.4914,19374.21,290278652.0,21.33,0.718,-0.24,-6.0,10.0,36.2231642,209058.0,43.35,14.82,29.18,1617.77
2020-10-20,-0.603,1.1821,80903.0,-0.4914,19482.13,375281281.0,21.54,0.74,-0.24,-6.0,10.0,36.511202,252053.0,43.85,14.86,29.35,1612.19
2020-10-21,-0.588,1.1861,102146.0,-0.4914,19085.95,392793981.0,22.66,0.779,-0.24,-6.0,10.0,35.182563,268884.0,47.58,14.85,28.65,1622.15
2020-10-22,-0.568,1.1816,92339.0,-0.4914,19076.95,375503749.0,21.38,0.803,-0.24,-6.0,10.0,35.9343226,257199.0,46.61,15.34,28.11,1610.43
2020-10-23,-0.572,1.1859,99235.0,-0.4914,19285.41,425542699.0,21.04,0.764,-0.24,-6.0,10.0,35.2221348,205213.0,46.32,15.35,27.55,1602.54
2020-10-26,-0.571,1.1808,84548.0,-0.4914,18945.14,415680364.0,20.93,0.731,-0.24,-6.0,10.0,34.2647648,210531.0,53.05,14.73,32.46,1610.19
2020-10-27,-0.612,1.1795,87253.0,-0.4914,18654.95,429077339.0,20.41,0.704,-0.24,-6.0,10.0,34.930184,207540.0,50.22,14.85,33.35,1616.82
2020-10-28,-0.628,1.1744,110988.0,-0.4914,17897.79,679900601.0,21.93,0.768,-0.24,-6.0,10.0,33.31068,163831.0,59.61,14.4,40.28,1597.56
2020-10-29,-0.637,1.1674,148266.0,-0.4914,17872.28,552011861.0,21.9,0.701,-0.24,-6.0,10.0,32.25099,112491.0,63.38,14.25,37.59,1599.34
2020-10-30,-0.625,1.1647,116352.0,-0.4914,17943.11,470261222.0,23.26,0.718,-0.24,-6.0,10.0,32.1627814,20191.0,68.84,14.0,38.02,1612.3
2020-10-31,-0.625,1.1647,116352.0,-0.5091,17943.11,470261222.0,23.26,0.718,-0.24,-6.0,10.0,32.1627814,20191.0,68.84,14.0,38.02,1612.3
2020-11-02,-0.638,1.164,87869.0,-0.5091,18400.03,472405032.0,23.74,0.716,-0.24,-6.0,10.0,33.4795167,326074.0,66.73,13.7,37.13,1627.83
2020-11-03,-0.621,1.1711,89576.0,-0.5091,18986.24,537178729.0,23.32,0.699,-0.24,-6.0,10.0,33.908369,278628.0,63.63,13.75,35.55,1629.02
2020-11-04,-0.638,1.1722,143658.0,-0.5091,19358.28,571091244.0,20.49,0.661,-0.24,-6.0,10.0,35.173313,250866.0,54.53,14.05,29.57,1622.67
2020-11-05,-0.634,1.1821,124204.0,-0.5091,19731.38,497399980.0,22.0,0.633,-0.24,-6.0,10.0,34.6247335,219195.0,53.69,14.27,27.58,1647.55
2020-11-06,-0.617,1.1872,133317.0,-0.5091,19681.68,471238035.0,21.1,0.618,-0.24,-6.0,10.0,33.229524,255440.0,55.75,13.9,24.86,1643.24
2020-11-09,-0.508,1.1813,151736.0,-0.5091,20750.18,1136870397.0,21.86,0.72,-0.24,-6.0,10.0,35.892872,393050.0,52.2,13.9,25.75,1576.1
2020-11-10,-0.48,1.1814,164323.0,-0.5091,20851.58,936791375.0,20.46,0.724,-0.24,-6.0,10.0,36.9136845,315249.0,49.64,14.1,24.8,1587.71
2020-11-11,-0.503,1.1777,142791.0,-0.5091,20993.02,587145869.0,19.14,0.7,-0.24,-6.0,10.0,37.191018,346768.0,49.24,14.13,23.45,1583.06
2020-11-12,-0.535,1.1804,136876.0,-0.5091,20817.73,543216522.0,18.98,0.65,-0.24,-6.0,10.0,36.8773101,266038.0,50.9,14.1,25.35,1589.17
2020-11-13,-0.548,1.1832,117641.0,-0.5091,20903.58,426848453.0,17.74,0.636,-0.24,-6.0,10.0,36.1563726,216736.0,48.24,14.32,23.1,1595.17
2020-11-15,-0.548,1.1832,117641.0,-0.5091,20903.58,426848453.0,17.74,0.636,-0.24,-5.5,9.5,36.1563726,216736.0,48.24,14.32,23.1,1595.17
2020-11-16,-0.545,1.1853,84284.0,-0.5091,21317.01,682567321.0,18.31,0.616,-0.24,-5.5,9.5,36.9696194,268433.0,46.89,14.45,22.45,1592.92
2020-11-17,-0.561,1.1861,87185.0,-0.5091,21435.11,491659323.0,17.54,0.603,-0.24,-5.5,9.5,36.885625,226352.0,45.08,13.82,22.71,1583.95
2020-11-18,-0.554,1.1852,129048.0,-0.5091,21622.66,587685317.0,17.67,0.615,-0.24,-5.5,9.5,37.4114316,242879.0,46.06,13.6,23.84,1578.92
2020-11-19,-0.569,1.1873,113767.0,-0.5091,21536.24,513106160.0,17.96,0.61,-0.24,-5.5,9.5,37.22745,210299.0,46.34,12.95,23.11,1570.84
2020-11-20,-0.583,1.1853,103337.0,-0.5091,21706.96,493720873.0,17.72,0.599,-0.24,-5.5,9.5,37.9314032,264010.0,43.94,12.95,23.7,1577.54
2020-11-23,-0.578,1.184,86128.0,-0.5091,21701.79,548503594.0,18.98,0.583,-0.24,-5.5,9.5,38.9018154,267249.0,42.79,13.65,22.66,1551.7
2020-11-24,-0.565,1.1888,96606.0,-0.5091,22145.06,721630204.0,20.09,0.573,-0.24,-5.5,9.5,40.2588748,263239.0,42.84,13.9,21.64,1519.2
2020-11-25,-0.572,1.1913,105993.0,-0.5091,22303.58,641951259.0,19.75,0.577,-0.24,-5.5,9.5,40.8042062,231031.0,43.56,13.79,21.25,1516.61
2020-11-26,-0.587,1.1913,78636.0,-0.5091,22201.44,541595948.0,19.75,0.566,-0.24,-5.5,9.5,40.124276,88757.0,43.56,14.1,21.25,1519.44
2020-11-27,-0.585,1.1962,72265.0,-0.5091,22352.46,583607479.0,19.09,0.56,-0.24,-5.5,9.5,40.2775164,87751.0,46.21,14.52,20.84,1494.47
2020-11-30,-0.571,1.1928,74001.0,-0.5209,22060.98,734672165.0,19.69,0.585,-0.24,-5.5,9.5,39.8975524,20676.0,47.37,14.87,20.57,1488.93
2020-12-01,-0.524,1.207,100325.0,-0.5209,22099.92,578774352.0,19.61,0.642,-0.24,-5.5,9.5,39.28747,258685.0,47.81,14.89,20.77,1503.35
2020-12-02,-0.521,1.2115,105233.0,-0.5209,21972.2,543377917.0,19.42,0.604,-0.24,-5.5,9.5,39.826515,285740.0,45.68,15.0,21.17,1510.35
2020-12-03,-0.548,1.214,132125.0,-0.5209,22007.4,425138446.0,19.61,0.567,-0.24,-5.5,9.5,40.1234012,274725.0,40.95,13.95,21.28,1515.35
2020-12-04,-0.543,1.212,131095.0,-0.5209,22178.8,507922145.0,18.95,0.593,-0.24,-5.5,9.5,40.63519,253637.0,38.34,14.57,20.79,1515.68
2020-12-07,-0.585,1.2108,130846.0,-0.5209,22107.18,351279120.0,19.79,0.577,-0.24,-5.5,9.5,40.295661,207513.0,37.68,14.18,21.3,1537.52
2020-12-08,-0.613,1.2101,150889.0,-0.5209,22053.42,275971204.0,19.86,0.551,-0.24,-5.5,9.5,40.3603992,225236.0,37.7,14.4,20.68,1544.32
2020-12-09,-0.605,1.2081,134039.0,-0.5209,21969.59,471702783.0,20.26,0.542,-0.24,-5.5,9.5,40.443865,267786.0,39.52,14.78,22.27,1522.13
2020-12-10,-0.602,1.2136,94875.0,-0.5209,21915.51,450860116.0,19.66,0.527,-0.24,-5.5,9.5,41.4054975,288732.0,39.7,15.57,22.52,1512.51
2020-12-11,-0.638,1.2111,86534.0,-0.5209,21702.16,428052944.0,19.24,0.522,-0.24,-5.5,9.5,41.260229,231871.0,39.51,15.85,23.31,1517.98
2020-12-14,-0.618,1.2143,92552.0,-0.5209,21759.73,389977722.0,19.43,0.511,-0.24,-5.5,9.5,41.4148208,236959.0,39.96,16.45,24.72,1504.01
2020-12-15,-0.61,1.2151,121015.0,-0.5209,21935.05,347534014.0,19.75,0.483,-0.12,-5.5,9.7,41.7744648,190547.0,39.34,17.15,22.89,1524.55
2020-12-16,-0.568,1.2197,141796.0,-0.5209,21986.52,447186999.0,19.39,0.504,-0.12,-5.5,9.7,41.8789596,222737.0,38.68,16.27,22.5,1527.98
2020-12-17,-0.577,1.2266,118833.0,-0.5209,22012.07,456360952.0,20.1,0.506,-0.12,-5.5,9.7,41.98589,233882.0,36.86,16.25,21.93,1536.34
2020-12-18,-0.572,1.2255,103629.0,-0.5209,21976.12,653820854.0,19.58,0.536,-0.12,-5.5,9.7,42.6436374,246122.0,37.15,15.88,21.57,1534.11
2020-12-21,-0.581,1.2242,162422.0,-0.5209,21410.51,596283787.0,19.8,0.543,-0.12,-5.5,9.7,41.5863426,288737.0,41.56,16.95,25.16,1532.33
2020-12-22,-0.591,1.2161,179411.0,-0.5209,21844.33,307522330.0,19.5,0.522,-0.12,-5.5,9.7,41.180784,194100.0,42.06,17.55,24.23,1528.72
2020-12-23,-0.543,1.2185,197789.0,-0.5209,22130.18,306654638.0,18.87,0.562,-0.12,-5.5,9.7,42.018816,182631.0,39.89,17.42,23.31,1536.16
2020-12-24,-0.549,1.2186,134452.0,-0.5209,22130.18,306654638.0,18.99,0.564,-0.12,-5.5,9.7,42.0890869,96688.0,39.41,17.6,21.53,1539.08
2020-12-25,-0.549,1.2204,14418.0,-0.5209,22130.18,306654638.0,18.99,0.564,-0.12,-5.5,9.7,42.0890869,96688.0,39.41,17.6,21.53,1536.55
2020-12-28,-0.563,1.2214,77766.0,-0.5209,22288.52,260519673.0,20.2,0.509,-0.12,-5.5,9.7,41.6406078,81059.0,39.67,17.6,21.7,1531.84
2020-12-29,-0.576,1.2247,98533.0,-0.5209,22259.35,229758764.0,19.53,0.522,-0.12,-5.5,9.7,41.7165177,91332.0,38.64,18.88,23.08,1532.9
2020-12-30,-0.57,1.2295,104536.0,-0.5209,22232.9,224887379.0,20.06,0.525,-0.12,-5.5,9.7,41.7568756,17631.0,38.01,18.9,22.77,1539.87
2020-12-31,-0.575,1.2213,89059.0,-0.5381,22232.9,224887379.0,20.79,0.521,-0.12,-5.5,9.7,42.41384,133224.0,37.83,19.08,22.75,1553.65
2021-01-01,-0.575,1.2212,89059.0,-0.5381,22232.9,224887379.0,20.79,0.521,-0.12,-5.5,9.7,42.41384,133224.0,37.83,19.23,22.75,1563.38
2021-01-04,-0.599,1.2248,100680.0,-0.5381,22315.87,432600339.0,21.86,0.52,-0.12,-5.5,9.7,41.7129414,382895.0,42.12,19.75,26.97,1585.24
2021-01-05,-0.584,1.2294,107741.0,-0.5381,22200.6,381948564.0,22.14,0.534,-0.12,-5.5,9.7,43.59824,455351.0,40.39,18.2,25.34,1584.92
2021-01-06,-0.546,1.2325,109235.0,-0.5381,22734.32,672067997.0,21.7,0.541,-0.12,-5.5,9.7,44.056848,414408.0,39.31,17.5,25.07,1555.43
2021-01-07,-0.546,1.227,109242.0,-0.5381,22746.08,476763737.0,20.66,0.531,-0.12,-5.5,9.7,44.3197,267188.0,36.06,19.45,22.37,1558.43
2021-01-08,-0.517,1.2218,99672.0,-0.5381,22793.94,447809206.0,22.16,0.498,-0.12,-5.5,9.7,45.8255754,336650.0,36.65,20.6,21.56,1512.53
2021-01-11,-0.491,1.2149,123216.0,-0.5381,22722.01,358993418.0,20.65,0.54,-0.12,-5.5,9.7,45.8143026,295066.0,35.31,22.6,24.08,1516.26
2021-01-12,-0.469,1.2207,117451.0,-0.5381,22646.07,459404687.0,20.01,0.64,-0.12,-5.5,9.7,46.350336,288141.0,33.85,25.17,23.33,1518.79
2021-01-13,-0.524,1.2157,103135.0,-0.5381,22743.65,388253210.0,18.8,0.557,-0.12,-5.5,9.7,46.1132742,324295.0,36.79,22.5,22.21,1517.3
2021-01-14,-0.548,1.2156,100480.0,-0.5381,22637.72,405187085.0,19.21,0.609,-0.12,-5.5,9.7,46.4133488,331293.0,37.95,21.3,23.25,1517.93
2021-01-15,-0.542,1.2078,105009.0,-0.5381,22381.35,434287834.0,19.04,0.583,0.48,-5.5,10.2,45.620045,298410.0,40.39,20.02,24.34,1511.83
2021-01-18,-0.525,1.2076,91538.0,-0.5381,22498.89,335089298.0,19.04,0.604,0.48,-5.5,10.2,45.3379275,142865.0,40.39,18.95,24.34,1520.6
2021-01-19,-0.527,1.2128,98734.0,-0.5381,22441.72,386351163.0,18.87,0.557,0.48,-5.5,10.2,46.091786,261102.0,35.37,20.42,23.24,1516.64
2021-01-20,-0.529,1.2104,111478.0,-0.5381,22650.78,380508525.0,18.95,0.585,0.48,-5.5,10.2,46.3316136,310886.0,35.67,20.0,21.58,1545.64
2021-01-21,-0.498,1.2162,118935.0,-0.5381,22428.93,407667661.0,18.85,0.661,0.48,-5.5,10.2,46.127103,254591.0,35.05,19.9,21.32,1536.32
2021-01-22,-0.513,1.2167,108289.0,-0.5381,22088.36,455886587.0,18.42,0.707,0.48,-5.5,10.2,45.541479,269369.0,36.25,21.65,21.91,1522.35
2021-01-25,-0.55,1.2137,109582.0,-0.5381,21735.95,444515287.0,18.51,0.648,0.48,-5.5,10.2,46.0412084,198274.0,38.02,20.25,23.19,1528.25
2021-01-26,-0.531,1.216,110110.0,-0.5381,21987.0,370538452.0,17.88,0.612,0.48,-5.5,10.2,45.9787067,163201.0,37.13,19.7,23.02,1521.47
2021-01-27,-0.549,1.2108,149640.0,-0.5381,21662.73,460640189.0,18.47,0.614,0.48,-5.5,10.2,46.093479,132411.0,40.21,19.56,37.21,1521.99
2021-01-28,-0.542,1.2121,194468.0,-0.5381,21916.5,421309161.0,19.38,0.642,0.48,-5.5,10.2,45.8128053,122476.0,40.45,21.17,30.21,1519.5
2021-01-29,-0.52,1.2136,181150.0,-0.5381,21572.53,430738481.0,20.64,0.65,0.48,-5.5,10.2,46.0445612,19936.0,40.2,20.1,33.09,1521.04
2021-01-31,-0.52,1.2136,181150.0,-0.5472,21572.53,430738481.0,20.64,0.65,0.48,-5.5,10.2,46.0445612,19936.0,40.2,20.1,33.09,1521.04
2021-02-01,-0.513,1.2059,150236.0,-0.5472,21825.51,320779305.0,21.81,0.624,0.48,-5.5,10.2,46.728801,288247.0,39.16,18.1,30.24,1542.25
2021-02-02,-0.488,1.2042,165348.0,-0.5472,22066.87,385385112.0,19.61,0.654,0.48,-5.5,10.2,47.7165078,337679.0,38.62,18.38,25.56,1525.19
2021-02-03,-0.467,1.2034,140664.0,-0.5472,22527.9,788305201.0,18.45,0.589,0.48,-5.5,10.2,48.5790908,276856.0,37.11,17.6,22.91,1523.34
2021-02-04,-0.456,1.1962,116513.0,-0.5472,22900.55,585655738.0,19.3,0.551,0.48,-5.5,10.2,49.1890632,244072.0,35.37,17.95,21.77,1499.03
2021-02-05,-0.443,1.2042,106011.0,-0.5472,23083.42,763260518.0,18.7,0.543,0.48,-5.5,10.2,49.2777162,229424.0,34.94,18.42,20.87,1503.91
2021-02-08,-0.443,1.2048,150884.0,-0.5472,23425.92,677058763.0,18.45,0.516,0.48,-5.5,10.2,50.2654056,269312.0,34.48,19.72,21.24,1519.01
2021-02-09,-0.448,1.2117,134121.0,-0.5472,23300.49,435700203.0,18.35,0.514,0.48,-5.5,10.2,50.4169661,319502.0,33.54,19.3,21.63,1515.84
2021-02-10,-0.438,1.2116,125153.0,-0.5472,23264.68,449557439.0,18.57,0.506,0.48,-5.5,10.2,50.7342645,287707.0,33.77,18.27,21.99,1520.61
2021-02-11,-0.458,1.2128,103484.0,-0.5472,23307.24,391629508.0,18.31,0.461,0.48,-5.5,10.2,50.4123756,209685.0,34.33,17.6,21.25,1504.38
2021-02-12,-0.43,1.2118,96592.0,-0.5472,23410.6,355015681.0,18.08,0.488,0.48,-5.5,10.2,51.5184846,307715.0,34.25,17.8,19.97,1504.26
2021-02-15,-0.384,1.2127,86107.0,-0.5472,23604.31,438025668.0,18.08,0.53,0.6,1.8,10.1,52.197813,220383.0,34.25,16.35,19.97,1498.94
2021-02-16,-0.349,1.2104,123987.0,-0.5472,23440.81,372745247.0,19.57,0.567,0.6,1.8,10.1,52.3378695,284666.0,35.13,16.73,21.46,1481.62
2021-02-17,-0.363,1.2036,134239.0,-0.5472,23178.56,391642584.0,20.49,0.587,0.6,1.8,10.1,53.4562456,391262.0,36.9,16.52,21.5,1474.7
2021-02-18,-0.342,1.2088,126813.0,-0.5472,22921.83,385295071.0,19.66,0.655,0.6,1.8,10.1,52.8873711,420556.0,37.9,17.3,22.49,1467.99
2021-02-19,-0.313,1.2117,128468.0,-0.5472,23136.31,451362077.0,19.26,0.622,0.6,1.8,10.1,51.9189939,305827.0,37.76,16.45,22.05,1470.43
2021-02-22,-0.346,1.2154,111600.0,-0.5472,23009.18,377444956.0,19.12,0.599,0.6,1.8,10.1,53.6775148,213746.0,38.57,15.87,23.45,1488.23
2021-02-23,-0.319,1.2149,149819.0,-0.5472,22939.38,508987307.0,18.3,0.645,0.6,1.8,10.1,53.8067007,231183.0,39.75,16.4,23.11,1485.59
2021-02-24,-0.304,1.2164,130683.0,-0.5472,23098.15,879138678.0,18.31,0.692,0.6,1.8,10.1,55.113584,129712.0,39.58,16.23,21.34,1483.48
2021-02-25,-0.227,1.2176,179314.0,-0.5472,23063.55,695998384.0,21.26,0.794,0.6,1.8,10.1,54.9278752,109645.0,40.58,15.8,28.89,1453.22
2021-02-26,-0.257,1.2074,158337.0,-0.5472,22848.58,561491552.0,21.08,0.771,0.6,1.8,10.1,54.7708499,16102.0,42.49,15.93,27.95,1435.25
2021-02-28,-0.257,1.2074,158337.0,-0.5411,22848.58,561491552.0,21.08,0.771,0.6,1.8,10.1,54.7708499,16102.0,42.49,15.93,27.95,1435.25
2021-03-01,-0.333,1.2047,138895.0,-0.5411,23264.86,475925039.0,21.33,0.668,0.6,1.8,10.1,52.8677952,291908.0,42.56,16.05,23.35,1431.01
2021-03-02,-0.348,1.2089,117172.0,-0.5411,23083.55,444498489.0,20.06,0.683,0.6,1.8,10.1,51.86544,367119.0,40.96,15.8,24.1,1437.05
2021-03-03,-0.297,1.2062,125206.0,-0.5411,23046.77,610081917.0,20.93,0.751,0.6,1.8,10.1,53.1172335,341674.0,39.83,15.58,26.67,1417.74
2021-03-04,-0.311,1.1966,130053.0,-0.5411,23093.1,505106172.0,21.61,0.756,0.6,1.8,10.1,55.774618,510680.0,37.27,15.88,28.57,1417.25
2021-03-05,-0.304,1.1917,121584.0,-0.5411,22965.63,599011136.0,20.21,0.765,0.6,1.8,10.1,58.2027504,361763.0,36.61,16.42,24.66,1427.02
2021-03-08,-0.28,1.1843,119384.0,-0.5411,23681.57,660478962.0,20.64,0.755,0.6,1.8,10.1,57.6204912,352594.0,38.89,16.3,25.47,1420.41
2021-03-09,-0.303,1.1898,127754.0,-0.5411,23816.5,609586279.0,19.54,0.698,0.6,1.8,10.1,56.7492096,302605.0,37.97,17.08,24.03,1441.46
2021-03-10,-0.311,1.1925,111859.0,-0.5411,23925.96,599918880.0,18.55,0.68,0.6,1.8,10.1,56.938903,361943.0,37.56,17.67,22.56,1447.26
2021-03-11,-0.331,1.1984,104723.0,-0.5411,24121.37,749086687.0,18.21,0.608,0.6,1.8,10.1,58.1027535,289609.0,37.86,18.06,21.91,1436.61
2021-03-12,-0.295,1.1952,107514.0,-0.5411,24113.22,583290786.0,18.36,0.639,0.6,1.8,10.1,57.9149896,251538.0,37.51,18.5,20.69,1443.97
2021-03-15,-0.337,1.1928,96798.0,-0.5411,24139.45,519599934.0,17.86,0.603,0.83,1.8,10.2,57.7462368,262595.0,39.38,17.85,20.03,1451.1
2021-03-16,-0.339,1.19,96889.0,-0.5411,24261.12,547757310.0,17.93,0.625,0.83,1.8,10.2,57.4708526,248993.0,39.1,17.25,19.79,1454.18
2021-03-17,-0.293,1.1978,101585.0,-0.5411,24281.05,500169297.0,17.24,0.699,0.83,1.8,10.2,56.77048,309756.0,37.4,18.15,19.23,1456.25
2021-03-18,-0.265,1.1915,98752.0,-0.5411,24360.49,624093308.0,17.79,0.689,0.83,1.8,10.2,53.1096384,516083.0,48.44,17.4,21.58,1457.02
2021-03-19,-0.294,1.1903,108423.0,-0.5411,24199.42,1238439967.0,16.57,0.672,0.83,1.8,10.2,54.2129436,446114.0,44.38,17.27,20.95,1465.43
2021-03-22,-0.31,1.1931,99731.0,-0.5411,24262.84,448927345.0,16.47,0.653,0.83,1.8,10.2,54.161253,236341.0,40.28,18.11,18.88,1456.36
2021-03-23,-0.342,1.1849,94563.0,-0.5411,24113.86,464538898.0,16.69,0.604,0.83,1.8,10.2,51.3037205,392600.0,48.62,18.35,20.3,1456.79
2021-03-24,-0.356,1.1812,124607.0,-0.5411,24208.66,395181006.0,15.7,0.592,0.83,1.8,10.2,54.529506,255118.0,64.91,18.27,21.2,1467.91
2021-03-25,-0.385,1.1764,109844.0,-0.5411,24218.55,453740127.0,15.58,0.583,0.83,1.8,10.2,52.6605975,202575.0,49.88,18.27,19.81,1467.79
2021-03-26,-0.349,1.1796,101875.0,-0.5411,24393.26,457711212.0,15.48,0.616,0.83,1.8,10.2,54.7385718,147735.0,44.93,18.75,18.86,1468.33
2021-03-29,-0.32,1.1762,84187.0,-0.5411,24421.4,377326931.0,17.23,0.644,0.83,1.8,10.2,55.245996,91745.0,44.16,18.36,20.74,1454.44
2021-03-30,-0.277,1.1714,73522.0,-0.5411,24636.39,462403653.0,18.3,0.692,0.83,1.8,10.2,54.7550352,74364.0,41.46,18.9,19.61,1437.52
2021-03-31,-0.292,1.1728,109162.0,-0.5391,24648.56,434928930.0,17.07,0.663,0.83,1.8,10.2,54.1780164,9696.0,45.65,18.92,19.4,1455.22
2021-04-01,-0.325,1.1775,114052.0,-0.5391,24710.0,367029653.0,16.74,0.633,0.83,1.8,10.2,55.0830036,480365.0,40.15,19.08,17.33,1467.86
2021-04-02,-0.325,1.1762,46836.0,-0.5391,24710.0,367029653.0,16.74,0.633,0.83,1.8,10.2,55.0830036,480365.0,40.15,19.05,17.33,1469.35
2021-04-05,-0.325,1.1811,39427.0,-0.5391,24710.0,367029653.0,17.08,0.633,0.83,1.8,10.2,52.6205405,231780.0,42.0,19.05,17.91,1462.03
2021-04-06,-0.315,1.1875,81856.0,-0.5391,24761.12,434526175.0,16.76,0.7,0.83,1.8,10.2,52.8339814,307867.0,42.41,19.67,18.12,1467.49
2021-04-07,-0.318,1.187,105521.0,-0.5391,24740.73,333287317.0,16.11,0.706,0.83,1.8,10.2,53.2097736,321390.0,41.27,19.33,17.16,1463.02
2021-04-08,-0.334,1.1912,87064.0,-0.5391,24576.51,474760598.0,15.72,0.668,0.83,1.8,10.2,53.055768,265179.0,40.7,19.0,16.95,1473.09
2021-04-09,-0.297,1.1896,83395.0,-0.5391,24429.41,374601723.0,15.3,0.741,0.83,1.8,10.2,52.917029,216243.0,39.19,19.08,16.69,1464.17
2021-04-12,-0.293,1.1909,97853.0,-0.5391,24457.18,269571240.0,14.88,0.739,0.83,1.8,10.2,53.136216,257839.0,37.04,19.73,16.91,1454.26
2021-04-13,-0.289,1.1946,104201.0,-0.5391,24600.35,353958473.0,14.26,0.758,0.83,1.8,10.2,53.298157,242406.0,35.2,19.55,16.65,1459.97
2021-04-14,-0.263,1.1978,108551.0,-0.5391,24574.74,326141933.0,14.69,0.782,0.83,1.8,10.2,55.5849788,323041.0,35.7,19.75,16.99,1448.89
2021-04-15,-0.293,1.1965,127723.0,-0.5391,24528.69,317438829.0,15.36,0.732,1.07,1.8,10.3,55.9464438,240308.0,34.2,20.13,16.57,1472.96
2021-04-16,-0.262,1.1983,107292.0,-0.5391,24744.38,395037304.0,15.32,0.752,1.07,1.8,10.3,55.7209004,212200.0,32.79,20.63,16.25,1481.6
2021-04-19,-0.236,1.2033,82290.0,-0.5391,24691.46,324837660.0,16.01,0.793,1.07,1.8,10.3,55.7219025,193810.0,35.07,21.0,17.29,1471.35
2021-04-20,-0.257,1.2033,109149.0,-0.5391,24088.65,456679557.0,15.59,0.781,1.07,1.8,10.3,55.3229985,328240.0,35.68,21.08,18.68,1477.43
2021-04-21,-0.259,1.2033,116317.0,-0.5391,24161.38,360222356.0,16.41,0.758,1.07,1.8,10.3,54.284186,260879.0,42.44,21.25,17.5,1489.77
2021-04-22,-0.255,1.2015,114062.0,-0.5391,24398.41,299136065.0,16.05,0.757,1.07,1.8,10.3,54.431766,242474.0,39.39,21.2,18.71,1484.22
2021-04-23,-0.257,1.2099,94698.0,-0.5391,24386.09,252467117.0,15.74,0.782,1.07,1.8,10.3,54.6405761,187900.0,38.7,19.65,17.33,1468.47
2021-04-26,-0.255,1.2083,94160.0,-0.5391,24513.84,318567011.0,15.51,0.799,1.07,1.8,10.3,54.3325965,257581.0,41.23,20.03,17.64,1473.98
2021-04-27,-0.252,1.209,117363.0,-0.5391,24473.06,296045558.0,14.77,0.824,1.07,1.8,10.3,54.9379746,222915.0,38.44,21.64,17.56,1468.53
2021-04-28,-0.231,1.2123,87029.0,-0.5391,24459.57,357370584.0,14.79,0.831,1.07,1.8,10.3,55.4896776,148949.0,36.42,21.7,17.28,1468.85
2021-04-29,-0.192,1.2118,104129.0,-0.5391,24278.2,439223638.0,14.54,0.875,1.07,1.8,10.3,56.5770832,91524.0,36.37,22.33,17.61,1461.81
2021-04-30,-0.2,1.2018,94174.0,-0.5382,24141.16,464199978.0,14.58,0.866,1.07,1.8,10.3,55.9580525,14843.0,38.39,22.95,18.61,1471.13
2021-05-03,-0.203,1.2061,68487.0,-0.5382,24419.97,311724375.0,15.65,0.841,1.07,1.8,10.3,56.0153472,148711.0,40.15,23.88,18.31,1485.75
2021-05-04,-0.238,1.2013,118321.0,-0.5382,23977.53,445303568.0,15.91,0.819,1.07,1.8,10.3,57.3377784,249641.0,37.15,23.05,19.48,1479.98
2021-05-05,-0.231,1.2005,121931.0,-0.5382,24463.89,382990234.0,15.7,0.854,1.07,1.8,10.3,57.4429904,283725.0,38.33,23.92,19.15,1487.77
2021-05-06,-0.23,1.2064,108324.0,-0.5382,24495.07,732681999.0,16.57,0.874,1.07,1.8,10.3,56.4404819,273282.0,37.74,24.3,18.39,1503.64
2021-05-07,-0.219,1.2163,89192.0,-0.5382,24612.04,435968894.0,16.46,0.923,1.07,1.8,10.3,56.1377676,262581.0,37.63,24.25,16.69,1504.78
2021-05-10,-0.211,1.2129,110400.0,-0.5382,24802.9,502226112.0,17.19,0.889,1.07,1.8,10.3,56.3277904,265604.0,37.99,25.0,19.66,1512.98
2021-05-11,-0.16,1.2146,118043.0,-0.5382,24396.01,520032704.0,17.17,0.942,1.07,1.8,10.3,56.438586,321857.0,37.93,26.1,21.84,1511.93
2021-05-12,-0.125,1.2069,102133.0,-0.5382,24452.93,482207824.0,17.56,0.981,1.07,1.8,10.3,57.4364724,310299.0,36.94,26.0,27.59,1503.19
2021-05-13,-0.113,1.2078,98848.0,-0.5382,24486.01,434877050.0,17.1,1.017,1.07,1.8,10.3,55.5140475,311999.0,37.94,26.17,23.13,1511.25
2021-05-14,-0.123,1.214,76084.0,-0.5382,24766.09,405360345.0,16.75,1.076,1.07,1.8,10.3,56.5978012,286132.0,36.46,26.65,18.81,1517.51
2021-05-15,-0.123,1.214,76084.0,-0.5382,24766.09,405360345.0,16.75,1.076,1.31,19.3,9.9,56.5978012,286132.0,36.46,26.65,18.81,1517.51
2021-05-17,-0.116,1.2151,84678.0,-0.5382,24862.68,409875064.0,17.62,1.114,1.31,19.3,9.9,57.1641908,230775.0,36.42,25.6,19.72,1535.41
2021-05-18,-0.11,1.222,90301.0,-0.5382,24880.45,439499002.0,17.0,1.096,1.31,19.3,9.9,56.2274543,378016.0,37.01,24.5,21.34,1529.11
2021-05-19,-0.11,1.2172,97652.0,-0.5382,24486.69,458337275.0,17.79,1.118,1.31,19.3,9.9,54.7651896,386890.0,38.82,23.35,22.18,1534.9
2021-05-20,-0.107,1.2226,101343.0,-0.5382,24702.11,387799283.0,17.29,1.055,1.31,19.3,9.9,53.2554223,388162.0,39.43,24.48,20.67,1534.82
2021-05-21,-0.127,1.2179,98553.0,-0.5382,24975.0,462066550.0,16.47,1.038,1.31,19.3,9.9,54.5532196,257641.0,39.34,24.88,20.15,1543.84
2021-05-24,-0.14,1.2215,89843.0,-0.5382,24891.24,313590788.0,16.91,1.018,1.31,19.3,9.9,56.0461482,227254.0,35.54,24.64,18.4,1538.22
2021-05-25,-0.164,1.225,94462.0,-0.5382,24892.9,384107852.0,17.09,0.966,1.31,19.3,9.9,56.0410545,183131.0,36.23,25.63,18.84,1549.53
2021-05-26,-0.203,1.219,81357.0,-0.5382,24778.04,408740554.0,16.81,0.924,1.31,19.3,9.9,56.4968158,134619.0,33.89,25.9,17.36,1555.22
2021-05-27,-0.172,1.2192,88032.0,-0.5382,25056.19,636884793.0,16.15,0.938,1.31,19.3,9.9,56.9717866,86513.0,33.63,25.04,16.74,1555.18
2021-05-28,-0.184,1.2189,66946.0,-0.5382,25169.39,339212808.0,16.08,0.915,1.31,19.3,9.9,57.1251483,21263.0,33.54,25.05,16.76,1560.62
2021-05-31,-0.183,1.2225,75220.0,-0.5401,25170.55,228536467.0,16.08,0.917,1.31,19.3,9.9,56.70376,80181.0,33.54,25.2,16.76,1560.15
2021-06-01,-0.175,1.2211,73682.0,-0.5401,25321.82,368281263.0,16.09,0.904,1.31,19.3,9.9,57.5298325,302490.0,33.43,25.8,17.9,1555.37
2021-06-02,-0.196,1.2209,67037.0,-0.5401,25379.69,288084596.0,15.65,0.883,1.31,19.3,9.9,58.4406445,221631.0,32.77,25.8,17.48,1562.24
2021-06-03,-0.183,1.2124,59684.0,-0.5401,25452.33,337004070.0,15.95,0.897,1.31,19.3,9.9,58.8172011,229785.0,33.89,25.67,18.04,1541.86
2021-06-04,-0.209,1.2165,63128.0,-0.5401,25570.46,344696352.0,15.83,0.872,1.31,19.3,9.9,59.0957367,222000.0,31.76,25.85,16.42,1553.97
2021-06-07,-0.197,1.2189,47634.0,-0.5401,25824.71,402527810.0,15.57,0.919,1.31,19.3,9.9,58.6511109,224334.0,31.7,26.75,16.42,1557.51
2021-06-08,-0.223,1.2171,58817.0,-0.5401,25809.16,381594997.0,15.59,0.868,1.31,19.3,9.9,59.3381186,285225.0,31.95,27.65,17.07,1554.48
2021-06-09,-0.247,1.2178,58041.0,-0.5401,25741.75,263931493.0,15.43,0.832,1.31,19.3,9.9,59.303453,266374.0,31.79,27.98,17.89,1549.95
2021-06-10,-0.247,1.2169,77810.0,-0.5401,25638.19,321813174.0,15.5,0.804,1.31,19.3,9.9,59.5940352,346576.0,33.03,27.7,16.1,1559.21
2021-06-11,-0.269,1.2106,79625.0,-0.5401,25717.42,245868641.0,15.21,0.75,1.31,19.3,9.9,60.0448476,276476.0,32.55,28.15,15.65,1550.03
2021-06-14,-0.254,1.2118,49584.0,-0.5401,25757.83,274146307.0,16.13,0.774,1.31,19.3,9.9,60.1255292,200722.0,33.13,28.69,16.39,1539.4
2021-06-15,-0.23,1.2124,61730.0,-0.5401,25736.75,306929483.0,16.26,0.791,1.31,19.3,9.5,61.0276919,228619.0,31.56,27.98,17.02,1532.34
2021-06-16,-0.246,1.1994,79830.0,-0.5401,25767.54,314186905.0,16.3,0.778,1.31,19.3,9.5,62.0226625,306090.0,33.83,28.05,18.15,1510.01
2021-06-17,-0.19,1.1906,88241.0,-0.5401,25713.6,371570686.0,17.66,0.828,1.31,19.3,9.5,61.3806228,336640.0,36.84,28.19,17.75,1488.11
2021-06-18,-0.203,1.186,101780.0,-0.5401,25218.16,731036997.0,17.9,0.869,1.31,19.3,9.5,61.9814267,231547.0,33.95,29.6,20.7,1486.34
2021-06-21,-0.173,1.1915,107092.0,-0.5401,25397.72,317477161.0,16.91,0.877,1.31,19.3,9.5,62.862072,265470.0,35.01,29.5,17.89,1495.69
2021-06-22,-0.161,1.1938,76874.0,-0.5401,25315.57,259562461.0,16.66,0.898,1.31,19.3,9.5,62.6653446,294724.0,34.28,30.9,16.66,1489.17
2021-06-23,-0.179,1.1925,64071.0,-0.5401,25077.14,263817776.0,16.2,0.894,1.31,19.3,9.5,63.0520783,229037.0,34.68,31.55,16.32,1490.79
2021-06-24,-0.186,1.193,77341.0,-0.5401,25422.22,327891551.0,15.7,0.868,1.31,19.3,9.5,63.3359032,165052.0,32.05,31.58,15.97,1487.25
2021-06-25,-0.156,1.1933,61858.0,-0.5401,25510.5,243548294.0,15.29,0.924,1.31,19.3,9.5,63.8396018,172413.0,31.3,32.35,15.62,1491.74
2021-06-28,-0.186,1.1924,51122.0,-0.5401,25227.1,279356826.0,15.36,0.882,1.31,19.3,9.5,62.6296352,142108.0,31.86,32.5,15.76,1490.52
2021-06-29,-0.173,1.1895,57475.0,-0.5401,25357.36,308238475.0,16.19,0.878,1.31,19.3,9.5,62.8499844,94942.0,31.99,33.58,16.02,1479.7
2021-06-30,-0.203,1.1855,60663.0,-0.5429,25102.04,379004648.0,15.97,0.827,1.31,19.3,9.5,63.3744089,15062.0,32.74,35.2,15.83,1492.4
2021-07-01,-0.2,1.1848,53043.0,-0.5429,25286.06,288354958.0,15.8,0.808,1.31,19.3,9.5,64.0104768,405155.0,32.47,35.9,15.48,1498.47
2021-07-02,-0.235,1.1864,62365.0,-0.5429,25282.41,242390444.0,15.28,0.777,1.31,19.3,9.5,64.2029313,236220.0,32.87,35.75,15.07,1505.64
2021-07-05,-0.208,1.1861,51442.0,-0.5429,25441.34,188095477.0,15.28,0.806,1.31,19.3,9.5,65.053596,157222.0,32.87,38.03,15.07,1510.0
2021-07-06,-0.269,1.1822,90388.0,-0.5429,25227.92,365431751.0,15.45,0.748,1.31,19.3,9.5,63.0434364,410703.0,37.59,33.2,16.44,1519.08
2021-07-07,-0.289,1.1789,57916.0,-0.5429,25284.99,365651352.0,15.21,0.748,1.31,19.3,9.5,62.2869975,387427.0,42.01,33.0,16.2,1528.95
2021-07-08,-0.313,1.1842,58996.0,-0.5429,24641.47,565763010.0,15.82,0.761,1.31,19.3,9.5,62.590634,314340.0,38.8,33.4,19.0,1521.41
2021-07-09,-0.292,1.1873,51080.0,-0.5429,25051.82,363309961.0,15.27,0.765,1.31,19.3,9.5,63.6319875,248179.0,37.02,36.85,16.18,1521.92
2021-07-12,-0.301,1.1859,73858.0,-0.5429,25283.2,250998039.0,15.04,0.737,1.31,19.3,9.5,63.3779184,262298.0,38.73,34.4,16.17,1521.95
2021-07-13,-0.299,1.1774,57969.0,-0.5429,25156.65,299328248.0,14.84,0.714,1.31,19.3,9.5,64.9652517,275913.0,35.4,35.2,17.12,1534.52
2021-07-14,-0.312,1.1835,53477.0,-0.5429,25194.33,241932146.0,14.79,0.714,1.31,19.3,9.5,63.168462,376936.0,38.2,33.47,16.33,1543.11
2021-07-15,-0.331,1.1812,75969.0,-0.5429,24875.5,273841407.0,15.01,0.731,1.91,19.3,9.1,62.199702,322328.0,38.04,34.1,17.01,1547.64
2021-07-16,-0.351,1.1805,71219.0,-0.5429,24792.78,334825382.0,14.6,0.701,1.91,19.3,9.1,62.338089,292660.0,37.15,35.4,18.45,1533.74
2021-07-19,-0.387,1.1798,77077.0,-0.5429,23965.92,521284324.0,15.96,0.708,1.91,19.3,9.1,58.162312,510920.0,46.36,36.05,22.5,1535.58
2021-07-20,-0.41,1.1779,97730.0,-0.5429,24107.33,348537798.0,15.01,0.692,1.91,19.3,9.1,58.8760695,316477.0,52.26,35.3,19.73,1535.85
2021-07-21,-0.396,1.1792,63865.0,-0.5429,24675.61,356039975.0,15.01,0.693,1.91,19.3,9.1,61.2532069,306322.0,42.91,35.8,17.91,1528.09
2021-07-22,-0.421,1.177,61500.0,-0.5429,24805.21,296145139.0,14.51,0.65,1.91,19.3,9.1,62.6934598,251602.0,36.44,35.45,17.69,1534.4
2021-07-23,-0.413,1.1771,72944.0,-0.5429,25124.91,290847871.0,14.53,0.631,1.91,19.3,9.1,62.951655,181662.0,34.05,35.42,17.2,1529.8
2021-07-26,-0.414,1.1799,49611.0,-0.5429,25296.4,335468665.0,15.2,0.639,1.91,19.3,9.1,63.140985,210637.0,35.59,37.03,17.58,1522.32
2021-07-27,-0.441,1.1814,64665.0,-0.5429,25086.55,306853588.0,15.51,0.625,1.91,19.3,9.1,63.043596,181936.0,35.14,37.63,19.36,1521.94
2021-07-28,-0.447,1.1842,93672.0,-0.5429,25261.67,334329562.0,15.61,0.621,1.91,19.3,9.1,63.114193,111619.0,34.62,39.85,18.31,1525.15
2021-07-29,-0.451,1.1886,80597.0,-0.5429,25516.46,291852862.0,15.21,0.622,1.91,19.3,9.1,63.9831465,78273.0,33.36,41.2,17.7,1537.08
2021-07-30,-0.458,1.187,60739.0,-0.5429,25363.02,395428309.0,15.09,0.627,1.91,19.3,9.1,64.3049718,14392.0,32.85,40.5,18.24,1527.62
2021-07-31,-0.458,1.187,60739.0,-0.5448,25363.02,395428309.0,15.09,0.627,1.91,19.3,9.1,64.3049718,14392.0,32.85,40.5,18.24,1527.62
2021-08-02,-0.481,1.1867,46142.0,-0.5448,25351.6,304444737.0,15.23,0.576,1.91,19.3,9.1,61.4222163,304873.0,36.23,42.15,19.46,1527.41
2021-08-03,-0.481,1.186,57117.0,-0.5448,25356.15,287525392.0,15.09,0.571,1.91,19.3,9.1,61.0539397,303729.0,37.55,41.5,18.04,1525.65
2021-08-04,-0.493,1.1835,71343.0,-0.5448,25490.22,286732587.0,14.88,0.567,1.91,19.3,9.1,59.467581,370132.0,42.27,42.2,17.97,1530.1
2021-08-05,-0.493,1.1832,77632.0,-0.5448,25665.55,274087398.0,14.84,0.53,1.91,19.3,9.1,60.2521693,261052.0,39.09,43.1,17.28,1523.82
2021-08-06,-0.455,1.176,64111.0,-0.5448,26000.28,424175866.0,15.9,0.571,1.91,19.3,9.1,60.119038,298955.0,39.31,43.2,16.15,1499.05
2021-08-09,-0.459,1.1737,75775.0,-0.5448,26139.43,270750828.0,17.26,0.556,1.91,19.3,9.1,58.8227704,353678.0,43.28,43.4,16.72,1472.69
2021-08-10,-0.454,1.1718,110034.0,-0.5448,26201.21,232389179.0,16.93,0.55,1.91,19.3,9.1,60.2749357,246128.0,39.28,44.55,16.79,1474.65
2021-08-11,-0.46,1.1737,64433.0,-0.5448,26457.06,375909239.0,15.85,0.571,1.91,19.3,9.1,60.8675944,324038.0,38.32,46.6,16.06,1491.58
2021-08-12,-0.461,1.1727,71792.0,-0.5448,26557.84,315729210.0,15.67,0.546,1.91,19.3,9.1,60.8081763,224987.0,36.5,45.58,15.59,1493.56
2021-08-13,-0.463,1.1791,61355.0,-0.5448,26652.56,227179560.0,15.15,0.552,1.91,19.3,9.1,59.867379,202417.0,35.91,44.65,15.45,1508.09
2021-08-15,-0.463,1.1791,61355.0,-0.5448,26652.56,227179560.0,15.15,0.552,2.02,7.0,9.1,59.867379,202417.0,35.91,44.65,15.45,1508.09
2021-08-16,-0.466,1.1777,67855.0,-0.5448,26448.76,241063348.0,15.62,0.565,2.02,7.0,9.1,59.0216361,294024.0,38.84,47.85,16.12,1516.75
2021-08-17,-0.467,1.1708,66430.0,-0.5448,26224.79,295681552.0,16.1,0.577,2.02,7.0,9.1,58.9599036,239956.0,39.5,46.5,17.91,1524.46
2021-08-18,-0.482,1.171,71012.0,-0.5448,26357.21,256836470.0,15.8,0.555,2.02,7.0,9.1,58.2663731,316976.0,40.86,44.85,21.57,1525.87
2021-08-19,-0.489,1.1674,77272.0,-0.5448,25928.78,353293344.0,15.91,0.569,2.02,7.0,9.1,56.92107,345974.0,40.98,41.0,21.67,1523.89
2021-08-20,-0.495,1.1696,60247.0,-0.5448,25918.27,274437899.0,15.34,0.545,2.02,7.0,9.1,55.7282482,254451.0,40.67,41.58,18.56,1522.22
2021-08-23,-0.478,1.1743,55859.0,-0.5448,26046.03,235797928.0,15.84,0.585,2.02,7.0,9.1,58.5454375,271564.0,38.67,42.6,17.15,1536.55
2021-08-24,-0.477,1.1753,47893.0,-0.5448,26027.91,223774200.0,15.45,0.573,2.02,7.0,9.1,60.4528925,301295.0,36.79,45.58,17.22,1533.21
2021-08-25,-0.417,1.177,77099.0,-0.5448,26060.27,233866557.0,15.9,0.672,2.02,7.0,9.1,61.385045,242068.0,35.6,45.0,16.79,1520.29
2021-08-26,-0.417,1.175,76189.0,-0.5448,25861.52,249266556.0,16.44,0.668,2.02,7.0,9.1,60.4848342,179568.0,36.33,45.9,18.84,1524.55
2021-08-27,-0.419,1.1793,96316.0,-0.5448,26006.63,197947315.0,15.27,0.642,2.02,7.0,9.1,61.646692,92199.0,34.93,47.7,16.39,1540.04
2021-08-30,-0.439,1.1795,52843.0,-0.5448,26024.27,148386565.0,15.52,0.617,2.02,7.0,9.1,62.2384662,68657.0,35.27,49.19,16.19,1533.6
2021-08-31,-0.38,1.1807,72916.0,-0.5476,26009.29,353280205.0,15.47,0.709,2.02,7.0,9.1,61.8196104,12592.0,34.28,49.95,16.48,1534.69
2021-09-01,-0.371,1.1837,75938.0,-0.5476,26181.66,368480556.0,15.12,0.696,2.02,7.0,9.1,60.4799479,282490.0,36.13,49.97,16.11,1531.83
2021-09-02,-0.384,1.1873,62566.0,-0.5476,26233.38,275518259.0,14.76,0.669,2.02,7.0,9.1,61.5095175,255422.0,31.35,51.19,16.41,1522.94
2021-09-03,-0.358,1.1882,84792.0,-0.5476,26064.78,299511945.0,14.95,0.706,2.02,7.0,9.1,61.1093021,211423.0,36.91,51.75,16.41,1537.48
2021-09-06,-0.368,1.1868,49820.0,-0.5476,26263.43,215641260.0,14.95,0.689,2.02,7.0,9.1,60.852572,127870.0,36.91,52.45,16.41,1535.54
2021-09-07,-0.317,1.1839,72589.0,-0.5476,26073.73,243791324.0,15.36,0.771,2.02,7.0,9.1,60.5543923,257397.0,32.91,53.67,18.14,1514.91
2021-09-08,-0.32,1.1813,79425.0,-0.5476,25876.89,341131515.0,15.14,0.754,2.02,7.0,9.1,61.458078,325358.0,31.91,55.13,17.96,1513.4
2021-09-09,-0.364,1.1825,60732.0,-0.5476,25909.83,291664039.0,15.1,0.661,2.02,7.0,9.1,60.4231215,377808.0,33.87,56.92,18.8,1516.86
2021-09-10,-0.332,1.1814,66659.0,-0.5476,25686.47,374487072.0,15.15,0.706,2.02,7.0,9.1,61.723134,250505.0,33.54,57.79,20.95,1512.5
2021-09-13,-0.328,1.1808,51853.0,-0.5476,25925.73,333632088.0,15.09,0.687,2.02,7.0,9.1,62.2541488,244731.0,32.74,62.0,19.37,1518.11
2021-09-14,-0.34,1.1802,69127.0,-0.5476,26027.07,332447719.0,15.02,0.65,2.02,7.0,9.1,62.362016,278577.0,33.63,66.8,19.46,1528.26
2021-09-15,-0.308,1.1815,66938.0,-0.5476,25762.1,399956576.0,15.14,0.7,2.64,7.0,9.1,63.8678348,289449.0,32.38,65.55,18.18,1516.96
2021-09-16,-0.305,1.1764,91390.0,-0.5476,25963.93,359528777.0,15.92,0.694,2.64,7.0,9.1,64.3232835,236511.0,33.16,62.84,18.69,1489.2
2021-09-17,-0.279,1.1725,66238.0,-0.5476,25709.56,696227788.0,15.92,0.718,2.64,7.0,9.1,64.2559792,254860.0,32.32,66.15,20.81,1495.17
2021-09-20,-0.315,1.1725,68964.0,-0.5476,25048.26,471648258.0,16.85,0.717,2.64,7.0,9.1,63.0448896,313752.0,35.23,73.6,25.71,1503.87
2021-09-21,-0.328,1.1723,67826.0,-0.5476,25353.36,342132819.0,16.46,0.684,2.64,7.0,9.1,63.4305672,258712.0,34.45,72.65,24.36,1512.57
2021-09-22,-0.326,1.1686,74069.0,-0.5476,25717.46,357936229.0,16.41,0.66,2.64,7.0,9.1,65.1973068,255750.0,32.43,69.9,20.87,1512.05
2021-09-23,-0.252,1.1736,70894.0,-0.5476,26081.13,411942741.0,16.82,0.724,2.64,7.0,9.1,65.82318,226594.0,32.3,70.72,18.63,1484.23
2021-09-24,-0.228,1.1714,75216.0,-0.5476,25968.84,355960423.0,16.44,0.787,2.64,7.0,9.1,66.6638712,163225.0,34.01,71.4,17.75,1493.25
2021-09-27,-0.226,1.1694,60189.0,-0.5476,26132.24,474510743.0,16.2,0.795,2.64,7.0,9.1,68.0092842,231127.0,34.98,77.13,18.76,1495.88
2021-09-28,-0.198,1.1681,74307.0,-0.5476,25573.25,490155177.0,16.78,0.858,2.64,7.0,9.1,67.7081581,132328.0,36.1,79.3,23.25,1483.51
2021-09-29,-0.213,1.1595,66603.0,-0.5476,25736.85,500922382.0,17.39,0.828,2.64,7.0,9.1,67.8222816,97967.0,35.26,86.5,22.56,1488.22
2021-09-30,-0.191,1.1581,73407.0,-0.545,25683.81,519538593.0,17.16,0.867,2.64,7.0,9.1,67.8004496,20505.0,38.68,91.0,23.14,1516.0
2021-10-01,-0.219,1.1594,51538.0,-0.545,25615.31,451575858.0,16.32,0.82,2.64,7.0,9.1,68.3805856,282370.0,37.38,91.0,21.15,1517.82
2021-10-04,-0.217,1.1621,52387.0,-0.545,25460.8,360740608.0,16.77,0.833,2.64,7.0,9.1,69.9250426,362369.0,37.27,95.0,22.96,1521.63
2021-10-05,-0.188,1.1596,67914.0,-0.545,25956.02,534430664.0,16.56,0.86,2.64,7.0,9.1,71.1972672,340269.0,37.2,117.5,21.3,1516.82
2021-10-06,-0.182,1.1556,68603.0,-0.545,25605.73,536857639.0,16.58,0.891,2.64,7.0,9.1,70.162578,401358.0,41.02,114.0,21.0,1524.47
2021-10-07,-0.187,1.155,58876.0,-0.545,25992.29,474763938.0,16.29,0.849,2.64,7.0,9.1,70.95231,393098.0,46.15,102.0,19.54,1518.91
2021-10-08,-0.147,1.1567,55795.0,-0.545,26051.01,383664771.0,15.67,0.879,2.64,7.0,9.1,71.2286267,360971.0,38.0,83.75,18.77,1517.75
2021-10-11,-0.119,1.1551,61783.0,-0.545,25930.46,369413390.0,15.56,0.914,2.64,7.0,9.1,72.4183145,330444.0,38.51,83.75,20.0,1517.69
2021-10-12,-0.096,1.1527,49290.0,-0.545,25990.02,327384705.0,15.1,0.917,2.64,7.0,9.1,72.3693526,331408.0,37.1,87.65,19.85,1525.79
2021-10-13,-0.129,1.1592,81906.0,-0.545,25958.69,329950472.0,15.51,0.901,2.64,7.0,9.1,71.7560588,333681.0,36.05,94.25,18.64,1546.22
2021-10-14,-0.184,1.1594,47446.0,-0.545,26277.57,413141528.0,15.34,0.841,2.64,7.0,9.1,72.45168,316636.0,36.98,97.51,16.86,1547.89
2021-10-15,-0.171,1.16,77654.0,-0.545,26489.18,603041456.0,15.06,0.868,2.99,7.0,9.1,73.1552602,276465.0,34.05,88.4,16.3,1523.23
2021-10-18,-0.148,1.1609,80357.0,-0.545,26268.62,412976422.0,15.53,0.899,2.99,7.0,9.1,72.641862,340957.0,35.02,90.5,16.31,1519.15
2021-10-19,-0.114,1.1632,54628.0,-0.545,26332.99,378157553.0,15.32,0.938,2.99,7.0,9.1,73.143276,371791.0,35.14,91.45,15.7,1520.16
2021-10-20,-0.123,1.1649,58839.0,-0.545,26581.77,392749445.0,15.27,0.919,2.99,7.0,9.1,73.6713208,378692.0,35.16,92.73,15.49,1528.87
2021-10-21,-0.097,1.1621,62611.0,-0.545,26525.15,299329812.0,15.15,0.951,2.99,7.0,9.1,72.8077511,373646.0,36.55,87.75,15.01,1533.15
2021-10-22,-0.097,1.1647,59506.0,-0.545,26571.73,257427929.0,15.74,0.964,2.99,7.0,9.1,73.4352027,298347.0,36.87,88.15,15.43,1538.49
2021-10-25,-0.112,1.1606,64089.0,-0.545,26815.79,381634731.0,16.73,0.92,2.99,7.0,9.1,74.0907038,294554.0,36.07,88.15,15.24,1556.58
2021-10-26,-0.12,1.1595,52403.0,-0.545,26970.95,340319885.0,15.96,0.943,2.99,7.0,9.1,74.514816,222562.0,35.5,88.8,15.98,1545.64
2021-10-27,-0.176,1.1604,58773.0,-0.545,26806.19,375187490.0,16.08,0.889,2.99,7.0,9.1,72.8885066,149747.0,37.63,84.5,16.98,1547.61
2021-10-28,-0.15,1.1679,76727.0,-0.545,26890.35,748505673.0,15.8,0.984,2.99,7.0,9.1,72.1981568,118142.0,37.23,74.65,16.53,1539.15
2021-10-29,-0.094,1.1561,66749.0,-0.545,26875.96,563963283.0,16.07,1.14,2.99,7.0,9.1,72.9870124,22766.0,37.92,64.1,16.26,1541.55
2021-10-31,-0.094,1.1561,66749.0,-0.5498,26875.96,563963283.0,16.07,1.14,2.99,7.0,9.1,72.9870124,22766.0,37.92,64.1,16.26,1541.55
2021-11-01,-0.103,1.1606,88670.0,-0.5498,27206.0,416822698.0,16.31,1.227,2.99,7.0,9.1,72.9878302,302904.0,36.74,68.15,16.41,1544.63
2021-11-02,-0.16,1.1577,76227.0,-0.5498,27189.63,413299584.0,16.47,1.086,2.99,7.0,9.1,73.1794416,317069.0,35.56,71.15,16.03,1543.3
2021-11-03,-0.167,1.161,84988.0,-0.5498,27377.87,373304630.0,16.28,1.05,2.99,7.0,9.1,70.6204467,380105.0,39.44,76.7,15.1,1523.07
2021-11-04,-0.225,1.1552,81973.0,-0.5498,27522.05,620753329.0,15.87,0.941,2.99,7.0,9.1,69.719451,472428.0,38.56,74.15,15.44,1549.71
2021-11-05,-0.28,1.1566,73660.0,-0.5498,27795.93,755313668.0,16.64,0.878,2.99,7.0,9.1,71.537004,379685.0,37.84,73.9,16.48,1571.17
2021-11-08,-0.247,1.1586,68432.0,-0.5498,27711.09,492955874.0,16.66,0.89,2.99,7.0,9.1,72.0092673,269601.0,37.71,78.35,17.22,1573.33
2021-11-09,-0.296,1.1591,59022.0,-0.5498,27441.27,364222521.0,16.76,0.847,2.99,7.0,9.1,73.1430972,346571.0,36.33,70.0,17.78,1579.38
2021-11-10,-0.248,1.1478,77731.0,-0.5498,27561.0,397432579.0,16.8,0.932,2.99,7.0,9.1,71.9984472,366309.0,37.09,71.55,18.73,1610.08
2021-11-11,-0.226,1.145,52720.0,-0.5498,27633.2,312141451.0,16.95,0.96,2.99,7.0,9.1,72.3753432,336137.0,36.2,75.0,17.66,1625.36
2021-11-12,-0.256,1.145,67652.0,-0.5498,27732.39,480493648.0,16.85,0.959,2.99,7.0,9.1,71.7639912,289298.0,36.1,75.0,16.29,1627.42
2021-11-15,-0.245,1.1367,68249.0,-0.5498,27868.13,442422399.0,17.0,0.985,3.71,8.4,9.0,72.182667,273717.0,36.42,81.6,16.49,1637.67
2021-11-16,-0.244,1.1319,75970.0,-0.5498,27804.93,510247153.0,16.67,0.971,3.71,8.4,9.0,72.8244321,340716.0,34.69,94.0,16.37,1633.92
2021-11-17,-0.244,1.1319,84791.0,-0.5498,27824.94,415445926.0,16.69,0.981,3.71,8.4,9.0,70.9249716,406749.0,33.75,95.5,17.11,1649.28
2021-11-18,-0.28,1.1369,102377.0,-0.5498,27661.82,370509585.0,16.25,0.932,3.71,8.4,9.0,71.4570792,306849.0,37.68,92.5,17.59,1634.12
2021-11-19,-0.341,1.1288,64961.0,-0.5498,27337.46,795925235.0,15.99,0.867,3.71,8.4,9.0,69.888651,479928.0,37.13,86.5,17.91,1634.24
2021-11-22,-0.296,1.1234,130387.0,-0.5498,27382.87,2015241662.0,16.59,0.941,3.71,8.4,9.0,70.944955,350902.0,36.61,85.0,19.17,1605.44
2021-11-23,-0.228,1.1246,94411.0,-0.5498,26939.4,1184362646.0,16.81,1.048,3.71,8.4,9.0,73.1908751,366596.0,35.1,90.9,19.38,1589.86
2021-11-24,-0.219,1.1197,81955.0,-0.5498,27109.3,1721921676.0,16.75,1.077,3.71,8.4,9.0,73.457475,231071.0,34.79,93.45,18.58,1596.69
2021-11-25,-0.246,1.1206,77417.0,-0.5498,27098.83,1051578848.0,16.75,1.063,3.71,8.4,9.0,73.3714836,80445.0,34.79,93.5,18.58,1595.4
2021-11-26,-0.338,1.1317,118353.0,-0.5498,25852.99,903003366.0,17.99,0.972,3.71,8.4,9.0,64.2575736,170776.0,65.72,88.5,28.62,1582.73
2021-11-29,-0.323,1.1291,85225.0,-0.5498,26041.55,584948860.0,17.55,0.976,3.71,8.4,9.0,65.0428704,126354.0,63.34,94.8,22.96,1579.79
2021-11-30,-0.343,1.1336,128368.0,-0.5674,25814.34,795726160.0,17.99,0.965,3.71,8.4,9.0,62.2533255,24823.0,75.23,95.4,27.19,1564.31
2021-12-01,-0.331,1.1319,117465.0,-0.5674,26371.92,501587190.0,18.39,1.023,3.71,8.4,9.0,60.8445789,420402.0,78.18,93.75,31.12,1573.59
2021-12-02,-0.373,1.1299,85500.0,-0.5674,26005.4,519689638.0,18.45,0.958,3.71,8.4,9.0,61.6600401,526601.0,57.27,91.71,27.95,1564.5
2021-12-03,-0.378,1.1313,79007.0,-0.5674,25938.52,456414545.0,17.92,0.923,3.71,8.4,9.0,61.7697272,331824.0,64.55,89.55,30.67,1576.16
2021-12-06,-0.387,1.1285,93433.0,-0.5674,26498.07,443852073.0,17.44,0.885,3.71,8.4,9.0,64.7583804,255401.0,56.21,89.5,27.18,1575.31
2021-12-07,-0.375,1.1263,155966.0,-0.5674,27137.98,419090419.0,17.02,0.919,3.71,8.4,9.0,66.9801584,312282.0,48.15,95.0,21.89,1582.95
2021-12-08,-0.309,1.1342,141969.0,-0.5674,26751.93,363889047.0,16.48,1.034,3.71,8.4,9.0,66.8489776,322080.0,45.22,102.85,19.9,1571.53
2021-12-09,-0.351,1.1292,81412.0,-0.5674,26817.38,436604790.0,16.7,1.003,3.71,8.4,9.0,65.9048636,283389.0,47.43,101.55,21.58,1571.18
2021-12-10,-0.35,1.1311,89005.0,-0.5674,26721.98,341538035.0,15.35,0.957,3.71,8.4,9.0,66.440115,221360.0,46.23,105.35,18.69,1575.35
2021-12-13,-0.38,1.1283,75512.0,-0.5674,26551.02,408158463.0,15.97,0.917,3.71,8.4,9.0,65.9311131,265514.0,45.88,116.0,20.31,1582.79
2021-12-14,-0.363,1.1257,153697.0,-0.5674,26556.67,394016453.0,16.41,0.932,3.71,8.4,9.0,65.470658,277860.0,54.76,127.9,21.89,1571.7
2021-12-15,-0.362,1.1285,101409.0,-0.5674,26666.08,396490585.0,15.54,0.92,3.82,8.4,8.9,65.4672844,233190.0,56.53,129.7,19.29,1573.12
2021-12-16,-0.346,1.1328,67613.0,-0.5674,26782.44,503570286.0,15.22,0.973,3.82,8.4,8.9,66.2254054,223637.0,49.97,135.8,20.57,1587.53
2021-12-17,-0.375,1.1239,64507.0,-0.5674,26611.41,574739654.0,15.07,0.913,3.82,8.4,8.9,65.4151552,231412.0,48.31,134.9,21.57,1599.08
2021-12-20,-0.366,1.1275,80107.0,-0.5674,26177.76,381439614.0,15.77,0.938,3.82,8.4,8.9,63.4325184,333764.0,60.24,147.4,22.87,1587.1
2021-12-21,-0.303,1.1283,74533.0,-0.5674,26653.3,259080776.0,15.42,1.015,3.82,8.4,8.9,65.5677342,214067.0,52.31,181.0,21.01,1584.11
2021-12-22,-0.293,1.1324,62744.0,-0.5674,26827.93,282845447.0,14.94,1.051,3.82,8.4,8.9,66.4870932,166713.0,46.0,165.5,18.63,1591.53
2021-12-23,-0.252,1.1328,58121.0,-0.5674,27016.22,218448829.0,14.62,1.107,3.82,8.4,8.9,67.8408745,161242.0,43.71,127.0,17.96,1596.02
2021-12-24,-0.251,1.1317,47097.0,-0.5674,27016.22,218448829.0,14.62,1.127,3.82,8.4,8.9,67.2795882,30538.0,43.71,102.0,17.96,1597.13
2021-12-27,-0.244,1.1325,38117.0,-0.5674,27231.2,196458806.0,15.44,1.129,3.82,8.4,8.9,69.4038,85387.0,43.58,102.0,17.68,1598.93
2021-12-28,-0.239,1.1309,43375.0,-0.5674,27444.93,238404892.0,15.06,1.101,3.82,8.4,8.9,69.802695,50411.0,41.23,102.0,17.54,1596.31
2021-12-29,-0.18,1.1348,42457.0,-0.5674,27344.25,209813324.0,15.13,1.163,3.82,8.4,8.9,69.8182683,69626.0,40.24,96.5,16.95,1589.05
2021-12-30,-0.176,1.1323,37870.0,-0.5674,27346.83,198002151.0,14.77,1.176,3.82,8.4,8.9,70.0522512,10896.0,40.2,86.59,17.33,1602.16
2021-12-31,-0.179,1.1368,25726.0,-0.582,27346.83,198002151.0,14.61,1.185,3.82,8.4,8.9,68.4199548,148959.0,42.62,69.0,17.22,1607.8
2022-01-01,-0.179,1.1368,25726.0,-0.582,27346.83,198002151.0,14.61,1.185,3.82,8.4,8.9,68.4199548,148959.0,42.62,69.0,17.22,1607.8
2022-01-02,-0.179,1.1368,25726.0,-0.582,27346.83,198002151.0,14.61,1.185,3.82,8.4,8.9,68.4199548,148959.0,42.62,69.0,17.22,1607.8
2022-01-03,-0.124,1.1294,33872.0,-0.582,27730.32,403410738.0,15.34,1.196,3.82,8.4,8.9,69.9312614,201029.0,37.57,69.0,16.6,1593.64
2022-01-04,-0.128,1.1285,47583.0,-0.582,27954.84,427310392.0,15.33,1.215,3.82,8.4,8.9,70.8904,291677.0,39.48,89.5,16.91,1606.69
2022-01-05,-0.124,1.1313,45063.0,-0.582,28162.67,459306234.0,16.21,1.241,3.82,8.4,8.9,71.422352,331736.0,44.49,96.5,19.73,1599.0
2022-01-06,-0.068,1.1291,66515.0,-0.582,27655.69,413528198.0,15.87,1.271,3.82,8.4,8.9,72.6152634,353156.0,36.86,98.0,19.61,1584.95
2022-01-07,-0.029,1.1359,44100.0,-0.582,27618.47,389938678.0,15.04,1.321,3.82,8.4,8.9,71.96943,286113.0,37.0,84.0,18.76,1580.24
2022-01-10,-0.036,1.1324,55317.0,-0.582,27353.71,352259480.0,15.56,1.283,3.82,8.4,8.9,71.4146796,300651.0,37.65,85.0,19.4,1590.01
2022-01-11,-0.032,1.1364,58482.0,-0.582,27535.48,281268985.0,15.21,1.374,3.82,8.4,8.9,73.6710884,324941.0,34.31,80.58,18.41,1602.17
2022-01-12,-0.057,1.1442,60524.0,-0.582,27714.26,453715003.0,15.32,1.327,3.82,8.4,8.9,73.9990399,301386.0,34.39,73.75,17.62,1595.24
2022-01-13,-0.086,1.1453,59440.0,-0.582,27844.45,351016015.0,15.17,1.291,3.82,8.4,8.9,73.7532911,265203.0,37.11,84.0,20.31,1590.44
2022-01-14,-0.049,1.1414,63773.0,-0.582,27543.96,406157947.0,14.73,1.334,3.82,8.4,8.9,75.3988872,304718.0,41.18,83.35,19.19,1591.54
2022-01-15,-0.049,1.1414,63773.0,-0.582,27543.96,406157947.0,14.73,1.334,4.74,8.4,8.6,75.3988872,304718.0,41.18,83.35,19.19,1591.54
2022-01-17,-0.026,1.1407,60668.0,-0.582,27688.56,356541339.0,14.73,1.366,4.74,8.4,8.6,75.812692,139817.0,41.18,77.4,19.19,1594.07
2022-01-18,-0.018,1.1325,102180.0,-0.582,27483.28,481745518.0,15.09,1.39,4.74,8.4,8.6,77.27133,356876.0,42.28,80.0,22.79,1600.57
2022-01-19,-0.009,1.1341,87944.0,-0.582,27370.85,490314682.0,15.64,1.411,4.74,8.4,8.6,77.9828544,350935.0,42.75,73.5,23.85,1621.64
2022-01-20,-0.027,1.131,74101.0,-0.582,27570.0,465538808.0,15.09,1.37,4.74,8.4,8.6,78.1429446,279524.0,41.15,76.4,25.59,1625.41
2022-01-21,-0.06,1.134,70090.0,-0.582,27061.4,434447767.0,15.2,1.356,4.74,8.4,8.6,77.5040387,288214.0,42.57,79.3,28.85,1616.04
2022-01-24,-0.098,1.1323,93657.0,-0.582,25972.9,493968060.0,16.3,1.348,4.74,8.4,8.6,76.1902132,309894.0,47.84,91.75,29.9,1626.83
2022-01-25,-0.081,1.1299,72716.0,-0.582,26028.89,401987864.0,16.47,1.36,4.74,8.4,8.6,78.059646,256212.0,47.63,91.8,31.16,1634.6
2022-01-26,-0.071,1.1237,62698.0,-0.582,26619.25,410532732.0,16.42,1.397,4.74,8.4,8.6,80.0572032,260111.0,45.67,91.35,31.96,1618.22
2022-01-27,-0.057,1.1143,68318.0,-0.582,26882.47,460394346.0,17.15,1.36,4.74,8.4,8.6,80.1755028,131704.0,46.9,90.9,30.49,1611.9
2022-01-28,-0.047,1.1143,62017.0,-0.582,26565.41,402469886.0,17.12,1.349,4.74,8.4,8.6,80.7947226,102009.0,47.74,92.0,27.66,1606.74
2022-01-31,0.014,1.1233,55968.0,-0.5601,26814.05,528600761.0,16.7,1.368,4.74,8.4,8.6,81.1978783,11010.0,42.35,84.85,24.83,1598.98
2022-02-01,0.037,1.1269,53470.0,-0.5601,27224.89,485074537.0,16.5,1.419,4.74,8.4,8.6,79.1196924,271771.0,41.31,75.65,21.96,1597.35
2022-02-02,0.035,1.1303,48062.0,-0.5601,27388.73,464182258.0,15.66,1.418,4.74,8.4,8.6,79.1558984,319432.0,41.86,77.59,22.09,1597.73
2022-02-03,0.155,1.1438,68022.0,-0.5601,27088.96,442171171.0,16.01,1.644,4.74,8.4,8.6,79.6556508,301787.0,42.15,80.3,24.35,1576.9
2022-02-04,0.208,1.1446,85837.0,-0.5601,26603.59,501398823.0,15.53,1.75,4.74,8.4,8.6,81.4872009,322131.0,43.88,80.6,23.22,1578.6
2022-02-07,0.224,1.1442,75924.0,-0.5601,26328.93,494420876.0,16.15,1.81,4.74,8.4,8.6,81.0082793,317289.0,43.34,77.5,22.86,1590.57
2022-02-08,0.264,1.1414,100063.0,-0.5601,26411.73,522508269.0,15.86,1.849,4.74,8.4,8.6,79.5341736,368548.0,41.26,75.63,21.44,1599.06
2022-02-09,0.22,1.1422,67497.0,-0.5601,27128.99,577214869.0,15.63,1.772,4.74,8.4,8.6,80.152025,294004.0,39.4,75.65,19.96,1603.96
2022-02-10,0.292,1.1427,84629.0,-0.5601,27190.2,591658981.0,15.92,1.924,4.74,8.4,8.6,79.9947192,369013.0,43.81,73.5,23.91,1597.91
2022-02-11,0.292,1.1349,82401.0,-0.5601,26966.1,491655591.0,17.81,1.954,4.74,8.4,8.6,83.2139172,452105.0,47.44,74.47,27.36,1638.3
2022-02-14,0.273,1.1305,81229.0,-0.5601,26415.41,620984680.0,18.95,1.968,4.74,8.4,8.6,85.3423488,373086.0,48.83,80.4,28.33,1654.43
2022-02-15,0.311,1.1356,74423.0,-0.5601,26967.98,488413097.0,17.7,1.976,5.81,7.4,8.4,82.1414352,378253.0,48.36,73.7,25.7,1631.33
2022-02-16,0.272,1.1373,70756.0,-0.5601,26969.32,418117368.0,18.07,1.907,5.81,7.4,8.4,83.3645368,393794.0,49.38,69.45,24.29,1643.24
2022-02-17,0.233,1.136,80169.0,-0.5601,26669.27,398071198.0,19.79,1.847,5.81,7.4,8.4,81.8396316,347788.0,53.14,73.5,28.11,1670.44
2022-02-18,0.205,1.1321,64202.0,-0.5601,26506.79,337143962.0,18.54,1.85,5.81,7.4,8.4,82.6248174,348345.0,52.01,72.15,27.75,1675.82
2022-02-21,0.2,1.131,51071.0,-0.5601,26050.03,357596145.0,18.54,1.919,5.81,7.4,8.4,84.3409763,217035.0,52.01,71.9,27.75,1684.96
2022-02-22,0.243,1.1325,85658.0,-0.5601,26043.96,491922488.0,17.93,1.932,5.81,7.4,8.4,85.50972,316384.0,50.11,79.5,28.81,1675.4
2022-02-23,0.225,1.1309,64389.0,-0.5601,25955.08,416540225.0,17.69,1.94,5.81,7.4,8.4,85.63077,238632.0,50.51,84.25,31.02,1686.99
2022-02-24,0.171,1.1191,103421.0,-0.5601,24879.88,871835426.0,18.12,1.814,5.81,7.4,8.4,88.5359064,167791.0,49.04,136.0,30.32,1699.95
2022-02-25,0.224,1.1267,79324.0,-0.5601,25773.03,669513504.0,18.4,1.847,5.81,7.4,8.4,86.9177715,68982.0,49.5,92.5,27.59,1674.71
2022-02-28,0.159,1.1219,86097.0,-0.5315,25415.89,760481472.0,20.97,1.758,5.81,7.4,8.4,90.0174365,22961.0,52.5,97.5,30.15,1700.34
2022-03-01,-0.069,1.1126,89118.0,-0.5315,24363.56,824196872.0,22.7,1.416,5.81,7.4,8.4,94.347036,492513.0,61.43,122.9,33.32,1747.5
2022-03-02,0.01,1.1121,79288.0,-0.5315,24534.33,749019153.0,21.85,1.533,5.81,7.4,8.4,101.546656,490567.0,61.53,173.0,30.74,1733.34
2022-03-03,0.022,1.1064,78701.0,-0.5315,23958.83,1024376922.0,22.94,1.589,5.81,7.4,8.4,99.8370618,452523.0,64.37,148.0,30.48,1748.82
2022-03-04,-0.101,1.0926,82967.0,-0.5315,22464.86,1219170343.0,26.29,1.523,5.81,7.4,8.4,108.1001775,334408.0,77.29,205.0,31.98,1801.29
2022-03-07,-0.013,1.0852,99999.0,-0.5315,22160.28,1473195143.0,29.67,1.601,5.81,7.4,8.4,113.5367829,419930.0,78.91,215.5,36.45,1839.89
2022-03-08,0.107,1.0899,99689.0,-0.5315,22338.13,1028269411.0,31.7,1.6,5.81,7.4,8.4,117.4242096,469994.0,75.82,210.5,35.13,1879.89
2022-03-09,0.191,1.1075,100093.0,-0.5315,23889.49,984422638.0,28.01,1.668,5.81,7.4,8.4,100.3516402,521577.0,73.25,148.0,32.45,1797.25
2022-03-10,0.27,1.0983,88320.0,-0.5315,22886.69,932538900.0,26.08,1.919,5.81,7.4,8.4,99.544965,352338.0,67.34,126.0,30.23,1816.68
2022-03-11,0.27,1.0909,87093.0,-0.5315,23041.2,860175091.0,24.73,1.867,5.81,7.4,8.4,103.2812089,287385.0,68.01,132.0,30.75,1819.2
2022-03-14,0.373,1.0939,69051.0,-0.5315,23426.7,730121444.0,24.08,1.966,5.81,7.4,8.4,97.723704,265914.0,65.42,111.15,31.77,1782.0
2022-03-15,0.331,1.0951,80803.0,-0.5315,23499.86,553963630.0,23.8,1.908,6.38,7.4,8.3,91.2338156,318121.0,63.62,112.0,29.83,1750.15
2022-03-16,0.393,1.1032,83230.0,-0.5315,24284.85,753734228.0,22.51,1.902,6.38,7.4,8.3,88.850229,246821.0,59.35,105.0,26.67,1745.5
2022-03-17,0.388,1.1089,76722.0,-0.5315,24123.58,649613315.0,22.23,1.91,6.38,7.4,8.3,96.1668856,200947.0,67.78,105.0,25.67,1750.91
2022-03-18,0.367,1.1055,58869.0,-0.5315,24222.16,790510160.0,22.0,1.884,6.38,7.4,8.3,97.6302401,168906.0,69.09,101.1,23.87,1738.11
2022-03-21,0.459,1.1014,64420.0,-0.5315,24294.71,429349901.0,21.89,1.974,6.38,7.4,8.3,104.9760228,196494.0,70.78,95.0,23.53,1756.66
2022-03-22,0.505,1.1027,67257.0,-0.5315,24533.84,355881686.0,20.58,2.037,6.38,7.4,8.3,104.7241928,204659.0,69.56,99.0,22.94,1741.47
2022-03-23,0.479,1.1004,62589.0,-0.5315,24298.66,487124704.0,23.41,1.997,6.38,7.4,8.3,110.505216,224526.0,72.59,113.0,23.57,1765.95
2022-03-24,0.526,1.0996,54053.0,-0.5315,24401.48,817457299.0,24.07,2.052,6.38,7.4,8.3,108.2482626,177664.0,69.14,107.0,21.67,1779.61
2022-03-25,0.57,1.0981,55199.0,-0.5315,24558.74,637523095.0,24.68,2.074,6.38,7.4,8.3,109.871129,133459.0,68.91,99.0,20.81,1782.24
2022-03-28,0.582,1.0978,58630.0,-0.5315,24712.6,562470788.0,23.2,2.107,6.38,7.4,8.3,102.4591568,150818.0,67.04,109.0,19.63,1750.04
2022-03-29,0.641,1.1085,84953.0,-0.5315,25307.98,684783812.0,21.28,2.128,6.38,7.4,8.3,99.4406876,93679.0,62.46,106.0,18.9,1730.44
2022-03-30,0.658,1.1156,82337.0,-0.5315,25300.25,760812800.0,21.08,2.144,6.38,7.4,8.3,101.694311,72332.0,61.04,116.45,19.33,1731.2
2022-03-31,0.547,1.1065,77252.0,-0.4954,25021.26,698466752.0,20.25,2.044,6.38,7.4,8.3,97.5236625,8678.0,57.66,122.0,20.56,1749.11
2022-04-01,0.566,1.1053,96872.0,-0.4954,25163.3,640705840.0,19.08,2.109,6.38,7.4,8.3,94.4447647,238624.0,54.36,113.0,19.63,1740.41
2022-04-04,0.517,1.097,70486.0,-0.4954,25175.86,540352047.0,19.22,2.078,6.38,7.4,8.3,98.0221974,218681.0,54.31,108.65,18.57,1760.76
2022-04-05,0.61,1.0903,50415.0,-0.4954,24960.38,445472071.0,18.47,2.243,6.38,7.4,8.3,97.8080752,203055.0,53.8,106.0,21.03,1762.99
2022-04-06,0.648,1.0893,57666.0,-0.4954,24447.36,525445351.0,18.88,2.321,6.38,7.4,8.3,92.7842814,286516.0,53.15,107.3,22.1,1766.39
2022-04-07,0.68,1.0878,63154.0,-0.4954,24302.71,464475793.0,18.43,2.339,6.38,7.4,8.3,92.4621882,296034.0,54.23,104.3,21.55,1775.06
2022-04-08,0.71,1.0876,56372.0,-0.4954,24819.15,500051933.0,18.37,2.364,6.38,7.4,8.3,94.5020988,217643.0,53.14,102.0,21.16,1789.37
2022-04-11,0.813,1.0883,61060.0,-0.4954,24749.49,372617639.0,19.25,2.46,6.38,7.4,8.3,90.4893328,238692.0,54.81,101.5,24.37,1794.15
2022-04-12,0.79,1.0826,55123.0,-0.4954,24667.27,427734558.0,19.37,2.408,6.38,7.4,8.3,96.655968,273948.0,55.25,103.0,24.26,1815.41
2022-04-13,0.775,1.0885,74814.0,-0.4954,24722.16,398769178.0,18.7,2.369,6.38,7.4,8.3,99.936186,247255.0,51.2,104.0,21.82,1816.11
2022-04-14,0.839,1.0827,86702.0,-0.4954,24862.35,423365674.0,17.71,2.493,6.38,7.4,8.3,103.168354,210179.0,53.38,88.0,22.7,1821.52
2022-04-15,0.839,1.0806,39971.0,-0.4954,24862.35,423365674.0,17.71,2.493,6.01,7.4,8.1,103.168354,210179.0,53.38,88.0,22.7,1826.58
2022-04-18,0.839,1.078,34700.0,-0.4954,24862.35,423365674.0,19.07,2.493,6.01,7.4,8.1,104.9717424,132154.0,50.94,88.0,22.17,1834.72
2022-04-19,0.918,1.0786,77556.0,-0.4954,24624.41,359742420.0,18.19,2.558,6.01,7.4,8.1,99.4346925,239907.0,50.34,95.0,21.37,1807.09
2022-04-20,0.862,1.085,83767.0,-0.4954,24878.23,370914113.0,18.15,2.518,6.01,7.4,8.1,98.433288,243672.0,52.23,97.75,20.32,1802.94
2022-04-21,0.925,1.0836,85697.0,-0.4954,24805.62,361956097.0,18.22,2.578,6.01,7.4,8.1,99.9723405,185375.0,49.86,97.78,22.68,1799.72
2022-04-22,0.963,1.0794,74472.0,-0.4954,24279.63,443872581.0,18.97,2.665,6.01,7.4,8.1,98.804826,125868.0,51.15,96.95,28.21,1788.62
2022-04-25,0.848,1.0711,98744.0,-0.4954,23908.55,358461515.0,19.47,2.584,6.01,7.4,8.1,95.5279984,156353.0,52.86,93.15,27.02,1770.59
2022-04-26,0.802,1.0636,91489.0,-0.4954,23681.76,359105841.0,19.23,2.539,6.01,7.4,8.1,98.711598,138203.0,53.57,98.2,33.52,1790.57
2022-04-27,0.81,1.0555,89565.0,-0.4954,23830.11,394768909.0,19.16,2.574,6.01,7.4,8.1,99.7822744,67057.0,53.38,108.5,31.6,1785.83
2022-04-28,0.895,1.0494,89069.0,-0.4954,24055.56,329995325.0,19.0,2.727,6.01,7.4,8.1,102.5257387,73317.0,51.94,99.75,29.99,1803.46
2022-04-29,0.935,1.0541,87171.0,-0.4954,24252.16,357495406.0,19.83,2.78,6.01,7.4,8.1,103.7286712,12018.0,53.1,98.0,33.4,1798.42
2022-04-30,0.935,1.0541,87171.0,-0.4479,24252.16,357495406.0,19.83,2.78,6.01,7.4,8.1,103.7286712,12018.0,53.1,98.0,33.4,1798.42
2022-05-02,0.963,1.0504,49738.0,-0.4479,23857.23,349572195.0,20.06,2.848,6.01,7.4,8.1,102.4183116,151340.0,54.15,98.1,32.34,1772.84
2022-05-03,0.954,1.052,68525.0,-0.4479,24242.25,358182350.0,19.71,2.85,6.01,7.4,8.1,99.7813329,184195.0,54.04,98.25,29.25,1774.32
2022-05-04,0.978,1.0621,64711.0,-0.4479,23902.06,364539482.0,18.81,2.963,6.01,7.4,8.1,103.7001142,241680.0,53.15,104.0,25.42,1770.16
2022-05-05,1.048,1.054,85996.0,-0.4479,23759.71,481453486.0,19.36,3.022,6.01,7.4,8.1,105.218593,279883.0,54.72,107.1,31.2,1779.39
2022-05-06,1.137,1.0551,84536.0,-0.4479,23475.72,484070613.0,18.71,3.15,6.01,7.4,8.1,106.5209942,249825.0,54.82,100.3,30.19,1783.88
2022-05-09,1.088,1.0555,66965.0,-0.4479,22832.56,400315044.0,20.49,3.138,6.01,7.4,8.1,100.3696748,302174.0,57.9,93.6,34.75,1755.28
2022-05-10,1.003,1.0527,71606.0,-0.4479,23069.78,429969736.0,20.02,3.017,6.01,7.4,8.1,97.3308524,327990.0,56.06,95.97,32.99,1745.2
2022-05-11,1.004,1.0511,107910.0,-0.4479,23724.2,471116157.0,20.26,2.914,6.01,7.4,8.1,102.2828638,287529.0,53.43,93.7,32.56,1761.27
2022-05-12,0.869,1.0379,103614.0,-0.4479,23566.23,424182620.0,21.51,2.718,6.01,7.4,8.1,103.525926,264263.0,52.71,105.0,31.77,1754.59
2022-05-13,0.947,1.0411,75671.0,-0.4479,24048.29,364913392.0,21.2,2.85,6.01,7.4,8.1,107.146006,220316.0,51.22,99.8,28.87,1738.54
2022-05-15,0.947,1.0411,75671.0,-0.4479,24048.29,364913392.0,21.2,2.85,6.83,6.4,8.1,107.146006,220316.0,51.22,99.8,28.87,1738.54
2022-05-16,0.937,1.0431,63924.0,-0.4479,24033.05,321864631.0,21.16,2.841,6.83,6.4,8.1,109.5196032,218438.0,51.89,92.9,27.47,1747.57
2022-05-17,1.056,1.0547,76974.0,-0.4479,24301.65,363427381.0,20.05,2.97,6.83,6.4,8.1,106.1253102,277888.0,50.34,94.4,26.1,1719.33
2022-05-18,1.012,1.0466,79530.0,-0.4479,24085.82,344060927.0,19.69,2.941,6.83,6.4,8.1,104.2513317,245044.0,51.89,92.6,30.96,1734.49
2022-05-19,0.94,1.0586,78994.0,-0.4479,24065.05,340805334.0,20.25,2.892,6.83,6.4,8.1,105.8374656,272347.0,51.16,89.85,29.35,1738.83
2022-05-20,0.942,1.056,79336.0,-0.4479,24095.0,396640232.0,19.31,2.98,6.83,6.4,8.1,106.5814735,180892.0,50.72,87.2,29.43,1747.58
2022-05-23,1.02,1.0689,72253.0,-0.4479,24136.56,342164549.0,19.63,3.032,6.83,6.4,8.1,106.1089468,196505.0,48.63,84.0,28.48,1732.9
2022-05-24,0.954,1.0734,68659.0,-0.4479,23876.08,358772674.0,19.13,2.973,6.83,6.4,8.1,105.7947672,191734.0,47.04,85.5,29.45,1738.04
2022-05-25,0.955,1.068,73492.0,-0.4479,24250.45,352799550.0,18.27,2.941,6.83,6.4,8.1,106.7697099,152329.0,46.76,87.55,28.37,1734.17
2022-05-26,0.999,1.0724,64316.0,-0.4479,24546.5,272708231.0,17.81,2.909,6.83,6.4,8.1,109.474326,123575.0,46.03,85.9,27.5,1724.71
2022-05-27,0.963,1.0727,64642.0,-0.4479,24636.26,284738300.0,17.5,2.9,6.83,6.4,8.1,111.3362289,81158.0,47.92,86.5,25.72,1726.97
2022-05-30,1.044,1.0777,54772.0,-0.4479,24808.65,364633011.0,17.5,2.989,6.83,6.4,8.1,112.897593,42413.0,47.92,86.75,26.54,1721.74
2022-05-31,1.127,1.0733,72225.0,-0.3857,24505.08,667807056.0,17.19,3.135,6.83,6.4,8.1,114.4512564,11561.0,49.82,87.0,26.19,1710.8
2022-06-01,1.181,1.0646,57336.0,-0.3857,24283.56,361429425.0,16.94,3.183,6.83,6.4,8.1,109.2335228,242156.0,49.14,81.85,25.69,1733.09
2022-06-02,1.235,1.0745,52858.0,-0.3857,24426.5,198464839.0,17.13,3.29,6.83,6.4,8.1,109.4560987,216903.0,47.8,84.5,24.72,1737.48
2022-06-03,1.27,1.0718,36973.0,-0.3857,24166.66,243310491.0,16.51,3.402,6.83,6.4,8.1,111.6999572,141657.0,46.23,83.5,24.79,1726.3
2022-06-06,1.322,1.0694,61185.0,-0.3857,24565.67,252542845.0,16.81,3.426,6.83,6.4,8.1,111.753801,204089.0,47.9,81.44,25.07,1721.01
2022-06-07,1.287,1.0699,62177.0,-0.3857,24366.19,300169426.0,16.64,3.391,6.83,6.4,8.1,112.6931619,276716.0,45.88,80.3,24.02,1730.08
2022-06-08,1.355,1.0714,57451.0,-0.3857,24236.67,281019375.0,16.04,3.462,6.83,6.4,8.1,115.3446288,256288.0,44.37,78.8,23.96,1728.8
2022-06-09,1.435,1.0614,79980.0,-0.3857,23776.97,355820109.0,16.29,3.712,6.83,6.4,8.1,115.9504005,218983.0,43.87,84.65,26.09,1740.06
2022-06-10,1.502,1.0515,70022.0,-0.3857,22547.48,732032041.0,17.58,3.845,6.83,6.4,8.1,116.0339502,294278.0,42.92,82.85,27.75,1778.81
2022-06-13,1.627,1.0408,75501.0,-0.3857,21918.04,511753767.0,20.84,4.099,6.83,6.4,8.1,117.477016,257105.0,47.56,84.2,34.02,1747.22
2022-06-14,1.751,1.0414,86872.0,-0.3857,21846.89,407278559.0,21.99,4.219,6.83,6.4,8.1,116.3534925,291264.0,46.63,96.9,32.69,1734.71
2022-06-15,1.652,1.0443,104810.0,-0.3857,22473.56,483970709.0,19.4,3.912,8.0,6.4,8.2,113.4828058,231061.0,47.04,114.0,29.62,1754.63
2022-06-16,1.703,1.0547,138965.0,-0.3857,21726.64,431048471.0,20.65,3.859,8.0,6.4,8.2,113.5966534,276675.0,46.27,119.25,32.95,1759.94
2022-06-17,1.662,1.0498,85555.0,-0.3857,21788.87,670781319.0,20.28,3.675,8.0,6.4,8.2,107.7535872,319905.0,49.19,124.0,31.13,1751.3
2022-06-20,1.743,1.0509,76946.0,-0.3857,22004.05,313111175.0,20.28,3.82,8.0,6.4,8.2,108.6026841,161603.0,49.19,123.4,31.03,1748.59
2022-06-21,1.762,1.0525,83473.0,-0.3857,22089.41,316449037.0,18.24,3.79,8.0,6.4,8.2,108.931258,204031.0,46.56,125.72,30.19,1740.23
2022-06-22,1.62,1.0565,84046.0,-0.3857,21788.57,333714323.0,18.29,3.637,8.0,6.4,8.2,105.7641448,293049.0,48.99,126.3,28.95,1738.23
2022-06-23,1.427,1.0523,111489.0,-0.3857,21615.0,471403607.0,18.65,3.485,8.0,6.4,8.2,104.580515,195916.0,48.58,135.75,29.05,1730.83
2022-06-24,1.44,1.0554,88521.0,-0.3857,22119.2,363744449.0,17.92,3.485,8.0,6.4,8.2,107.1823312,134176.0,46.99,129.7,27.23,1729.89
2022-06-27,1.544,1.0583,86886.0,-0.3857,21928.81,343807583.0,17.88,3.63,8.0,6.4,8.2,108.7496919,118097.0,46.99,129.85,26.95,1721.26
2022-06-28,1.635,1.0518,92995.0,-0.3857,22101.23,307070680.0,17.95,3.669,8.0,6.4,8.2,112.169485,65764.0,46.59,129.25,28.36,1728.49
2022-06-29,1.504,1.0439,90486.0,-0.3857,21833.5,282028701.0,18.08,3.493,8.0,6.4,8.2,111.371267,54344.0,48.57,136.75,28.16,1740.18
2022-06-30,1.368,1.0482,83874.0,-0.2392,21293.86,522736026.0,19.61,3.392,8.0,6.4,8.2,109.5310362,7113.0,48.9,146.5,28.71,1722.87
2022-07-01,1.226,1.0428,68086.0,-0.2392,21354.65,376541876.0,20.17,3.205,8.0,6.4,8.2,107.0487048,235417.0,49.4,147.0,26.7,1735.86
2022-07-04,1.337,1.0421,68801.0,-0.2392,21343.93,311479841.0,20.17,3.348,8.0,6.4,8.2,108.9146,100588.0,49.4,161.8,27.53,1735.36
2022-07-05,1.187,1.0266,85147.0,-0.2392,20705.06,416457620.0,21.33,3.277,8.0,6.4,8.2,100.1072293,428839.0,52.61,173.5,27.54,1718.44
2022-07-06,1.158,1.0181,95913.0,-0.2392,20920.99,383257372.0,21.91,3.244,8.0,6.4,8.2,98.8997318,350296.0,54.67,174.0,26.73,1706.59
2022-07-07,1.291,1.0159,86850.0,-0.2392,21558.07,451762506.0,20.5,3.36,8.0,6.4,8.2,103.0122275,279661.0,52.87,179.7,26.08,1711.24
2022-07-08,1.346,1.0183,90467.0,-0.2392,21774.18,353311023.0,19.41,3.362,8.0,6.4,8.2,105.0968506,238348.0,52.1,169.6,24.64,1710.21
2022-07-11,1.25,1.0039,77379.0,-0.2392,21567.7,367306426.0,19.72,3.296,8.0,6.4,8.2,106.684452,194659.0,53.1,169.2,26.17,1726.11
2022-07-12,1.134,1.0036,87758.0,-0.2392,21485.7,452468544.0,19.78,3.2,8.0,6.4,8.2,99.1328309,275618.0,54.4,175.0,27.29,1718.64
2022-07-13,1.145,1.006,82547.0,-0.2392,21286.33,362058154.0,18.36,3.233,8.0,6.4,8.2,98.9765628,247469.0,51.76,182.35,26.82,1723.96
2022-07-14,1.179,1.0016,89574.0,-0.2392,20554.33,569346186.0,19.6,3.407,8.0,6.4,8.2,98.94144,318794.0,53.03,178.77,26.4,1705.88
2022-07-15,1.128,1.0087,77734.0,-0.2392,20933.26,554128137.0,19.27,3.355,7.96,6.4,7.9,100.2880008,218091.0,51.77,160.0,24.23,1692.04
2022-07-18,1.214,1.0141,74891.0,-0.2392,21169.12,420226438.0,19.42,3.383,7.96,6.4,7.9,104.792847,213498.0,49.66,159.2,25.3,1683.94
2022-07-19,1.278,1.0224,80216.0,-0.2392,21696.2,470555980.0,18.63,3.424,7.96,6.4,7.9,104.9979615,226403.0,48.77,162.1,24.5,1672.57
2022-07-20,1.26,1.0177,92858.0,-0.2392,21348.42,520747565.0,19.26,3.468,7.96,6.4,7.9,105.0606612,186695.0,47.54,161.5,23.88,1666.13
2022-07-21,1.22,1.0228,105366.0,-0.2392,21196.59,724201013.0,18.71,3.57,7.96,6.4,7.9,101.5449606,228699.0,51.1,152.5,23.11,1678.52
2022-07-22,1.023,1.021,73446.0,-0.2392,21211.98,446863993.0,18.3,3.42,7.96,6.4,7.9,101.077176,137242.0,47.84,160.75,23.03,1690.12
2022-07-25,1.03,1.022,77432.0,-0.2392,21382.71,370609234.0,18.3,3.394,7.96,6.4,7.9,102.8861205,123666.0,47.96,176.75,23.36,1681.58
2022-07-26,0.928,1.0114,79227.0,-0.2392,21159.98,377526204.0,18.06,3.34,7.96,6.4,7.9,103.223412,110001.0,47.81,196.32,24.69,1696.67
2022-07-27,0.938,1.0202,76156.0,-0.2392,21480.7,393245988.0,17.39,3.418,7.96,6.4,7.9,104.508924,77693.0,48.99,204.5,23.24,1698.92
2022-07-28,0.801,1.0196,106642.0,-0.2392,21932.06,419821553.0,16.84,3.254,7.96,6.4,7.9,105.0807692,80841.0,47.17,206.0,22.33,1721.31
2022-07-29,0.825,1.0218,81825.0,-0.2392,22405.48,526844602.0,16.49,3.152,7.96,6.4,7.9,107.6634867,9127.0,46.19,193.55,21.33,1727.24
2022-07-31,0.825,1.0218,81825.0,0.0366,22405.48,526844602.0,16.49,3.152,7.96,6.4,7.9,107.6634867,9127.0,46.19,193.55,21.33,1727.24
2022-08-01,0.761,1.0261,84584.0,0.0366,22429.47,385204912.0,17.52,2.974,7.96,6.4,7.9,97.4852368,272835.0,49.97,199.5,22.84,1726.05
2022-08-02,0.782,1.0164,102408.0,0.0366,22351.02,345526336.0,17.34,3.038,7.96,6.4,7.9,98.9172844,229684.0,52.77,208.0,23.93,1731.08
2022-08-03,0.874,1.0164,79927.0,0.0366,22574.9,427583855.0,16.76,3.032,7.96,6.4,7.9,95.2179708,293111.0,50.12,198.9,21.95,1735.7
2022-08-04,0.809,1.0243,79415.0,0.0366,22645.84,456256861.0,16.95,2.939,7.96,6.4,7.9,91.8874736,264805.0,55.14,199.3,21.44,1747.33
2022-08-05,0.961,1.0181,82576.0,0.0366,22586.88,401954449.0,16.37,3.026,7.96,6.4,7.9,93.2323224,216197.0,48.76,194.25,21.15,1742.3
2022-08-08,0.897,1.0195,67813.0,0.0366,22727.94,292730335.0,16.76,3.039,7.96,6.4,7.9,94.8010855,201246.0,46.4,192.0,21.29,1753.69
2022-08-09,0.923,1.0211,80558.0,0.0366,22488.49,288696436.0,16.69,3.058,7.96,6.4,7.9,94.3202354,219670.0,46.23,195.0,21.77,1755.84
2022-08-10,0.886,1.0297,88506.0,0.0366,22702.44,279043874.0,16.27,2.986,7.96,6.4,7.9,94.590984,247741.0,46.56,204.0,19.74,1739.54
2022-08-11,0.967,1.0317,84773.0,0.0366,22858.18,277055429.0,15.81,3.016,7.96,6.4,7.9,96.539292,219416.0,45.37,208.0,20.2,1733.62
2022-08-12,0.99,1.0258,80252.0,0.0366,22970.73,432556795.0,15.22,3.072,7.96,6.4,7.9,95.6815275,188126.0,44.0,206.4,19.53,1755.76
2022-08-15,0.903,1.016,64990.0,0.0366,22970.73,432556795.0,15.37,2.972,8.4,4.1,8.2,93.602175,217574.0,46.63,228.5,19.95,1750.78
2022-08-16,0.979,1.017,63578.0,0.0366,22997.83,335462123.0,15.27,2.972,8.4,4.1,8.2,90.7960752,217751.0,50.25,222.0,19.69,1744.93
2022-08-17,1.078,1.018,92064.0,0.0366,22757.81,306882224.0,15.32,3.302,8.4,4.1,8.2,91.994268,199193.0,51.55,225.0,19.9,1730.37
2022-08-18,1.098,1.0088,78312.0,0.0366,22985.7,267309880.0,15.36,3.322,8.4,4.1,8.2,95.7477352,208551.0,47.41,241.0,19.56,1742.16
2022-08-19,1.234,1.0034,76594.0,0.0366,22534.57,354849429.0,15.91,3.491,8.4,4.1,8.2,96.3921192,178601.0,50.34,256.0,20.6,1738.38
2022-08-22,1.301,0.9941,87976.0,0.0366,22165.66,416375659.0,16.57,3.6,8.4,4.1,8.2,97.0530912,207640.0,50.64,278.0,23.8,1745.74
2022-08-23,1.321,0.9967,82387.0,0.0366,22380.06,428462814.0,15.8,3.635,8.4,4.1,8.2,100.5517282,210633.0,47.35,260.0,24.11,1752.9
2022-08-24,1.363,0.9965,67567.0,0.0366,22431.47,339358002.0,15.9,3.671,8.4,4.1,8.2,101.5752822,183731.0,48.33,300.0,22.82,1756.26
2022-08-25,1.329,0.9974,82507.0,0.0366,22454.43,422052518.0,15.57,3.553,8.4,4.1,8.2,99.5992774,161491.0,48.78,311.0,21.78,1762.22
2022-08-26,1.398,0.9961,60923.0,0.0366,21895.25,381928358.0,15.42,3.681,8.4,4.1,8.2,101.3858808,130634.0,47.08,306.0,25.56,1742.79
2022-08-29,1.505,0.9995,59856.0,0.0366,21841.88,311263617.0,16.02,3.791,8.4,4.1,8.2,105.142545,53025.0,47.73,267.0,26.21,1736.86
2022-08-30,1.51,1.0012,90213.0,0.0366,21825.22,405269653.0,16.52,3.824,8.4,4.1,8.2,99.190828,59833.0,49.74,251.0,26.21,1720.44
2022-08-31,1.536,1.0057,87596.0,0.3947,21559.32,467509061.0,17.02,3.883,8.4,4.1,8.2,95.9429017,10070.0,52.11,261.0,25.87,1699.52
2022-09-01,1.571,0.9944,85854.0,0.3947,21302.16,337343058.0,17.8,3.949,8.4,4.1,8.2,92.8799868,297547.0,53.9,234.0,25.56,1706.33
2022-09-02,1.52,0.9951,68962.0,0.3947,21921.26,375061105.0,16.88,3.837,8.4,4.1,8.2,93.4776584,210002.0,53.9,209.0,25.47,1719.56
2022-09-05,1.566,0.9926,67114.0,0.3947,21480.19,346167111.0,16.88,3.94,8.4,4.1,8.2,96.4542204,144255.0,53.9,245.5,25.99,1720.31
2022-09-06,1.605,0.9902,101494.0,0.3947,21480.61,296134008.0,17.68,3.949,8.4,4.1,8.2,93.749017,225949.0,50.0,238.0,26.91,1717.42
2022-09-07,1.575,0.9999,82606.0,0.3947,21489.36,481173632.0,16.77,3.859,8.4,4.1,8.2,88.0088,300200.0,53.32,209.5,24.64,1716.99
2022-09-08,1.712,0.9994,86338.0,0.3947,21678.08,577406679.0,16.4,3.94,8.4,4.1,8.2,89.20349,208658.0,51.29,220.0,23.61,1708.26
2022-09-09,1.7,1.0039,76399.0,0.3947,22094.56,538142193.0,15.91,4.014,8.4,4.1,8.2,92.4797808,202939.0,48.84,202.49,22.79,1709.04
2022-09-12,1.645,1.0119,62347.0,0.3947,22610.4,482361599.0,15.79,3.94,8.4,4.1,8.2,92.89456,210433.0,44.15,190.5,23.87,1702.91
2022-09-13,1.724,0.997,77655.0,0.3947,22303.86,503454569.0,16.93,3.984,8.4,4.1,8.2,93.4504417,275167.0,44.81,194.5,27.27,1706.35
2022-09-14,1.698,0.9977,87677.0,0.3947,22413.46,386901633.0,17.17,3.965,8.4,4.1,8.2,94.317371,259902.0,45.62,216.0,26.16,1699.71
2022-09-15,1.741,0.9999,69080.0,0.3947,22365.82,465284174.0,19.66,4.019,8.76,4.1,8.0,90.849084,257617.0,46.63,212.15,26.27,1663.82
2022-09-16,1.765,1.0015,72842.0,0.3947,22110.89,995122106.0,18.31,4.043,8.76,4.1,8.0,91.212975,197482.0,47.44,187.5,26.3,1671.68
2022-09-19,1.791,1.0022,63178.0,0.3947,22140.73,423063441.0,18.37,4.048,8.76,4.1,8.0,91.7976,138529.0,46.75,175.5,25.76,1671.44
2022-09-20,1.939,0.997,72943.0,0.3947,21773.75,527295890.0,18.59,4.19,8.76,4.1,8.0,90.8927662,188559.0,48.23,196.0,27.16,1669.01
2022-09-21,1.892,0.9837,87445.0,0.3947,22035.81,395912726.0,18.48,4.13,8.76,4.1,8.0,91.3184831,216932.0,48.65,182.5,27.99,1700.77
2022-09-22,1.978,0.9836,103843.0,0.3947,21799.11,433770910.0,17.93,4.191,8.76,4.1,8.0,91.9679682,170284.0,47.1,187.0,27.35,1698.14
2022-09-23,2.031,0.969,90975.0,0.3947,21066.55,500228358.0,19.42,4.362,8.76,4.1,8.0,88.9059385,180102.0,50.82,180.9,29.92,1695.37
2022-09-26,2.092,0.9606,109840.0,0.3947,21207.25,472341328.0,20.26,4.515,8.76,4.1,8.0,87.5081412,119602.0,56.68,173.5,32.26,1686.6
2022-09-27,2.252,0.9592,104222.0,0.3947,20961.38,527970024.0,19.26,4.764,8.76,4.1,8.0,89.9399258,104088.0,55.89,184.0,32.6,1696.63
2022-09-28,2.155,0.9734,104438.0,0.3947,20852.67,509551239.0,19.27,4.575,8.76,4.1,8.0,91.7611156,74332.0,55.02,200.5,30.18,1704.1
2022-09-29,2.208,0.9814,96257.0,0.3947,20352.98,437743093.0,19.78,4.653,8.76,4.1,8.0,90.1668855,57863.0,54.41,184.25,31.84,1690.96
2022-09-30,2.109,0.9799,94060.0,1.0109,20648.85,467354051.0,19.52,4.508,8.76,4.1,8.0,89.7640596,5892.0,55.69,166.0,31.62,1693.14
2022-10-03,1.894,0.9824,97658.0,1.0109,20972.57,400944822.0,20.29,4.203,8.76,4.1,8.0,90.4523712,270689.0,56.24,169.1,30.1,1728.72
2022-10-04,1.882,0.9983,86112.0,1.0109,21690.65,403945176.0,19.55,4.209,8.76,4.1,8.0,91.95606,282379.0,59.51,165.0,29.07,1727.77
2022-10-05,2.017,0.9882,88679.0,1.0109,21360.72,402015261.0,19.69,4.446,8.76,4.1,8.0,94.4848378,296201.0,54.2,175.5,28.55,1735.42
2022-10-06,2.086,0.9788,89263.0,1.0109,21140.55,397961376.0,19.67,4.502,8.76,4.1,8.0,96.4651372,207526.0,53.39,171.5,30.52,1746.34
2022-10-07,2.197,0.9741,78521.0,1.0109,20901.56,342344390.0,19.66,4.7,8.76,4.1,8.0,100.5236928,269400.0,53.64,155.0,31.36,1738.11
2022-10-10,2.327,0.97,97222.0,1.0109,20912.96,367998919.0,20.54,4.633,8.76,4.1,8.0,99.1651567,215365.0,51.42,157.5,32.45,1719.2
2022-10-11,2.308,0.9703,127213.0,1.0109,20730.5,455464963.0,20.59,4.699,8.76,4.1,8.0,97.1762169,259027.0,51.92,159.75,33.63,1715.25
2022-10-12,2.346,0.9704,93220.0,1.0109,20466.77,377390957.0,20.4,4.797,8.76,4.1,8.0,95.269725,257656.0,51.52,158.0,33.57,1722.73
2022-10-13,2.3,0.9773,95289.0,1.0109,20785.82,458577204.0,20.07,4.712,8.76,4.1,8.0,96.7668611,280518.0,50.52,153.5,31.94,1704.12
2022-10-14,2.361,0.9719,108598.0,1.0109,20930.81,435448949.0,20.07,4.803,8.76,4.1,8.0,94.2790233,210773.0,50.3,141.75,32.02,1690.4
2022-10-15,2.361,0.9719,108598.0,1.0109,20930.81,435448949.0,20.07,4.803,11.85,4.1,7.9,94.2790233,210773.0,50.3,141.75,32.02,1690.4
2022-10-17,2.271,0.9838,88291.0,1.0109,21319.73,329692320.0,19.96,4.676,11.85,4.1,7.9,93.1289814,203801.0,50.27,130.0,31.37,1676.23
2022-10-18,2.278,0.9852,98979.0,1.0109,21518.78,544115939.0,19.19,4.69,11.85,4.1,7.9,91.3822506,320421.0,49.12,111.2,30.5,1675.55
2022-10-19,2.369,0.9771,88914.0,1.0109,21472.11,317854236.0,19.41,4.758,11.85,4.1,7.9,94.5760904,272350.0,47.78,120.0,30.76,1666.15
2022-10-20,2.394,0.9783,92634.0,1.0109,21701.5,380199905.0,19.23,4.735,11.85,4.1,7.9,94.4289884,237540.0,47.98,123.85,29.98,1662.71
2022-10-21,2.437,0.986,92868.0,1.0109,21567.55,358440438.0,19.05,4.774,11.85,4.1,7.9,94.8277,203280.0,47.19,114.9,29.69,1679.53
2022-10-24,2.344,0.9874,91245.0,1.0109,21982.95,425389977.0,19.58,4.593,11.85,4.1,7.9,94.4499976,179202.0,47.78,95.0,29.85,1670.36
2022-10-25,2.17,0.9964,74004.0,1.0109,22289.85,416215259.0,19.33,4.358,11.85,4.1,7.9,93.8576072,165514.0,47.3,100.2,28.46,1657.92
2022-10-26,2.115,1.0077,84309.0,1.0109,22389.78,402728453.0,18.67,4.329,11.85,4.1,7.9,94.9589284,138002.0,48.58,99.75,27.28,1650.88
2022-10-27,1.978,0.9962,110903.0,1.0109,22590.41,598066761.0,18.51,4.041,11.85,4.1,7.9,97.3294176,84574.0,49.02,106.5,27.39,1667.87
2022-10-28,2.086,0.9963,76682.0,1.0109,22529.2,393453537.0,18.01,4.153,11.85,4.1,7.9,96.1253067,89938.0,47.81,109.5,25.75,1649.59
2022-10-31,2.15,0.9883,75228.0,1.4277,22652.11,376563267.0,18.27,4.325,11.85,4.1,7.9,95.9527872,14997.0,47.41,80.0,25.88,1651.69
2022-11-01,2.124,0.9874,71010.0,1.4277,22795.64,467679393.0,18.45,4.263,11.85,4.1,7.9,95.857734,247652.0,47.04,116.75,25.81,1668.51
2022-11-02,2.135,0.9817,77341.0,1.4277,22802.97,512251130.0,17.84,4.302,11.85,4.1,7.9,97.9524224,253003.0,47.75,134.0,25.86,1665.02
2022-11-03,2.251,0.9751,76014.0,1.4277,22706.02,493262687.0,18.03,4.424,11.85,4.1,7.9,97.0878718,229115.0,46.47,130.0,25.3,1668.56
2022-11-04,2.289,0.996,86223.0,1.4277,23282.46,691058716.0,18.03,4.456,11.85,4.1,7.9,98.9662514,307087.0,47.5,121.0,24.55,1686.94
2022-11-07,2.325,1.0019,94501.0,1.4277,23493.0,692041956.0,18.12,4.467,11.85,4.1,7.9,97.733952,241941.0,45.11,111.8,24.35,1671.51
2022-11-08,2.272,1.0072,100708.0,1.4277,23694.17,731285797.0,18.91,4.379,11.85,4.1,7.9,94.678176,251667.0,45.04,116.5,25.54,1699.55
2022-11-09,2.177,1.0011,117098.0,1.4277,23780.07,463540329.0,18.91,4.279,11.85,4.1,7.9,92.548085,308020.0,45.38,110.5,26.09,1703.54
2022-11-10,2.003,1.0208,128782.0,1.4277,24394.28,824957236.0,17.69,4.003,11.85,4.1,7.9,91.7610054,278533.0,43.48,113.0,23.53,1718.69
2022-11-11,2.158,1.0352,113997.0,1.4277,24455.57,634189260.0,17.57,4.206,11.85,4.1,7.9,92.72634,238066.0,42.06,98.8,22.52,1710.02
2022-11-14,2.159,1.0325,103390.0,1.4277,24596.69,394243416.0,17.41,4.19,11.85,4.1,7.9,90.2079528,248245.0,44.42,114.8,23.73,1712.56
2022-11-15,2.098,1.0348,104618.0,1.4277,24699.75,499693884.0,17.72,4.047,11.78,2.2,7.8,90.7034882,317499.0,46.72,123.5,24.54,1718.66
2022-11-16,2.001,1.0392,103831.0,1.4277,24531.27,483665307.0,17.23,3.934,11.78,2.2,7.8,89.3573208,257615.0,45.12,116.0,24.11,1706.04
2022-11-17,2.03,1.036,98797.0,1.4277,24339.67,465796288.0,16.77,3.95,11.78,2.2,7.8,86.660145,313529.0,45.34,112.5,23.93,1698.51
2022-11-18,2.018,1.0324,95102.0,1.4277,24675.18,568161868.0,16.51,3.886,11.78,2.2,7.8,84.8704844,379661.0,45.93,108.8,23.12,1694.66
2022-11-21,1.977,1.0241,82176.0,1.4277,24356.05,442472770.0,16.68,3.922,11.78,2.2,7.8,85.3923015,354597.0,47.11,114.6,22.36,1695.84
2022-11-22,1.982,1.0302,79182.0,1.4277,24590.5,356506869.0,16.07,3.918,11.78,2.2,7.8,85.7701684,190846.0,46.3,124.5,21.29,1688.02
2022-11-23,1.922,1.0395,74481.0,1.4277,24581.14,427043127.0,15.84,3.786,11.78,2.2,7.8,82.16442,212138.0,51.56,128.0,20.35,1682.21
2022-11-24,1.847,1.0408,68515.0,1.4277,24730.89,311226936.0,15.84,3.672,11.78,2.2,7.8,81.994672,75611.0,51.56,122.35,20.42,1685.84
2022-11-25,1.969,1.0395,70178.0,1.4277,24718.81,255539556.0,15.23,3.859,11.78,2.2,7.8,80.45206,85308.0,50.16,125.2,20.5,1688.76
2022-11-28,1.992,1.0337,78444.0,1.4277,24440.88,377821420.0,15.77,3.916,11.78,2.2,7.8,80.478006,102556.0,50.53,123.0,22.21,1683.37
2022-11-29,1.913,1.0327,75181.0,1.4277,24465.95,359518351.0,15.71,3.821,11.78,2.2,7.8,80.4012702,67931.0,47.91,131.0,21.89,1693.56
2022-11-30,1.944,1.0405,92194.0,1.8252,24610.29,681498176.0,15.45,3.887,11.78,2.2,7.8,82.1050644,9048.0,46.15,141.3,20.58,1698.4
2022-12-01,1.823,1.0522,108325.0,1.8252,24685.67,619545108.0,15.92,3.73,11.78,2.2,7.8,82.5698832,229128.0,45.61,148.0,19.84,1712.67
2022-12-02,1.855,1.0538,82216.0,1.8252,24621.72,354863884.0,15.42,3.769,11.78,2.2,7.8,81.2016515,198732.0,45.76,137.0,19.06,1705.37
2022-12-05,1.884,1.0491,91073.0,1.8252,24547.84,271908042.0,15.81,3.747,11.78,2.2,7.8,78.810576,252904.0,45.41,135.0,20.75,1685.14
2022-12-06,1.796,1.0469,83942.0,1.8252,24265.45,463522685.0,16.19,3.661,11.78,2.2,7.8,75.79512,309553.0,46.36,141.0,22.17,1688.61
2022-12-07,1.783,1.0505,102176.0,1.8252,24241.35,317701141.0,16.55,3.614,11.78,2.2,7.8,73.4604381,279365.0,47.91,149.0,22.68,1699.69
2022-12-08,1.82,1.0556,89814.0,1.8252,24207.42,243494669.0,16.45,3.694,11.78,2.2,7.8,72.1391795,259015.0,47.17,137.93,22.29,1694.09
2022-12-09,1.923,1.053,81677.0,1.8252,24277.49,396141050.0,16.26,3.803,11.78,2.2,7.8,72.269887,216497.0,46.93,135.5,22.83,1705.54
2022-12-12,1.935,1.0535,72911.0,1.8252,24303.68,345228062.0,15.51,3.821,11.78,2.2,7.8,74.0296678,213072.0,44.99,136.15,25.0,1689.95
2022-12-13,1.908,1.063,76627.0,1.8252,24636.94,464187291.0,14.71,3.782,11.78,2.2,7.8,75.8980964,243816.0,43.37,137.7,22.55,1701.92
2022-12-14,1.938,1.0682,93438.0,1.8252,24573.93,314553927.0,14.06,3.855,11.78,2.2,7.8,77.419605,209833.0,41.82,131.75,21.14,1691.22
2022-12-15,2.092,1.0626,96300.0,1.8252,23726.05,568088976.0,14.39,4.154,11.74,2.2,7.9,76.4259189,194974.0,43.7,134.5,22.83,1671.64
2022-12-16,2.159,1.0582,96982.0,1.8252,23688.16,668735463.0,14.14,4.299,11.74,2.2,7.9,74.6928,243493.0,42.29,117.5,22.62,1693.12
2022-12-19,2.201,1.0605,91771.0,1.8252,23683.54,335971072.0,14.49,4.374,11.74,2.2,7.9,75.24741,174244.0,42.47,107.0,22.42,1684.4
2022-12-20,2.301,1.0621,130491.0,1.8252,23718.25,371100876.0,15.03,4.47,11.74,2.2,7.9,75.3129847,183945.0,41.79,106.0,21.48,1710.18
2022-12-21,2.303,1.0603,86752.0,1.8252,24111.97,332790994.0,14.78,4.421,11.74,2.2,7.9,77.525286,148437.0,41.18,97.5,20.07,1710.17
2022-12-22,2.367,1.0593,97304.0,1.8252,23813.3,280811051.0,14.88,4.475,11.74,2.2,7.9,76.4467396,166011.0,41.8,91.15,21.97,1688.49
2022-12-23,2.391,1.0614,94320.0,1.8252,23877.55,253043713.0,14.86,4.508,11.74,2.2,7.9,79.065228,82361.0,41.21,82.9,20.87,1693.28
2022-12-26,2.391,1.0635,17504.0,1.8252,23877.55,253043713.0,14.86,4.508,11.74,2.2,7.9,79.065228,82361.0,41.21,82.9,20.87,1689.65
2022-12-27,2.516,1.0638,68370.0,1.8252,23855.86,216142936.0,16.3,4.622,11.74,2.2,7.9,79.2727299,61995.0,43.5,82.9,21.65,1703.19
2022-12-28,2.508,1.0608,56018.0,1.8252,23770.44,283942896.0,15.99,4.65,11.74,2.2,7.9,78.4875368,57560.0,43.95,83.7,22.14,1699.59
2022-12-29,2.463,1.0661,59741.0,1.8252,24056.55,287294198.0,16.18,4.547,11.74,2.2,7.9,77.15988,10986.0,42.6,83.5,21.44,1701.71
2022-12-30,2.563,1.0702,71534.0,1.8252,23706.96,252891688.0,16.25,4.692,11.74,2.2,7.9,80.274304,168654.0,41.26,74.0,21.67,1704.09
2022-12-31,2.563,1.0702,71534.0,2.0635,23706.96,252891688.0,16.25,4.692,11.74,2.2,7.9,80.274304,168654.0,41.26,74.0,21.67,1704.09
2023-01-02,2.443,1.0662,21160.0,2.0635,24158.28,273453005.0,16.25,4.562,11.74,2.2,7.9,80.274304,168654.0,41.26,74.0,21.67,1709.82
2023-01-03,2.376,1.0546,94729.0,2.0635,24436.47,460535498.0,17.26,4.48,11.74,2.2,7.9,77.849683,302855.0,44.14,72.55,22.9,1743.51
2023-01-04,2.268,1.0599,90181.0,2.0635,24860.56,597639389.0,17.35,4.294,11.74,2.2,7.9,73.4412616,319305.0,45.83,65.0,22.01,1749.6
2023-01-05,2.307,1.052,81262.0,2.0635,24832.7,318474935.0,16.78,4.329,11.74,2.2,7.9,74.8003533,259584.0,43.93,68.6,22.46,1741.75
2023-01-06,2.21,1.0644,94848.0,2.0635,25180.35,425168343.0,16.44,4.214,11.74,2.2,7.9,73.816515,215424.0,42.94,67.7,21.13,1752.32
2023-01-09,2.218,1.0728,87404.0,2.0635,25385.09,594611474.0,16.92,4.167,11.74,2.2,7.9,74.244951,245120.0,42.75,75.0,21.97,1744.14
2023-01-10,2.301,1.0734,94334.0,2.0635,25364.61,446231272.0,16.59,4.21,11.74,2.2,7.9,74.622762,244353.0,41.6,70.0,20.58,1744.99
2023-01-11,2.184,1.0755,87811.0,2.0635,25546.86,545453659.0,16.32,4.045,11.74,2.2,7.9,76.866566,273786.0,41.19,65.8,21.09,1742.09
2023-01-12,2.132,1.0846,95625.0,2.0635,25733.96,567193114.0,15.95,3.993,11.74,2.2,7.9,77.47566,264068.0,39.28,67.35,18.83,1745.59
2023-01-13,2.143,1.0828,98068.0,2.0635,25783.48,401813484.0,16.37,3.986,11.74,2.2,7.9,78.7586384,217396.0,38.19,64.9,18.35,1772.72
2023-01-15,2.143,1.0828,98068.0,2.0635,25783.48,401813484.0,16.37,3.986,9.97,2.2,7.9,78.7586384,217396.0,38.19,64.9,18.35,1772.72
2023-01-16,2.173,1.0816,66662.0,2.0635,25901.33,453728797.0,16.37,4.014,9.97,2.2,7.9,78.0883376,125963.0,38.19,56.5,19.49,1772.68
2023-01-17,2.085,1.0788,109130.0,2.0635,25981.19,553273739.0,16.49,3.89,9.97,2.2,7.9,79.6444032,238298.0,40.1,54.6,19.36,1768.68
2023-01-18,2.011,1.0792,110023.0,2.0635,26052.39,492963678.0,16.19,3.736,9.97,2.2,7.9,78.7433178,288148.0,39.25,61.25,20.34,1763.77
2023-01-19,2.05,1.0827,103057.0,2.0635,25596.28,502674322.0,16.71,3.772,9.97,2.2,7.9,79.5790992,250959.0,39.02,58.6,20.52,1783.57
2023-01-20,2.169,1.0855,77667.0,2.0635,25775.52,448719700.0,16.4,3.974,9.97,2.2,7.9,80.7273849,212917.0,37.81,63.8,19.85,1774.48
2023-01-23,2.199,1.0868,72097.0,2.0635,25821.45,393544547.0,16.2,4.017,9.97,2.2,7.9,81.1462647,192408.0,37.3,66.9,19.81,1775.37
2023-01-24,2.159,1.0885,69931.0,2.0635,25884.31,404309426.0,16.17,3.92,9.97,2.2,7.9,79.127631,207745.0,38.26,58.93,19.2,1779.11
2023-01-25,2.16,1.0915,73249.0,2.0635,25875.3,365694196.0,16.12,4.088,9.97,2.2,7.9,78.9005604,159465.0,38.54,55.8,19.08,1781.95
2023-01-26,2.215,1.0889,85137.0,2.0635,26217.56,428513076.0,15.59,4.163,9.97,2.2,7.9,80.3289492,139104.0,38.12,56.2,18.73,1770.61
2023-01-27,2.24,1.0867,92390.0,2.0635,26435.75,408994122.0,15.23,4.231,9.97,2.2,7.9,79.7462652,107084.0,38.6,54.25,18.51,1772.91
2023-01-30,2.309,1.0844,77693.0,2.0635,26335.98,656150081.0,15.59,4.312,9.97,2.2,7.9,78.292233,65548.0,40.18,55.0,19.94,1772.21
2023-01-31,2.28,1.0862,76120.0,2.3449,26599.74,695312676.0,15.75,4.266,9.97,2.2,7.9,77.7848736,11891.0,38.55,57.22,19.4,1774.92
2023-02-01,2.296,1.0989,77541.0,2.3449,26703.87,576837519.0,15.22,4.291,9.97,2.2,7.9,75.3844,348662.0,37.99,59.3,17.87,1773.45
2023-02-02,2.06,1.091,88060.0,2.3449,27100.62,981750968.0,15.14,3.889,9.97,2.2,7.9,75.3162003,287085.0,38.49,56.65,18.73,1752.17
2023-02-03,2.196,1.0793,103103.0,2.3449,26950.74,676428443.0,15.06,4.023,9.97,2.2,7.9,74.0668082,330324.0,39.48,58.75,18.33,1727.81
2023-02-06,2.284,1.073,90141.0,2.3449,27022.33,664293506.0,15.81,4.147,9.97,2.2,7.9,75.4802503,325206.0,38.92,57.8,19.43,1740.4
2023-02-07,2.312,1.0723,111818.0,2.3449,27118.74,705675966.0,15.62,4.187,9.97,2.2,7.9,78.0467833,290979.0,37.31,54.6,18.66,1745.54
2023-02-08,2.365,1.0709,63663.0,2.3449,27160.73,668219175.0,15.46,4.241,9.97,2.2,7.9,79.4561911,254144.0,37.02,53.95,19.63,1750.43
2023-02-09,2.306,1.0736,69230.0,2.3449,27503.75,730837580.0,15.52,4.134,9.97,2.2,7.9,78.707525,260730.0,35.75,53.0,20.71,1732.6
2023-02-10,2.367,1.0675,64568.0,2.3449,27268.17,555251826.0,15.46,4.215,9.97,2.2,7.9,80.9275603,297344.0,35.89,53.72,20.53,1745.61
2023-02-13,2.375,1.072,69661.0,2.3449,27438.61,634146496.0,15.58,4.183,9.97,2.2,7.9,80.7932724,207621.0,37.77,51.65,20.34,1728.26
2023-02-14,2.446,1.0735,74179.0,2.3449,27498.26,520296308.0,14.88,4.233,9.97,2.2,7.9,79.7203374,231627.0,36.67,52.7,18.91,1726.02
2023-02-15,2.48,1.0689,65432.0,2.3449,27533.69,541963854.0,14.9,4.33,9.08,2.1,7.8,79.8764052,245984.0,35.7,54.2,18.23,1715.99
2023-02-16,2.476,1.0668,75553.0,2.3449,27853.74,611548085.0,14.92,4.335,9.08,2.1,7.8,79.8085332,197021.0,35.03,51.6,20.17,1719.29
2023-02-17,2.457,1.0694,88739.0,2.3449,27751.14,790198443.0,14.69,4.311,9.08,2.1,7.8,77.6133,303660.0,36.04,48.3,20.02,1721.51
2023-02-20,2.461,1.0682,52709.0,2.3449,27597.01,553061814.0,14.69,4.338,9.08,2.1,7.8,78.7021305,143850.0,36.04,51.5,21.23,1722.95
2023-02-21,2.536,1.0646,72421.0,2.3449,27409.34,542316626.0,15.48,4.472,9.08,2.1,7.8,78.010526,231628.0,37.05,49.26,22.87,1722.83
2023-02-22,2.513,1.0601,74530.0,2.3449,27101.53,672419585.0,15.05,4.462,9.08,2.1,7.8,76.030786,253144.0,38.36,50.28,22.29,1722.77
2023-02-23,2.47,1.0595,67058.0,2.3449,27277.62,560127174.0,14.84,4.369,9.08,2.1,7.8,77.5930864,157669.0,36.69,50.7,21.14,1718.01
2023-02-24,2.53,1.0546,65876.0,2.3449,26986.35,531513891.0,14.56,4.433,9.08,2.1,7.8,78.8548068,107150.0,37.25,50.83,21.67,1716.56
2023-02-27,2.587,1.0607,84549.0,2.3449,27444.31,491986482.0,14.35,4.432,9.08,2.1,7.8,77.7313865,58845.0,37.55,47.2,20.95,1710.96
2023-02-28,2.643,1.0576,86736.0,2.6403,27478.37,775334935.0,14.17,4.469,9.08,2.1,7.8,79.3213506,12300.0,35.42,46.97,20.7,1726.63
2023-03-01,2.718,1.0665,73210.0,2.6403,27315.08,583401452.0,14.16,4.564,9.08,2.1,7.8,79.0532715,242656.0,36.63,47.85,20.58,1719.88
2023-03-02,2.749,1.0596,70148.0,2.6403,27397.6,371830226.0,13.94,4.631,9.08,2.1,7.8,79.9828125,214215.0,35.61,47.5,19.59,1731.17
2023-03-03,2.714,1.0632,69233.0,2.6403,27825.08,428047505.0,13.93,4.538,9.08,2.1,7.8,80.7282648,312895.0,35.2,45.4,18.49,1744.07
2023-03-06,2.727,1.0678,71600.0,2.6403,27949.29,554470235.0,14.24,4.55,9.08,2.1,7.8,80.70757,244340.0,33.03,42.65,18.61,1729.44
2023-03-07,2.692,1.0547,72607.0,2.6403,27761.57,441739470.0,14.2,4.537,9.08,2.1,7.8,78.9705806,295188.0,33.76,42.4,19.59,1718.28
2023-03-08,2.644,1.0544,68373.0,2.6403,27911.52,385010329.0,13.79,4.42,9.08,2.1,7.8,78.3955706,297087.0,33.39,43.58,19.11,1719.53
2023-03-09,2.638,1.058,66706.0,2.6403,27710.53,401790812.0,14.3,4.39,9.08,2.1,7.8,77.1172362,282564.0,34.86,41.15,22.61,1729.92
2023-03-10,2.498,1.0643,91430.0,2.6403,27281.96,511907856.0,16.57,4.32,9.08,2.1,7.8,77.7784324,369281.0,36.76,46.3,24.8,1754.83
2023-03-13,2.275,1.0729,135158.0,2.6403,26183.54,913690416.0,20.0,4.204,9.08,2.1,7.8,75.2816785,467281.0,38.13,48.8,26.52,1782.99
2023-03-14,2.456,1.0732,106360.0,2.6403,26800.98,595702629.0,17.95,4.306,9.08,2.1,7.8,72.1671355,357862.0,47.41,44.8,23.73,1773.9
2023-03-15,2.116,1.0575,119114.0,2.6403,25565.84,834015249.0,19.75,4.093,7.67,2.1,7.9,69.6834747,547561.0,49.78,43.6,26.14,1811.92
2023-03-16,2.245,1.0605,123739.0,2.6403,25918.76,674231468.0,17.38,4.156,7.67,2.1,7.9,70.438365,332586.0,48.65,44.6,22.99,1809.59
2023-03-17,2.131,1.0666,92644.0,2.6403,25494.54,1045058410.0,22.83,4.055,7.67,2.1,7.9,68.4137532,427490.0,51.48,43.4,25.51,1863.05
2023-03-20,2.102,1.0719,79981.0,2.6403,25899.57,764799437.0,21.4,3.987,7.67,2.1,7.9,68.8401668,282569.0,51.14,40.5,24.15,1843.65
2023-03-21,2.278,1.0767,105661.0,2.6403,26554.33,547713306.0,19.14,4.106,7.67,2.1,7.9,69.9542032,226837.0,48.12,41.35,21.38,1800.97
2023-03-22,2.329,1.0855,91855.0,2.6403,26523.33,373498461.0,19.22,4.179,7.67,2.1,7.9,70.6491287,194042.0,46.97,39.9,22.26,1812.98
2023-03-23,2.19,1.083,73364.0,2.6403,26482.21,394823276.0,20.95,4.049,7.67,2.1,7.9,70.0922576,199644.0,46.9,40.83,22.61,1838.76
2023-03-24,2.122,1.0759,70128.0,2.6403,25892.18,537974402.0,19.96,4.013,7.67,2.1,7.9,69.6994555,156306.0,48.36,43.15,21.74,1837.58
2023-03-27,2.227,1.0796,68788.0,2.6403,26206.67,324453829.0,19.18,4.064,7.67,2.1,7.9,72.3602124,146945.0,45.41,41.5,20.6,1813.03
2023-03-28,2.284,1.0843,79173.0,2.6403,26329.46,362879238.0,19.03,4.134,7.67,2.1,7.9,72.5349625,145681.0,44.31,42.9,19.97,1819.35
2023-03-29,2.307,1.0843,80216.0,2.6403,26739.01,371529883.0,17.77,4.138,7.67,2.1,7.9,72.19373,79541.0,43.33,43.0,19.12,1810.41
2023-03-30,2.368,1.0901,85766.0,2.6403,27021.04,375512532.0,18.39,4.222,7.67,2.1,7.9,72.7183345,62922.0,42.02,43.58,19.02,1815.91
2023-03-31,2.301,1.0839,71775.0,2.9106,27113.95,389511164.0,17.31,4.123,7.67,2.1,7.9,73.5950043,6853.0,40.34,47.0,18.7,1815.63
2023-04-03,2.245,1.0895,74646.0,2.9106,27179.37,417507867.0,18.25,4.092,7.67,2.1,7.9,77.9530005,478307.0,39.49,48.55,18.55,1820.71
2023-04-04,2.266,1.0952,62684.0,2.9106,27026.56,417318415.0,19.73,4.127,7.67,2.1,7.9,77.5570152,308533.0,39.42,45.47,19.0,1844.15
2023-04-05,2.18,1.0903,62655.0,2.9106,26867.39,383442167.0,18.98,4.021,7.67,2.1,7.9,77.9511282,246479.0,39.14,45.25,19.08,1853.62
2023-04-06,2.181,1.092,50116.0,2.9106,27213.86,344858349.0,18.44,4.024,7.67,2.1,7.9,77.94864,259617.0,34.76,43.15,18.4,1837.83
2023-04-07,2.181,1.0897,32284.0,2.9106,27213.86,344858349.0,18.44,4.024,7.67,2.1,7.9,77.94864,259617.0,34.76,43.15,18.4,1842.05
2023-04-10,2.181,1.0859,29795.0,2.9106,27213.86,344858349.0,18.54,4.024,7.67,2.1,7.9,77.521362,140529.0,34.31,43.15,18.97,1834.58
2023-04-11,2.303,1.091,60001.0,2.9106,27525.51,358703329.0,18.33,4.162,7.67,2.1,7.9,78.4692699,262666.0,34.23,43.4,19.1,1837.24
2023-04-12,2.36,1.0989,65057.0,2.9106,27629.34,386924967.0,17.69,4.211,7.67,2.1,7.9,79.4703,347797.0,33.74,42.9,19.09,1832.78
2023-04-13,2.371,1.1044,80330.0,2.9106,27626.61,389280138.0,18.48,4.225,7.67,2.1,7.9,77.9519123,291944.0,32.78,41.85,17.8,1847.06
2023-04-14,2.433,1.1,70222.0,2.9106,27872.24,407647306.0,17.16,4.286,7.67,2.1,7.9,78.4635579,262578.0,32.51,41.05,17.07,1821.04
2023-04-15,2.433,1.1,70222.0,2.9106,27872.24,407647306.0,17.16,4.286,8.11,2.1,7.9,78.4635579,262578.0,32.51,41.05,17.07,1821.04
2023-04-17,2.481,1.0926,62874.0,2.9106,27700.21,376921023.0,17.37,4.323,8.11,2.1,7.9,77.57659,261810.0,32.93,41.15,16.95,1823.61
2023-04-18,2.47,1.0971,61849.0,2.9106,27891.43,376606928.0,17.14,4.288,8.11,2.1,7.9,77.2670073,315698.0,33.69,43.0,16.83,1827.54
2023-04-19,2.505,1.0954,52080.0,2.9106,27933.61,737145669.0,17.21,4.354,8.11,2.1,7.9,75.8810792,333215.0,34.44,43.05,16.46,1820.03
2023-04-20,2.444,1.0967,60873.0,2.9106,27627.12,596977274.0,17.21,4.315,8.11,2.1,7.9,73.949413,302902.0,36.41,40.7,17.17,1825.17
2023-04-21,2.485,1.0987,52712.0,2.9106,27745.81,680637965.0,16.42,4.359,8.11,2.1,7.9,74.3244822,196854.0,35.17,40.75,16.77,1804.11
2023-04-24,2.491,1.1041,62384.0,2.9106,27537.07,401807400.0,16.88,4.363,8.11,2.1,7.9,74.9302156,197899.0,34.28,39.81,16.89,1801.39
2023-04-25,2.378,1.0972,66627.0,2.9106,27253.48,383475319.0,17.72,4.268,8.11,2.1,7.9,73.6145857,209279.0,36.64,39.5,18.76,1818.5
2023-04-26,2.386,1.104,61836.0,2.9106,27107.51,448461614.0,17.74,4.261,8.11,2.1,7.9,70.371602,172821.0,39.25,38.6,18.84,1802.22
2023-04-27,2.453,1.1027,78365.0,2.9106,27158.0,367810503.0,17.28,4.35,8.11,2.1,7.9,71.0706182,104388.0,37.76,38.81,17.03,1801.8
2023-04-28,2.322,1.102,69320.0,2.9106,27077.44,447347436.0,16.47,4.181,8.11,2.1,7.9,72.1777776,13303.0,35.63,38.1,15.78,1804.61
2023-04-30,2.322,1.102,69320.0,3.167,27077.44,447347436.0,16.47,4.181,8.11,2.1,7.9,72.1777776,13303.0,35.63,38.1,15.78,1804.61
2023-05-01,2.322,1.0975,34401.0,3.167,27077.44,447347436.0,16.63,4.181,8.11,2.1,7.9,72.2640996,146564.0,35.94,38.1,16.08,1806.27
2023-05-02,2.251,1.0999,55318.0,3.167,26630.09,396391585.0,18.69,4.161,8.11,2.1,7.9,68.4786844,383586.0,39.48,38.1,17.78,1831.93
2023-05-03,2.247,1.1059,72707.0,3.167,26835.31,451218206.0,18.7,4.13,8.11,2.1,7.9,65.4036792,469620.0,43.23,36.81,18.34,1841.15
2023-05-04,2.194,1.1011,88735.0,3.167,26670.29,399239482.0,20.35,4.124,8.11,2.1,7.9,65.84305,362233.0,43.75,36.3,20.09,1861.36
2023-05-05,2.295,1.1017,65815.0,3.167,27348.57,536337028.0,18.5,4.2,8.11,2.1,7.9,68.349057,265072.0,37.35,35.72,17.19,1831.16
2023-05-08,2.318,1.1004,50366.0,3.167,27426.23,347435403.0,18.67,4.236,8.11,2.1,7.9,69.9836076,185745.0,35.54,35.72,16.98,1837.47
2023-05-09,2.338,1.096,50933.0,3.167,27383.53,355766247.0,18.73,4.268,8.11,2.1,7.9,70.6570304,283410.0,35.13,36.6,17.71,1855.45
2023-05-10,2.296,1.098,56621.0,3.167,27264.77,570764255.0,18.37,4.212,8.11,2.1,7.9,69.5904075,311373.0,34.13,34.69,16.94,1848.13
2023-05-11,2.218,1.0914,51754.0,3.167,27098.89,454332922.0,17.77,4.117,8.11,2.1,7.9,68.700425,345164.0,35.74,34.75,16.93,1845.36
2023-05-12,2.266,1.0848,45785.0,3.167,27347.32,309355625.0,17.37,4.17,8.11,2.1,7.9,68.3721311,259217.0,37.32,34.4,17.03,1852.71
2023-05-15,2.309,1.0872,41957.0,3.167,27245.46,284730742.0,17.52,4.189,7.61,0.5,7.8,69.1958017,240518.0,35.16,33.0,17.12,1853.77
2023-05-16,2.34,1.0861,47758.0,3.167,27198.87,443917192.0,17.62,4.217,7.61,0.5,7.8,68.9718843,216202.0,35.98,32.0,17.99,1830.42
2023-05-17,2.34,1.0839,50541.0,3.167,27196.46,315694923.0,16.99,4.188,7.61,0.5,7.8,71.0025264,297062.0,36.44,32.5,16.87,1827.51
2023-05-18,2.413,1.0769,48528.0,3.167,27235.65,408353801.0,16.95,4.308,7.61,0.5,7.8,70.4428374,232004.0,36.02,30.0,16.05,1816.45
2023-05-19,2.428,1.0802,50318.0,3.167,27520.33,419433117.0,17.22,4.257,7.61,0.5,7.8,69.968185,240530.0,35.85,30.5,16.81,1829.9
2023-05-22,2.451,1.0811,44063.0,3.167,27310.7,329661598.0,17.55,4.302,7.61,0.5,7.8,70.2892302,241964.0,35.52,29.36,17.21,1822.97
2023-05-23,2.465,1.0768,48966.0,3.167,27174.97,262021177.0,17.66,4.319,7.61,0.5,7.8,71.3597712,287230.0,35.11,29.2,18.53,1833.25
2023-05-24,2.453,1.0748,56681.0,3.167,26524.54,470197458.0,17.56,4.322,7.61,0.5,7.8,72.9069276,285991.0,35.86,27.82,20.03,1819.86
2023-05-25,2.488,1.0719,47756.0,3.167,26408.0,377030316.0,16.84,4.346,7.61,0.5,7.8,71.1444792,237720.0,36.74,25.5,19.14,1810.12
2023-05-26,2.538,1.0724,50739.0,3.167,26713.4,412949407.0,16.3,4.397,7.61,0.5,7.8,71.7551055,150623.0,35.95,24.55,17.95,1814.53
2023-05-29,2.433,1.0705,31530.0,3.167,26617.35,239452306.0,16.3,4.278,7.61,0.5,7.8,71.9941698,31546.0,35.95,24.85,17.46,1814.21
2023-05-30,2.36,1.0733,58898.0,3.167,26575.76,283844178.0,15.88,4.175,7.61,0.5,7.8,68.5179534,112177.0,39.68,24.6,17.46,1824.56
2023-05-31,2.272,1.0688,60602.0,3.3664,26051.33,839245758.0,15.63,4.093,7.61,0.5,7.8,67.9828758,20107.0,40.68,26.15,17.94,1834.55
2023-06-01,2.26,1.0761,52501.0,3.3664,26575.69,343360591.0,15.5,4.009,7.61,0.5,7.8,69.0269184,349919.0,40.5,24.33,15.65,1836.97
2023-06-02,2.307,1.0706,46958.0,3.3664,27068.33,326740107.0,14.32,3.975,7.61,0.5,7.8,71.1099878,273536.0,39.6,23.38,14.6,1818.48
2023-06-05,2.375,1.0712,47004.0,3.3664,26856.85,334206173.0,14.27,4.049,7.61,0.5,7.8,71.6110863,384000.0,37.45,29.23,14.73,1830.38
2023-06-06,2.368,1.0691,44636.0,3.3664,27036.67,347584817.0,13.94,4.175,7.61,0.5,7.8,71.3593773,304579.0,36.07,25.51,13.96,1835.6
2023-06-07,2.444,1.0697,45579.0,3.3664,27055.5,369944671.0,13.81,4.252,7.61,0.5,7.8,71.935938,325628.0,34.13,26.75,13.94,1812.44
2023-06-08,2.424,1.0781,48773.0,3.3664,27275.04,427430563.0,13.94,4.216,7.61,0.5,7.8,70.4574576,393894.0,35.18,27.0,13.65,1824.54
2023-06-09,2.379,1.0747,52143.0,3.3664,27162.02,359243531.0,13.69,4.119,7.61,0.5,7.8,69.5913471,260198.0,33.7,28.4,13.83,1823.64
2023-06-12,2.382,1.0757,40059.0,3.3664,27410.47,384612846.0,13.7,4.059,7.61,0.5,7.8,66.7846192,358501.0,36.35,30.22,15.01,1819.41
2023-06-13,2.426,1.0791,56214.0,3.3664,27566.03,318053936.0,13.45,4.067,7.61,0.5,7.8,68.844543,321151.0,32.38,36.13,14.61,1800.08
2023-06-14,2.443,1.0831,51544.0,3.3664,27809.09,503698068.0,12.84,4.096,7.61,0.5,7.8,67.584096,318373.0,33.66,38.95,13.88,1792.44
2023-06-15,2.501,1.0945,60836.0,3.3664,27731.78,371693081.0,13.0,4.141,6.32,0.5,7.4,69.1366522,260413.0,33.07,42.1,14.5,1788.06
2023-06-16,2.461,1.0933,61262.0,3.3664,27861.8,729056249.0,12.4,4.036,6.32,0.5,7.4,70.0721026,256247.0,32.99,32.76,13.54,1788.68
2023-06-19,2.518,1.0922,57952.0,3.3664,27754.18,342574114.0,12.4,4.129,6.32,0.5,7.4,69.6664822,141417.0,32.99,35.4,14.19,1785.17
2023-06-20,2.406,1.0916,65774.0,3.3664,27576.11,374128489.0,12.73,4.028,6.32,0.5,7.4,69.531231,276378.0,34.75,36.35,13.88,1773.05
2023-06-21,2.432,1.0984,76081.0,3.3664,27609.37,366779958.0,12.98,4.052,6.32,0.5,7.4,70.2115904,236547.0,33.26,37.9,13.2,1758.64
2023-06-22,2.488,1.0956,57440.0,3.3664,27410.08,535748899.0,12.96,4.126,6.32,0.5,7.4,67.6705436,329526.0,34.93,37.2,12.91,1744.68
2023-06-23,2.357,1.0889,59804.0,3.3664,27209.66,409199877.0,12.73,3.999,6.32,0.5,7.4,67.820886,169542.0,35.36,32.75,13.44,1762.96
2023-06-26,2.3,1.0904,46444.0,3.3664,27242.91,386297108.0,13.08,3.94,6.32,0.5,7.4,68.0297362,150173.0,36.67,32.45,14.25,1761.54
2023-06-27,2.365,1.0959,68939.0,3.3664,27401.09,355925196.0,12.88,4.003,6.32,0.5,7.4,65.9365274,161145.0,39.3,35.0,13.74,1744.96
2023-06-28,2.314,1.0911,57849.0,3.3664,27637.46,368838663.0,12.53,3.977,6.32,0.5,7.4,67.8492353,91453.0,36.86,34.13,13.43,1747.07
2023-06-29,2.414,1.0864,66850.0,3.3664,27928.44,402881862.0,12.21,4.091,6.32,0.5,7.4,68.4277398,72873.0,35.42,33.3,13.54,1755.33
2023-06-30,2.391,1.091,67612.0,3.5359,28230.83,457549886.0,12.04,4.072,6.32,0.5,7.4,68.652591,14703.0,33.28,34.53,13.59,1758.83
2023-07-03,2.433,1.0911,44220.0,3.5359,28446.9,396466150.0,12.22,4.148,6.32,0.5,7.4,68.4174715,327995.0,33.88,36.05,13.57,1760.42
2023-07-04,2.455,1.0877,41399.0,3.5359,28386.88,354004213.0,12.22,4.203,6.32,0.5,7.4,70.1019625,157957.0,33.88,34.05,13.7,1769.22
2023-07-05,2.48,1.0851,65295.0,3.5359,28220.18,368625879.0,12.46,4.17,6.32,0.5,7.4,70.6383405,293737.0,33.91,35.37,14.18,1763.95
2023-07-06,2.63,1.0887,63508.0,3.5359,27506.91,474105085.0,12.25,4.383,6.32,0.5,7.4,70.2859156,333875.0,35.13,32.5,15.44,1754.28
2023-07-07,2.635,1.0967,68847.0,3.5359,27778.32,360002172.0,12.12,4.358,6.32,0.5,7.4,71.5513001,331526.0,34.55,33.35,14.83,1754.92
2023-07-10,2.636,1.0999,64222.0,3.5359,27872.0,272183065.0,12.41,4.364,6.32,0.5,7.4,70.6334173,288399.0,38.35,31.17,15.07,1749.48
2023-07-11,2.651,1.1006,72044.0,3.5359,28061.59,294615971.0,12.64,4.419,6.32,0.5,7.4,72.14284,333835.0,32.43,30.19,14.84,1754.52
2023-07-12,2.55,1.1128,94562.0,3.5359,28552.18,457250110.0,13.12,4.277,6.32,0.5,7.4,71.9892493,362333.0,32.69,28.2,13.54,1757.67
2023-07-13,2.465,1.1224,74073.0,3.5359,28774.77,420187363.0,12.73,4.155,6.32,0.5,7.4,72.487692,416119.0,30.04,26.63,13.61,1745.76
2023-07-14,2.477,1.1227,69299.0,3.5359,28663.3,376051250.0,12.05,4.173,6.32,0.5,7.4,71.1410077,311226.0,30.0,27.35,13.34,1740.65
2023-07-15,2.477,1.1227,69299.0,3.5359,28663.3,376051250.0,12.05,4.173,5.86,0.5,7.8,71.1410077,311226.0,30.0,27.35,13.34,1740.65
2023-07-17,2.453,1.1234,57481.0,3.5359,28608.54,262088629.0,12.34,4.171,5.86,0.5,7.8,69.876775,341159.0,31.34,25.23,13.48,1740.34
2023-07-18,2.35,1.1226,76596.0,3.5359,28706.76,272962468.0,12.62,4.013,5.86,0.5,7.8,70.9336077,366473.0,30.66,25.6,13.3,1761.73
2023-07-19,2.397,1.1198,76767.0,3.5359,28712.31,344226665.0,12.89,4.074,5.86,0.5,7.8,70.9593692,311439.0,31.06,26.25,13.76,1764.1
2023-07-20,2.449,1.1128,59670.0,3.5359,28815.75,374737096.0,12.67,4.112,5.86,0.5,7.8,71.5668932,236409.0,30.15,28.5,13.99,1769.35
2023-07-21,2.428,1.1123,50369.0,3.5359,28855.09,314751698.0,12.23,4.069,5.86,0.5,7.8,72.8851728,294345.0,29.65,29.0,13.6,1762.77
2023-07-24,2.388,1.1062,71387.0,3.5359,28908.42,290903331.0,12.35,4.024,5.86,0.5,7.8,74.79696,295103.0,30.11,28.8,13.91,1765.26
2023-07-25,2.401,1.1053,69598.0,3.5359,28966.41,293283574.0,12.42,4.073,5.86,0.5,7.8,75.6716172,234661.0,30.63,32.6,13.86,1776.74
2023-07-26,2.454,1.1083,77765.0,3.5359,28980.45,410639101.0,12.11,4.111,5.86,0.5,7.8,74.8170576,173824.0,29.97,29.5,13.19,1778.41
2023-07-27,2.435,1.0973,91302.0,3.5359,29597.81,536051423.0,12.29,4.065,5.86,0.5,7.8,76.7704392,110646.0,29.12,28.6,14.41,1771.51
2023-07-28,2.458,1.1015,95158.0,3.5359,29500.2,485711720.0,11.78,4.105,5.86,0.5,7.8,77.1581715,102835.0,29.41,25.5,13.33,1778.34
2023-07-31,2.465,1.0993,83001.0,3.6718,29644.71,459718220.0,12.16,4.11,5.86,0.5,7.8,77.8313652,16527.0,28.48,27.35,13.63,1786.32
2023-08-01,2.526,1.0982,71370.0,3.6718,29356.16,485044171.0,11.83,4.187,5.86,0.5,7.8,77.3173478,297771.0,28.35,27.53,13.93,1769.27
2023-08-02,2.508,1.0936,78804.0,3.6718,28974.54,391615254.0,12.45,4.192,5.86,0.5,7.8,76.078912,399189.0,28.74,27.7,16.09,1767.82
2023-08-03,2.552,1.0944,59275.0,3.6718,28702.74,507533887.0,12.79,4.249,5.86,0.5,7.8,77.7958236,392606.0,28.54,29.8,15.92,1765.45
2023-08-04,2.541,1.101,54355.0,3.6718,28586.37,384907840.0,12.22,4.226,5.86,0.5,7.8,78.3292048,268747.0,28.06,29.73,17.1,1763.97
2023-08-07,2.561,1.1002,53511.0,3.6718,28547.61,321382978.0,12.24,4.254,5.86,0.5,7.8,77.5680862,259619.0,27.73,30.45,15.77,1758.21
2023-08-08,2.441,1.0954,93139.0,3.6718,27942.25,828374555.0,12.21,4.135,5.86,0.5,7.8,78.6654547,375869.0,27.14,31.05,15.99,1756.7
2023-08-09,2.467,1.0973,85650.0,3.6718,28308.09,621622248.0,12.33,4.146,5.86,0.5,7.8,79.7869415,388299.0,28.56,39.6,15.96,1743.53
2023-08-10,2.504,1.0979,76665.0,3.6718,28575.05,652369826.0,11.84,4.147,5.86,0.5,7.8,78.695712,337572.0,27.27,39.85,15.85,1740.95
2023-08-11,2.62,1.0944,63402.0,3.6718,28274.74,619233989.0,11.54,4.253,5.86,0.5,7.8,79.3217694,318060.0,28.04,35.99,14.84,1747.64
2023-08-14,2.638,1.0904,49694.0,3.6718,28435.49,430699693.0,11.97,4.278,5.86,0.5,7.8,79.0623289,267094.0,27.55,34.97,14.82,1748.03
2023-08-15,2.678,1.0904,58253.0,3.6718,28435.49,430699693.0,12.11,4.357,5.49,0.5,7.6,77.8517701,305414.0,28.3,39.85,16.46,1743.54
2023-08-16,2.645,1.0874,51209.0,3.6718,28169.96,358803300.0,12.43,4.348,5.49,0.5,7.6,76.742289,334451.0,28.54,37.58,16.78,1738.33
2023-08-17,2.7,1.0871,62111.0,3.6718,27879.35,304128028.0,12.89,4.411,5.49,0.5,7.6,77.3803056,305577.0,29.3,37.2,17.89,1735.56
2023-08-18,2.621,1.0865,77479.0,3.6718,27761.98,311403390.0,12.63,4.326,5.49,0.5,7.6,78.049072,287965.0,28.43,37.55,17.3,1737.46
2023-08-21,2.707,1.0891,51186.0,3.6718,27986.92,348514641.0,12.91,4.406,5.49,0.5,7.6,77.5503274,289239.0,28.9,40.0,17.13,1738.34
2023-08-22,2.655,1.0844,58685.0,3.6718,28164.99,278396933.0,12.58,4.32,5.49,0.5,7.6,77.4899451,287351.0,28.56,43.0,16.97,1748.68
2023-08-23,2.523,1.0859,67857.0,3.6718,28233.8,282953975.0,12.67,4.174,5.49,0.5,7.6,76.628089,361614.0,28.47,36.5,15.98,1762.89
2023-08-24,2.522,1.0809,66288.0,3.6718,28072.12,291265282.0,12.53,4.187,5.49,0.5,7.6,77.120504,253841.0,28.88,32.2,17.2,1772.25
2023-08-25,2.557,1.08,79652.0,3.6718,28208.45,234066130.0,12.09,4.232,5.49,0.5,7.6,78.2225664,230346.0,28.81,35.2,15.68,1772.13
2023-08-28,2.566,1.0817,56852.0,3.6718,28544.56,382143974.0,12.21,4.232,5.49,0.5,7.6,78.0437574,88354.0,28.66,38.5,15.08,1773.5
2023-08-29,2.51,1.0877,73233.0,3.6718,28889.76,501840847.0,12.5,4.155,5.49,0.5,7.6,78.5969413,115357.0,27.63,35.05,14.45,1780.18
2023-08-30,2.536,1.0924,77591.0,3.6718,28916.7,395150935.0,12.39,4.185,5.49,0.5,7.6,78.5979612,86742.0,26.63,35.25,13.88,1777.03
2023-08-31,2.471,1.0841,98538.0,3.7803,28831.52,530429237.0,11.78,4.127,5.49,0.5,7.6,80.1214012,11272.0,26.56,32.58,13.57,1788.52
2023-09-01,2.544,1.0773,74947.0,3.7803,28650.49,442734602.0,11.28,4.234,5.49,0.5,7.6,82.1965375,380759.0,27.48,35.7,13.09,1799.38
2023-09-04,2.577,1.0794,34579.0,3.7803,28647.33,564846097.0,11.28,4.295,5.49,0.5,7.6,82.45316,140669.0,27.48,33.7,13.82,1795.45
2023-09-05,2.609,1.072,68245.0,3.7803,28652.18,385180303.0,11.36,4.343,5.49,0.5,7.6,83.9929136,428448.0,28.65,33.9,14.01,1794.45
2023-09-06,2.658,1.0727,69069.0,3.7803,28211.46,540801504.0,11.31,4.41,5.49,0.5,7.6,84.460038,282913.0,28.33,30.85,14.45,1786.16
2023-09-07,2.621,1.0699,77868.0,3.7803,28155.58,397759802.0,11.11,4.351,5.49,0.5,7.6,84.0455264,213017.0,27.59,30.51,14.4,1793.7
2023-09-08,2.598,1.0699,77292.0,3.7803,28233.2,440727249.0,10.99,4.339,5.49,0.5,7.6,84.7278355,298139.0,27.16,34.5,13.84,1792.88
2023-09-11,2.636,1.0748,82530.0,3.7803,28525.1,312208936.0,10.75,4.392,5.49,0.5,7.6,84.3323624,303424.0,24.37,36.4,13.8,1787.24
2023-09-12,2.642,1.0752,84905.0,3.7803,28584.58,417066663.0,10.82,4.401,5.49,0.5,7.6,85.6213236,336574.0,24.23,35.18,14.23,1778.61
2023-09-13,2.653,1.0728,78769.0,3.7803,28481.77,412442293.0,10.33,4.457,5.49,0.5,7.6,85.6450232,302747.0,25.06,37.48,13.48,1776.03
2023-09-14,2.595,1.0641,73332.0,3.7803,28872.73,623791391.0,10.22,4.354,5.49,0.5,7.6,88.055512,310000.0,26.56,35.25,12.82,1794.64
2023-09-15,2.67,1.0655,64274.0,3.7803,28895.39,761337091.0,10.34,4.461,5.37,0.5,7.7,88.1561229,316895.0,27.16,36.7,13.79,1804.66
2023-09-18,2.717,1.069,40827.0,3.7803,28585.86,396603955.0,11.1,4.518,5.37,0.5,7.7,88.3345435,337777.0,27.91,34.03,14.0,1808.0
2023-09-19,2.741,1.0677,62271.0,3.7803,28757.63,515386770.0,11.09,4.524,5.37,0.5,7.7,88.3579006,403396.0,30.32,37.37,14.11,1807.58
2023-09-20,2.704,1.0659,80200.0,3.7803,29229.3,770231905.0,10.96,4.454,5.37,0.5,7.7,87.7470401,330592.0,30.38,37.35,15.14,1809.73
2023-09-21,2.747,1.0658,78253.0,3.7803,28708.55,528203721.0,11.11,4.553,5.37,0.5,7.7,87.539658,314693.0,31.35,38.7,17.54,1799.56
2023-09-22,2.735,1.0652,75102.0,3.7803,28575.9,497697430.0,10.87,4.582,5.37,0.5,7.7,87.5609433,240036.0,30.61,40.1,17.2,1806.48
2023-09-25,2.789,1.059,53101.0,3.7803,28382.19,461124989.0,11.43,4.653,5.37,0.5,7.7,88.0928141,177617.0,30.96,43.6,16.9,1807.26
2023-09-26,2.799,1.057,48921.0,3.7803,28098.88,405115774.0,13.63,4.73,5.37,0.5,7.7,88.8927372,169453.0,31.3,39.65,18.94,1797.04
2023-09-27,2.833,1.05,53573.0,3.7803,28012.3,357638280.0,13.86,4.777,5.37,0.5,7.7,91.952289,146716.0,32.48,39.45,18.22,1784.72
2023-09-28,2.968,1.0559,53808.0,3.7803,28163.03,472089272.0,13.09,4.92,5.37,0.5,7.7,90.3305828,91448.0,31.62,39.63,17.34,1765.03
2023-09-29,2.838,1.057,50447.0,3.7803,28243.26,381564945.0,12.94,4.786,5.37,0.5,7.7,90.1699317,12840.0,32.24,38.85,17.52,1747.98
2023-09-30,2.838,1.057,50447.0,3.88,28243.26,381564945.0,12.94,4.786,5.37,0.5,7.7,90.1699317,12840.0,32.24,38.85,17.52,1747.98
2023-10-02,2.912,1.0476,51464.0,3.88,27849.65,389361663.0,14.13,4.801,5.37,0.5,7.7,86.5881376,423483.0,32.0,38.8,17.61,1743.92
2023-10-03,2.957,1.0465,72196.0,3.88,27482.21,421049764.0,15.31,4.922,5.37,0.5,7.7,86.8804244,437642.0,33.25,37.55,19.78,1740.98
2023-10-04,2.941,1.0503,72371.0,3.88,27435.59,436014944.0,14.58,4.889,5.37,0.5,7.7,81.7005591,525561.0,35.35,37.86,18.58,1733.23
2023-10-05,2.882,1.0548,61132.0,3.88,27490.81,471642535.0,14.7,4.9,5.37,0.5,7.7,79.7025635,510684.0,36.59,36.3,18.49,1724.73
2023-10-06,2.885,1.0586,69135.0,3.88,27810.61,743314423.0,14.03,4.922,5.37,0.5,7.7,79.8976512,424456.0,35.68,38.23,17.45,1730.38
2023-10-09,2.763,1.0565,60201.0,3.88,27682.06,477989076.0,15.18,4.837,5.37,0.5,7.7,83.435738,412757.0,39.85,43.0,17.7,1760.61
2023-10-10,2.781,1.0603,67068.0,3.88,28318.22,494264683.0,14.49,4.751,5.37,0.5,7.7,82.6653445,352111.0,39.54,49.25,17.03,1753.56
2023-10-11,2.717,1.0617,54420.0,3.88,28419.06,441672438.0,14.38,4.665,5.37,0.5,7.7,80.8329998,402309.0,38.94,46.4,16.09,1764.46
2023-10-12,2.786,1.0526,46401.0,3.88,28493.35,453387835.0,13.98,4.753,5.37,0.5,7.7,81.70258,370439.0,38.52,53.29,16.69,1774.57
2023-10-13,2.732,1.0509,47219.0,3.88,28237.02,573925436.0,18.91,4.758,5.37,0.5,7.7,86.4881973,424714.0,44.24,55.4,19.32,1838.1
2023-10-15,2.732,1.0509,47219.0,3.88,28237.02,573925436.0,18.91,4.758,1.77,0.5,7.8,86.4881973,424714.0,44.24,55.4,19.32,1838.1
2023-10-16,2.782,1.0558,44304.0,3.88,28391.6,922444512.0,16.22,4.764,1.77,0.5,7.8,84.9119975,283247.0,40.7,48.6,17.21,1817.26
2023-10-17,2.883,1.0575,51655.0,3.88,28367.36,592671720.0,16.59,4.9,1.77,0.5,7.8,85.012137,252831.0,41.37,48.85,17.88,1817.33
2023-10-18,2.922,1.0535,57782.0,3.88,28135.79,618819069.0,17.38,4.988,1.77,0.5,7.8,86.85363,348193.0,44.4,49.4,19.22,1846.25
2023-10-19,2.928,1.0579,63486.0,3.88,27746.82,384626078.0,19.4,4.959,1.77,0.5,7.8,87.3240426,308996.0,45.7,51.0,21.4,1864.7
2023-10-20,2.883,1.0593,51687.0,3.88,27357.0,476957068.0,18.56,4.927,1.77,0.5,7.8,87.0008832,272722.0,43.79,50.34,21.71,1869.36
2023-10-23,2.864,1.0668,46881.0,3.88,27558.78,510222577.0,17.28,4.835,1.77,0.5,7.8,84.2048454,282444.0,41.74,50.85,20.37,1848.28
2023-10-24,2.833,1.0588,63637.0,3.88,27572.74,384426122.0,16.05,4.843,1.77,0.5,7.8,83.1794729,304124.0,41.08,48.85,18.97,1860.53
2023-10-25,2.889,1.0563,52191.0,3.88,27428.6,530722742.0,16.76,4.917,1.77,0.5,7.8,85.326071,290909.0,44.91,50.9,20.19,1873.18
2023-10-26,2.85,1.056,53908.0,3.88,27507.9,558997175.0,16.53,4.857,1.77,0.5,7.8,83.2670721,198635.0,43.93,50.4,20.68,1878.26
2023-10-27,2.834,1.0564,46785.0,3.88,27287.45,344813134.0,17.69,4.808,1.77,0.5,7.8,85.6492728,109144.0,46.64,50.9,21.27,1898.35
2023-10-30,2.827,1.0613,47743.0,3.88,27339.91,393410797.0,16.84,4.747,1.77,0.5,7.8,82.398888,99039.0,44.01,50.0,19.75,1879.65
2023-10-31,2.809,1.0576,90583.0,3.9676,27741.91,410532952.0,16.23,4.728,1.77,0.5,7.8,82.6496514,13681.0,41.99,47.9,18.14,1874.57
2023-11-01,2.758,1.0568,92958.0,3.9676,27985.44,413372038.0,15.36,4.657,1.77,0.5,7.8,80.0811375,321661.0,40.52,46.8,16.87,1874.75
2023-11-02,2.708,1.062,72157.0,3.9676,28479.39,495663028.0,14.76,4.568,1.77,0.5,7.8,81.779697,301873.0,39.79,48.95,15.66,1868.78
2023-11-03,2.638,1.0729,70705.0,3.9676,28674.83,507003254.0,14.04,4.445,1.77,0.5,7.8,79.1217245,354853.0,38.53,47.75,14.91,1856.22
2023-11-06,2.738,1.0715,48424.0,3.9676,28592.6,727107470.0,13.25,4.585,1.77,0.5,7.8,79.4959386,239234.0,36.31,45.1,14.89,1844.92
2023-11-07,2.667,1.0699,51122.0,3.9676,28395.9,367704730.0,13.33,4.492,1.77,0.5,7.8,76.2784187,402762.0,38.72,46.58,14.81,1839.82
2023-11-08,2.614,1.0707,51885.0,3.9676,28433.33,399616588.0,14.07,4.479,1.77,0.5,7.8,74.2879738,420696.0,40.44,45.65,14.45,1820.85
2023-11-09,2.653,1.0666,56415.0,3.9676,28644.09,439190866.0,14.06,4.519,1.77,0.5,7.8,75.0141756,306111.0,41.23,48.13,15.29,1835.24
2023-11-10,2.71,1.0681,54139.0,3.9676,28504.43,366605566.0,13.96,4.57,1.77,0.5,7.8,76.2380232,249548.0,39.29,46.65,14.17,1812.63
2023-11-13,2.72,1.0697,47315.0,3.9676,28925.26,520370117.0,13.92,4.566,1.77,0.5,7.8,77.1429968,243297.0,39.4,47.6,14.76,1818.52
2023-11-14,2.602,1.0879,58062.0,3.9676,29344.43,571957254.0,13.73,4.413,1.77,0.5,7.8,75.806424,248936.0,38.29,47.85,14.16,1804.06
2023-11-15,2.631,1.0846,62994.0,3.9676,29466.93,480572216.0,12.98,4.436,0.72,1.0,7.5,74.84796,299421.0,39.51,46.5,14.18,1805.65
2023-11-16,2.585,1.085,61875.0,3.9676,29258.1,457588042.0,13.04,4.348,0.72,1.0,7.5,71.3549172,441641.0,42.53,45.86,14.32,1825.08
2023-11-17,2.59,1.0907,60617.0,3.9676,29498.43,451530467.0,12.97,4.362,0.72,1.0,7.5,73.9064724,340026.0,40.43,45.0,13.8,1814.69
2023-11-20,2.615,1.0938,51495.0,3.9676,29541.9,395888597.0,12.59,4.353,0.72,1.0,7.5,75.2602368,248325.0,39.0,45.75,13.41,1807.28
2023-11-21,2.555,1.0909,56959.0,3.9676,29153.42,480206986.0,14.09,4.32,0.72,1.0,7.5,75.5794415,238513.0,38.52,43.68,13.35,1830.65
2023-11-22,2.565,1.0887,62856.0,3.9676,29154.91,300388344.0,13.35,4.322,0.72,1.0,7.5,75.2827188,367184.0,42.76,44.95,12.85,1827.08
2023-11-23,2.623,1.0904,38400.0,3.9676,29235.71,256312901.0,13.35,4.394,0.72,1.0,7.5,74.6694678,108324.0,42.76,46.6,12.8,1826.16
2023-11-24,2.645,1.0939,44568.0,3.9676,29432.3,291441399.0,13.05,4.402,0.72,1.0,7.5,73.6630128,114142.0,43.38,46.05,12.46,1829.45
2023-11-27,2.555,1.0953,47740.0,3.9676,29342.29,392656794.0,13.31,4.299,0.72,1.0,7.5,73.0209402,157356.0,43.9,44.2,12.69,1839.31
2023-11-28,2.495,1.099,53691.0,3.9676,29376.74,310413405.0,15.54,4.257,0.72,1.0,7.5,74.3222656,112496.0,43.14,43.05,12.69,1855.91
2023-11-29,2.424,1.0968,69368.0,3.9676,29688.45,586941688.0,15.04,4.182,0.72,1.0,7.5,75.765594,98236.0,42.9,39.83,12.98,1862.73
2023-11-30,2.449,1.0886,88180.0,3.9716,29737.38,872068821.0,14.22,4.229,0.72,1.0,7.5,76.0884663,15082.0,39.4,40.95,12.92,1870.06
2023-12-01,2.361,1.0881,62211.0,3.9716,29928.45,372554380.0,16.96,4.105,0.72,1.0,7.5,72.4930864,350252.0,35.7,44.01,12.63,1902.7
2023-12-04,2.35,1.0836,61565.0,3.9716,29914.09,387937888.0,17.13,4.115,0.72,1.0,7.5,72.0099855,388378.0,38.08,40.35,13.08,1872.1
2023-12-05,2.238,1.0795,65354.0,3.9716,30082.88,390244891.0,15.46,3.991,0.72,1.0,7.5,71.51422,352886.0,36.36,38.15,12.85,1869.6
2023-12-06,2.213,1.0762,53983.0,3.9716,30326.29,394851533.0,15.4,3.955,0.72,1.0,7.5,69.03956,385398.0,39.72,39.25,12.97,1881.01
2023-12-07,2.197,1.0792,58309.0,3.9716,30121.77,421881958.0,14.93,3.951,0.72,1.0,7.5,68.6154705,297940.0,37.82,40.45,13.06,1878.71
2023-12-08,2.268,1.0761,57949.0,3.9716,30403.9,315888927.0,14.14,4.055,0.72,1.0,7.5,70.4765952,228452.0,36.24,38.63,12.35,1861.02
2023-12-11,2.263,1.0761,61868.0,3.9716,30426.58,309967416.0,13.99,4.057,0.72,1.0,7.5,70.6531584,212755.0,35.3,36.5,12.63,1840.37
2023-12-12,2.23,1.0792,45741.0,3.9716,30342.15,428779792.0,12.82,4.01,0.72,1.0,7.5,67.8649164,310086.0,36.38,34.85,12.07,1833.33
2023-12-13,2.168,1.0873,45682.0,3.9716,30295.69,471257891.0,13.67,3.937,0.72,1.0,7.5,68.2976646,260182.0,36.6,35.7,12.19,1863.89
2023-12-14,2.126,1.0991,58602.0,3.9716,30359.06,828047187.0,13.96,3.812,0.72,1.0,7.5,69.7028424,257518.0,33.98,34.56,12.48,1851.74
2023-12-15,2.013,1.0894,52092.0,3.9716,30373.89,1031364368.0,13.49,3.727,0.51,1.0,7.1,70.268307,223092.0,35.13,33.15,12.28,1852.06
2023-12-18,2.074,1.0922,42483.0,3.9716,30241.02,506372065.0,13.79,3.767,0.51,1.0,7.1,71.369461,279466.0,37.09,35.4,12.56,1853.72
2023-12-19,2.016,1.098,45252.0,3.9716,30363.53,407486736.0,13.75,3.651,0.51,1.0,7.1,72.1587225,214683.0,35.04,33.43,12.53,1857.18
2023-12-20,1.978,1.0938,44479.0,3.9716,30361.21,671724039.0,13.82,3.611,0.51,1.0,7.1,72.864928,241813.0,34.98,33.91,13.67,1855.41
2023-12-21,1.954,1.1008,47987.0,3.9716,30274.26,430096598.0,14.27,3.576,0.51,1.0,7.1,72.1202577,193324.0,35.44,34.6,13.65,1857.57
2023-12-22,1.969,1.101,44570.0,3.9716,30353.29,459968733.0,15.25,3.548,0.51,1.0,7.1,71.8169089,119189.0,33.32,34.35,13.03,1863.97
2023-12-25,1.969,1.1007,2943.0,3.9716,30353.29,459968733.0,15.25,3.548,0.51,1.0,7.1,71.8169089,119189.0,33.32,34.35,13.03,1864.48
2023-12-26,1.969,1.1042,22795.0,3.9716,30353.29,459968733.0,15.83,3.548,0.51,1.0,7.1,73.4194241,59735.0,34.53,34.35,12.99,1871.08
2023-12-27,1.9,1.1103,36349.0,3.9716,30421.51,313142340.0,16.96,3.491,0.51,1.0,7.1,71.737569,70385.0,35.41,35.17,12.43,1870.39
2023-12-28,1.941,1.1059,39508.0,3.9716,30331.17,238378941.0,16.05,3.603,0.51,1.0,7.1,70.8833736,18782.0,36.45,33.15,12.47,1866.75
2023-12-29,2.028,1.1036,39790.0,3.9716,30351.62,276797303.0,15.85,3.712,0.51,1.0,7.1,69.8082552,192949.0,36.22,31.55,12.45,1868.63
2023-12-31,2.028,1.1036,39790.0,3.9331,30351.62,276797303.0,15.85,3.712,0.51,1.0,7.1,69.8082552,192949.0,36.22,31.55,12.45,1868.63
2024-01-01,2.028,1.1044,1637.0,3.9331,30351.62,276797303.0,15.85,3.712,0.51,1.0,7.1,69.8082552,192949.0,36.22,31.55,12.45,1867.27
2024-01-02,2.067,1.0947,45959.0,3.9331,30524.63,485049811.0,15.73,3.714,0.51,1.0,7.1,69.3247561,338351.0,39.05,30.25,13.2,1880.84
2024-01-03,2.017,1.0921,48144.0,3.9331,30100.84,473883030.0,14.85,3.702,0.51,1.0,7.1,71.6511775,361765.0,38.22,33.1,14.04,1868.7
2024-01-04,2.104,1.0943,47053.0,3.9331,30403.96,480991736.0,14.2,3.789,0.51,1.0,7.1,70.9040697,356646.0,37.58,33.78,14.13,1866.07
2024-01-05,2.143,1.0941,50281.0,3.9331,30440.95,396139935.0,13.81,3.83,0.51,1.0,7.1,71.9858524,291002.0,36.07,34.28,13.35,1869.23
2024-01-08,2.123,1.0949,53225.0,3.9331,30569.92,352466254.0,13.56,3.804,0.51,1.0,7.1,69.5226796,342629.0,36.79,31.56,13.08,1851.17
2024-01-09,2.189,1.0931,59779.0,3.9331,30408.78,384385055.0,13.16,3.852,0.51,1.0,7.1,70.9816597,346788.0,36.09,31.09,12.76,1856.57
2024-01-10,2.213,1.0971,53899.0,3.9331,30450.78,353820909.0,13.26,3.848,0.51,1.0,7.1,70.002432,353703.0,36.35,31.1,12.69,1844.09
2024-01-11,2.207,1.097,61845.0,3.9331,30249.16,368347857.0,12.8,3.822,0.51,1.0,7.1,70.5654078,396767.0,36.78,30.92,12.44,1849.25
2024-01-12,2.143,1.0949,57615.0,3.9331,30470.55,321479099.0,13.49,3.726,0.51,1.0,7.1,71.5046057,401343.0,40.64,31.6,12.7,1870.46
2024-01-15,2.199,1.0948,39080.0,3.9331,30327.72,291782379.0,13.49,3.783,0.93,1.0,7.1,71.3829915,177690.0,40.64,29.9,13.25,1875.9
2024-01-16,2.216,1.0874,60834.0,3.9331,30337.62,336226036.0,13.55,3.819,0.93,1.0,7.1,71.9970498,298548.0,38.34,29.42,13.84,1864.22
2024-01-17,2.274,1.0881,58889.0,3.9331,30098.86,483165501.0,13.53,3.908,0.93,1.0,7.1,71.5740564,355399.0,37.06,27.5,14.79,1842.75
2024-01-18,2.307,1.0874,59809.0,3.9331,30350.53,377503120.0,13.09,3.91,0.93,1.0,7.1,72.741942,325286.0,35.98,28.0,14.13,1859.49
2024-01-19,2.304,1.0897,47320.0,3.9331,30283.61,349628847.0,12.95,3.873,0.93,1.0,7.1,72.0929408,282310.0,35.79,28.4,13.3,1861.93
2024-01-22,2.259,1.0881,47461.0,3.9331,30182.32,343486590.0,12.83,3.84,0.93,1.0,7.1,73.5775418,319709.0,35.71,27.7,13.19,1856.86
2024-01-23,2.349,1.0851,53126.0,3.9331,30077.46,397430930.0,12.73,3.924,0.93,1.0,7.1,73.3108935,331098.0,34.99,27.26,12.55,1869.07
2024-01-24,2.334,1.0883,56193.0,3.9331,30338.35,458310331.0,12.7,3.894,0.93,1.0,7.1,73.5455544,230749.0,33.99,28.79,13.14,1849.6
2024-01-25,2.283,1.0846,56170.0,3.9331,30157.8,377463413.0,12.79,3.823,0.93,1.0,7.1,76.00046,248177.0,35.1,27.55,13.45,1861.91
2024-01-26,2.297,1.0852,51189.0,3.9331,30379.33,371247456.0,11.91,3.823,0.93,1.0,7.1,76.9904895,240245.0,34.78,28.08,13.26,1859.19
2024-01-29,2.239,1.0833,44790.0,3.9331,30233.61,441501356.0,13.08,3.744,0.93,1.0,7.1,76.064264,129910.0,36.32,28.4,13.6,1875.73
2024-01-30,2.273,1.084,52607.0,3.9331,30623.27,727520244.0,13.05,3.809,0.93,1.0,7.1,76.4484037,89312.0,36.19,28.95,13.31,1877.37
2024-01-31,2.161,1.0816,68049.0,3.9253,30744.24,570200765.0,13.16,3.727,0.93,1.0,7.1,75.5457976,14379.0,37.25,29.96,14.35,1885.16
2024-02-01,2.138,1.0872,64170.0,3.9253,30689.11,468782635.0,13.72,3.726,0.93,1.0,7.1,72.387473,525769.0,35.38,28.85,13.88,1889.27
2024-02-02,2.229,1.0784,54026.0,3.9253,30717.95,520237829.0,12.66,3.81,0.93,1.0,7.1,71.708109,411746.0,34.85,29.5,13.85,1889.68
2024-02-05,2.324,1.0741,53106.0,3.9253,30952.79,593462398.0,12.49,3.895,0.93,1.0,7.1,72.6094699,293369.0,34.43,28.1,13.67,1884.4
2024-02-06,2.297,1.0754,56018.0,3.9253,31116.75,552362831.0,12.31,3.859,0.93,1.0,7.1,73.0800551,305614.0,33.01,28.61,13.06,1892.82
2024-02-07,2.299,1.0771,54546.0,3.9253,30976.02,524444063.0,11.84,3.894,0.93,1.0,7.1,73.5401482,291684.0,31.21,28.1,12.83,1888.48
2024-02-08,2.356,1.0776,54921.0,3.9253,31064.15,451399698.0,11.71,3.943,0.93,1.0,7.1,75.7518237,436501.0,31.64,27.73,12.79,1886.8
2024-02-09,2.38,1.0782,53033.0,3.9253,31156.06,449210985.0,11.2,3.965,0.93,1.0,7.1,76.2287593,315322.0,32.44,26.85,12.93,1876.65
2024-02-12,2.366,1.0771,41292.0,3.9253,31456.73,460387376.0,11.81,3.916,0.93,1.0,7.1,76.13044,246238.0,32.69,25.78,13.93,1874.63
2024-02-13,2.392,1.0709,49865.0,3.9253,31134.17,469957643.0,12.15,3.941,0.93,1.0,7.1,77.2897983,331801.0,32.37,25.45,15.85,1860.59
2024-02-14,2.348,1.0725,49000.0,3.9253,31329.38,499189359.0,12.02,3.866,0.93,1.0,7.1,76.08384,344360.0,32.76,24.95,14.38,1856.72
2024-02-15,2.353,1.0771,45907.0,3.9253,31694.44,548123426.0,11.79,3.855,0.72,0.5,7.3,76.9288812,330451.0,32.02,25.0,14.01,1859.44
2024-02-16,2.401,1.0774,51478.0,3.9253,31732.39,506430433.0,11.75,3.886,0.72,0.5,7.3,77.4735152,337055.0,30.84,24.65,14.24,1867.79
2024-02-19,2.411,1.0777,47788.0,3.9253,31676.05,609360405.0,11.75,3.903,0.72,0.5,7.3,77.535324,185058.0,30.84,23.6,14.71,1870.27
2024-02-20,2.37,1.0803,71256.0,3.9253,31701.48,397550678.0,11.81,3.862,0.72,0.5,7.3,76.2196678,297026.0,31.81,23.7,15.42,1872.87
2024-02-21,2.441,1.0817,65544.0,3.9253,32018.4,438970669.0,11.46,3.949,0.72,0.5,7.3,76.7587441,305182.0,31.05,23.9,15.34,1872.07
2024-02-22,2.435,1.0823,69582.0,3.9253,32356.26,513711505.0,11.19,3.917,0.72,0.5,7.3,77.3077332,275284.0,30.55,22.81,14.54,1869.42
2024-02-23,2.362,1.0818,58632.0,3.9253,32700.92,496144265.0,11.5,3.809,0.72,0.5,7.3,75.4487118,226400.0,31.31,23.45,13.75,1881.09
2024-02-26,2.431,1.0847,63371.0,3.9253,32557.81,466009020.0,11.29,3.886,0.72,0.5,7.3,76.0852323,180341.0,31.71,23.8,13.74,1871.18
2024-02-27,2.456,1.0844,58968.0,3.9253,32706.44,474443084.0,10.95,3.898,0.72,0.5,7.3,77.1395205,79807.0,31.35,24.4,13.43,1871.35
2024-02-28,2.462,1.0836,67613.0,3.9253,32617.96,415182848.0,10.93,3.894,0.72,0.5,7.3,77.224088,107854.0,31.21,25.45,13.84,1876.46
2024-02-29,2.401,1.0803,80211.0,3.9232,32580.94,892202606.0,11.16,3.835,0.72,0.5,7.3,77.4045254,16337.0,31.5,24.88,13.4,1891.15
2024-03-01,2.413,1.0837,76509.0,3.9232,32934.29,735500091.0,13.47,3.884,0.72,0.5,7.3,77.096598,402472.0,31.08,25.65,13.11,1921.77
2024-03-04,2.397,1.0854,67158.0,3.9232,32912.34,507704288.0,14.61,3.823,0.72,0.5,7.3,76.285296,369831.0,30.47,26.7,13.49,1946.76
2024-03-05,2.322,1.0855,87447.0,3.9232,33146.16,601909446.0,14.54,3.713,0.72,0.5,7.3,75.5777092,450397.0,30.19,27.18,14.46,1959.1
2024-03-06,2.331,1.0897,88249.0,3.9232,33363.84,724241403.0,15.17,3.661,0.72,0.5,7.3,76.1307328,372050.0,29.57,26.2,14.5,1970.39
2024-03-07,2.294,1.0946,81937.0,3.9232,33418.68,2500857610.0,15.09,3.603,0.72,0.5,7.3,75.7905968,374565.0,29.57,26.17,14.44,1972.05
2024-03-08,2.269,1.0937,86436.0,3.9232,33403.8,1669214795.0,15.47,3.577,0.72,0.5,7.3,75.0482064,320299.0,29.64,26.6,14.74,1990.23
2024-03-11,2.297,1.0926,54136.0,3.9232,33315.07,1486982198.0,15.5,3.625,0.72,0.5,7.3,75.2427025,347327.0,29.11,24.81,15.22,1997.27
2024-03-12,2.326,1.0924,66564.0,3.9232,33753.12,955250480.0,14.1,3.604,0.72,0.5,7.3,74.9912064,320254.0,29.36,25.0,13.84,1974.86
2024-03-13,2.355,1.0946,56586.0,3.9232,33885.43,894905704.0,14.09,3.588,0.72,0.5,7.3,76.7681274,391687.0,29.52,24.62,13.75,1985.6
2024-03-14,2.42,1.0881,46545.0,3.9232,33786.18,973927576.0,13.3,3.677,0.72,0.5,7.3,78.5035426,383733.0,31.51,26.3,14.4,1986.08
2024-03-15,2.437,1.0887,38729.0,3.9232,33940.03,1284171203.0,13.54,3.701,1.14,0.5,6.9,78.3873502,287008.0,29.77,27.33,14.41,1979.2
2024-03-18,2.457,1.0871,54621.0,3.9232,33940.96,542304838.0,13.83,3.684,1.14,0.5,6.9,79.9283732,390067.0,29.81,29.01,14.33,1986.15
2024-03-19,2.45,1.0865,58853.0,3.9232,34262.36,498109954.0,13.48,3.707,1.14,0.5,6.9,80.4236782,367418.0,29.22,29.15,13.82,1985.02
2024-03-20,2.435,1.0918,75185.0,3.9232,34293.29,692874330.0,13.62,3.714,1.14,0.5,6.9,78.723324,386301.0,28.82,27.45,13.04,2001.27
2024-03-21,2.398,1.086,100643.0,3.9232,34327.95,672541182.0,13.42,3.671,1.14,0.5,6.9,78.9870818,271872.0,27.53,26.51,12.92,2007.98
2024-03-22,2.321,1.0805,75544.0,3.9232,34343.61,646395469.0,12.53,3.637,1.14,0.5,6.9,79.065465,168348.0,26.92,27.15,13.06,2002.95
2024-03-25,2.375,1.0836,48864.0,3.9232,34639.41,575389470.0,12.09,3.695,1.14,0.5,6.9,80.0572375,175000.0,27.49,27.97,13.19,2003.44
2024-03-26,2.348,1.083,53430.0,3.9232,34688.17,620066395.0,12.57,3.653,1.14,0.5,6.9,79.6398,126815.0,27.25,27.55,13.24,2010.74
2024-03-27,2.291,1.0826,48494.0,3.9232,34759.69,655096377.0,13.58,3.613,1.14,0.5,6.9,79.521333,96507.0,26.6,27.6,12.78,2026.27
2024-03-28,2.293,1.0787,52121.0,3.9232,34750.35,462912123.0,15.44,3.671,1.14,0.5,6.9,81.0974592,18685.0,26.27,27.28,13.01,2069.86
2024-03-29,2.293,1.0793,81500.0,3.9232,34750.35,462912123.0,15.44,3.671,1.14,0.5,6.9,81.0974592,18685.0,26.27,27.28,13.01,2068.16
2024-03-31,2.293,1.0793,81500.0,3.9224,34750.35,462912123.0,15.44,3.671,1.14,0.5,6.9,81.0974592,18685.0,26.27,27.28,13.01,2068.16
2024-04-01,2.293,1.0743,34304.0,3.9224,34750.35,462912123.0,16.25,3.671,1.14,0.5,6.9,81.3740328,274955.0,27.65,27.28,13.65,2095.67
2024-04-02,2.411,1.0768,50836.0,3.9224,34325.23,568587096.0,17.13,3.802,1.14,0.5,6.9,82.5782256,427936.0,29.04,26.2,14.61,2116.79
2024-04-03,2.398,1.0835,46605.0,3.9224,34480.87,575937122.0,17.49,3.833,1.14,0.5,6.9,82.4637955,367368.0,29.08,25.8,14.33,2121.4
2024-04-04,2.359,1.0835,42957.0,3.9224,34454.58,506655084.0,17.29,3.715,1.14,0.5,6.9,83.6636045,390949.0,32.17,26.1,16.35,2112.81
2024-04-05,2.4,1.0835,54735.0,3.9224,34010.88,523842771.0,16.92,3.791,1.14,0.5,6.9,84.1435281,390775.0,32.36,26.79,16.03,2149.1
2024-04-08,2.44,1.0858,49711.0,3.9224,34315.96,391045409.0,18.17,3.806,1.14,0.5,6.9,83.2381724,392338.0,30.57,27.68,15.19,2153.33
2024-04-09,2.368,1.0855,61344.0,3.9224,33946.29,476656876.0,18.3,3.716,1.14,0.5,6.9,82.3763866,346434.0,28.96,27.3,14.98,2166.49
2024-04-10,2.429,1.0742,66483.0,3.9224,34039.63,613381550.0,18.67,3.77,1.14,0.5,6.9,84.2305464,371230.0,30.08,27.35,15.8,2171.6
2024-04-11,2.476,1.0724,69637.0,3.9224,33713.94,480350652.0,18.97,3.867,1.14,0.5,6.9,83.6816526,377533.0,31.27,28.65,14.91,2211.03
2024-04-12,2.358,1.0642,61865.0,3.9224,33764.15,441884665.0,20.21,3.742,1.14,0.5,6.9,84.9931515,401215.0,32.19,30.5,17.31,2201.01
2024-04-15,2.434,1.0622,74291.0,3.9224,33954.28,455217652.0,22.25,3.836,0.82,0.5,6.8,84.823744,410360.0,35.59,31.35,19.23,2241.66
2024-04-16,2.486,1.0617,84429.0,3.9224,33393.85,435593837.0,20.56,3.913,0.82,0.5,6.8,84.7889378,323523.0,33.61,33.28,18.4,2243.09
2024-04-17,2.471,1.0671,104496.0,3.9224,33632.71,416030059.0,19.01,3.882,0.82,0.5,6.8,81.8012048,462933.0,33.0,31.5,18.21,2210.01
2024-04-18,2.493,1.0643,99394.0,3.9224,33881.5,451675202.0,18.65,3.886,0.82,0.5,6.8,81.8468138,433240.0,31.4,32.5,18.0,2234.69
2024-04-19,2.505,1.0654,100088.0,3.9224,33922.16,488078687.0,18.51,3.903,0.82,0.5,6.8,81.9312669,499709.0,31.86,30.74,18.71,2243.96
2024-04-22,2.491,1.0654,68816.0,3.9224,33724.82,457290862.0,17.76,3.823,0.82,0.5,6.8,81.65907,372125.0,29.7,29.21,16.94,2183.36
2024-04-23,2.506,1.0699,62338.0,3.9224,34363.75,886528054.0,17.73,3.816,0.82,0.5,6.8,82.6435214,341782.0,28.86,28.52,15.69,2169.29
2024-04-24,2.586,1.0697,47758.0,3.9224,34271.12,528226493.0,17.45,3.959,0.82,0.5,6.8,82.2846168,241644.0,29.04,29.1,15.97,2163.9
2024-04-25,2.624,1.0729,55384.0,3.9224,33939.75,418555551.0,17.32,3.984,0.82,0.5,6.8,82.9617705,241354.0,28.34,29.96,15.37,2172.96
2024-04-26,2.574,1.0692,73387.0,3.9224,34249.77,422866702.0,16.92,3.89,0.82,0.5,6.8,83.70756,113700.0,27.81,29.26,15.03,2185.29
2024-04-29,2.528,1.0719,81188.0,3.9224,34296.31,428794183.0,16.92,3.819,0.82,0.5,6.8,82.470128,99952.0,27.84,28.15,14.67,2177.85
2024-04-30,2.582,1.0665,88520.0,3.8864,33746.66,453152991.0,16.54,3.874,0.82,0.5,6.8,82.381929,14191.0,27.87,29.09,15.65,2142.6
2024-05-01,2.582,1.0709,49696.0,3.8864,33746.66,453152991.0,16.25,3.874,0.82,0.5,6.8,77.9154376,482834.0,28.7,28.65,15.39,2164.79
2024-05-02,2.553,1.0725,96003.0,3.8864,33736.4,460914238.0,16.05,3.873,0.82,0.5,6.8,78.013908,392637.0,27.65,30.8,14.68,2146.84
2024-05-03,2.51,1.0758,100346.0,3.8864,33629.21,659743951.0,15.83,3.836,0.82,0.5,6.8,77.1146384,335565.0,28.09,30.14,13.49,2139.5
2024-05-06,2.477,1.0768,43604.0,3.8864,33986.9,333445828.0,16.23,3.806,0.82,0.5,6.8,77.3869044,222392.0,28.58,31.79,13.49,2157.49
2024-05-07,2.421,1.0752,55228.0,3.8864,34242.49,432064905.0,15.75,3.76,0.82,0.5,6.8,77.3437896,365212.0,27.83,30.62,13.23,2151.27
2024-05-08,2.461,1.0745,47711.0,3.8864,34151.41,429414914.0,15.29,3.797,0.82,0.5,6.8,77.7853986,395430.0,27.91,30.7,13.0,2146.79
2024-05-09,2.498,1.0781,56353.0,3.8864,34339.32,457005605.0,16.27,3.838,0.82,0.5,6.8,77.8037328,309448.0,27.95,30.95,12.69,2175.9
2024-05-10,2.52,1.0769,64574.0,3.8864,34657.35,487475270.0,16.2,3.852,0.82,0.5,6.8,76.8779661,311453.0,27.88,29.85,12.55,2190.79
2024-05-13,2.508,1.0788,68814.0,3.8864,34815.91,503132609.0,16.52,3.853,0.82,0.5,6.8,77.2713856,331784.0,28.04,29.75,13.6,2164.74
2024-05-14,2.541,1.0818,46766.0,3.8864,35151.42,695326625.0,16.61,3.882,0.82,0.5,6.8,76.1512482,333574.0,28.01,29.7,13.42,2178.02
2024-05-15,2.423,1.0882,55721.0,3.8864,35366.2,730951164.0,16.99,3.733,0.82,0.7,6.5,76.0431125,385983.0,28.07,29.49,12.45,2191.56
2024-05-16,2.445,1.0865,54118.0,3.8864,35410.13,495932571.0,16.26,3.748,0.82,0.7,6.5,76.6408753,305714.0,27.08,30.65,12.42,2186.05
2024-05-17,2.515,1.087,51696.0,3.8864,35398.82,557966856.0,17.4,3.807,0.82,0.7,6.5,77.2582408,277184.0,28.06,30.73,11.99,2220.79
2024-05-20,2.532,1.0855,41166.0,3.8864,34825.01,523257576.0,17.58,3.817,0.82,0.7,6.5,77.1161633,299828.0,27.89,31.8,12.15,2234.13
2024-05-21,2.507,1.0854,51995.0,3.8864,34603.61,479311056.0,16.76,3.803,0.82,0.7,6.5,76.3590016,388556.0,27.38,32.92,11.86,2230.25
2024-05-22,2.533,1.0821,52044.0,3.8864,34460.52,451645290.0,16.45,3.828,0.82,0.7,6.5,75.686247,347596.0,27.71,34.79,12.29,2196.98
2024-05-23,2.6,1.0813,72990.0,3.8864,34467.67,530608132.0,16.03,3.899,0.82,0.7,6.5,75.2425416,322411.0,28.66,35.37,12.77,2153.14
2024-05-24,2.583,1.0845,52674.0,3.8864,34490.71,489469981.0,15.26,3.887,0.82,0.7,6.5,75.7212096,180639.0,27.56,33.75,11.93,2151.02
2024-05-27,2.547,1.0858,41002.0,3.8864,34761.97,354520445.0,15.26,3.833,0.82,0.7,6.5,76.533438,56705.0,27.56,35.23,12.36,2164.78
2024-05-28,2.589,1.0855,50542.0,3.8864,34659.55,391101009.0,15.92,3.898,0.82,0.7,6.5,77.5859906,184255.0,27.53,33.55,12.92,2174.6
2024-05-29,2.683,1.08,54293.0,3.8864,34150.54,450280995.0,15.83,4.001,0.82,0.7,6.5,77.407748,127270.0,26.77,33.88,14.28,2163.55
2024-05-30,2.655,1.0832,58875.0,3.8864,34447.57,1211532615.0,15.74,3.957,0.82,0.7,6.5,75.5723334,105407.0,29.24,34.93,14.47,2164.52
2024-05-31,2.648,1.0841,65587.0,3.8137,34492.41,1046300789.0,15.26,3.965,0.82,0.7,6.5,75.2879204,17293.0,30.34,34.47,12.92,2145.6
2024-06-03,2.585,1.0902,62460.0,3.8137,34670.06,838981287.0,16.0,3.894,0.82,0.7,6.5,71.8764936,458864.0,30.84,36.4,13.11,2154.42
2024-06-04,2.539,1.0878,64080.0,3.8137,34276.02,553987043.0,16.22,3.866,0.82,0.7,6.5,71.2633608,472048.0,30.59,34.2,13.16,2137.33
2024-06-05,2.498,1.0868,54205.0,3.8137,34507.84,467716989.0,16.5,3.807,0.82,0.7,6.5,72.1473933,339354.0,29.18,33.37,12.63,2165.14
2024-06-06,2.541,1.0888,48102.0,3.8137,34834.3,472012548.0,16.85,3.864,0.82,0.7,6.5,73.3558028,344983.0,27.71,33.18,12.58,2181.3
2024-06-07,2.616,1.08,52149.0,3.8137,34660.38,362948086.0,17.13,3.957,0.82,0.7,6.5,73.7225466,267067.0,26.42,33.1,12.22,2122.14
2024-06-10,2.674,1.0763,54796.0,3.8137,34542.01,391058866.0,16.66,4.081,0.82,0.7,6.5,75.8432493,344710.0,25.69,34.41,12.74,2145.36
2024-06-11,2.622,1.0739,57294.0,3.8137,33874.48,521145371.0,16.45,4.064,0.82,0.7,6.5,76.2830848,332530.0,25.54,34.28,12.85,2156.37
2024-06-12,2.535,1.0807,67888.0,3.8137,34358.83,493848275.0,15.92,3.924,0.82,0.7,6.5,76.432258,333394.0,24.8,35.06,12.04,2148.61
2024-06-13,2.493,1.0735,65727.0,3.8137,33609.85,514784947.0,15.71,3.947,0.82,0.7,6.5,77.0841075,333998.0,24.45,35.73,11.94,2144.95
2024-06-14,2.357,1.07,65398.0,3.8137,32665.21,709195536.0,16.07,3.916,0.82,0.7,6.5,77.2149996,336484.0,24.71,35.37,12.66,2179.11
2024-06-15,2.357,1.07,65398.0,3.8137,32665.21,709195536.0,16.07,3.916,0.92,0.7,6.7,77.2149996,336484.0,24.71,35.37,12.66,2179.11
2024-06-17,2.413,1.0734,42927.0,3.8137,32908.05,367868028.0,15.63,3.944,0.92,0.7,6.7,78.488985,359719.0,24.17,34.3,12.75,2159.02
2024-06-18,2.392,1.0738,59141.0,3.8137,33315.68,376591732.0,15.64,3.887,0.92,0.7,6.7,79.4652691,402243.0,23.73,34.65,12.3,2168.12
2024-06-19,2.403,1.0742,42341.0,3.8137,33220.31,316369714.0,15.64,3.944,0.92,0.7,6.7,79.1942151,251826.0,23.73,35.3,12.48,2164.61
2024-06-20,2.423,1.07,55771.0,3.8137,33675.15,349086555.0,16.4,3.942,0.92,0.7,6.7,80.1028518,256456.0,24.23,34.46,13.28,2204.76
2024-06-21,2.409,1.0691,65288.0,3.8137,33308.77,778922811.0,15.86,3.943,0.92,0.7,6.7,79.7309388,240122.0,24.74,33.95,13.2,2170.8
2024-06-24,2.421,1.0732,53343.0,3.8137,33834.91,383695033.0,15.49,3.93,0.92,0.7,6.7,80.1432579,179764.0,25.42,34.48,13.33,2173.36
2024-06-25,2.411,1.0713,57160.0,3.8137,33707.21,336770204.0,14.88,3.937,0.92,0.7,6.7,79.3525845,197495.0,25.75,34.5,12.84,2164.18
2024-06-26,2.451,1.0679,52299.0,3.8137,33541.98,397013329.0,14.88,3.991,0.92,0.7,6.7,79.829805,142864.0,26.24,34.17,12.55,2149.84
2024-06-27,2.453,1.0702,54934.0,3.8137,33186.89,324964389.0,15.01,4.035,0.92,0.7,6.7,80.722816,119994.0,26.28,34.15,12.24,2174.35
2024-06-28,2.485,1.0713,62824.0,3.8137,33154.05,365935352.0,14.72,4.064,0.92,0.7,6.7,80.6594145,20941.0,26.54,34.1,12.44,2170.96
2024-06-30,2.485,1.0713,62824.0,3.7245,33154.05,365935352.0,14.72,4.064,0.92,0.7,6.7,80.6594145,20941.0,26.54,34.1,12.44,2170.96
2024-07-01,2.605,1.0738,73967.0,3.7245,33716.54,393762730.0,14.86,4.107,0.92,0.7,6.7,80.647982,401364.0,27.29,33.45,12.22,2169.65
2024-07-02,2.609,1.0744,69351.0,3.7245,33481.4,407352992.0,14.35,4.076,0.92,0.7,6.7,80.26788,429154.0,25.82,33.7,12.03,2167.4
2024-07-03,2.559,1.0786,64498.0,3.7245,33844.95,417858289.0,14.89,3.984,0.92,0.7,6.7,80.9755342,334820.0,24.62,32.8,12.09,2183.91
2024-07-04,2.585,1.081,43648.0,3.7245,34106.01,282322832.0,14.89,4.008,0.92,0.7,6.7,80.8788701,179039.0,24.62,33.64,12.26,2179.17
2024-07-05,2.532,1.0836,52421.0,3.7245,33987.67,359143065.0,15.62,3.94,0.92,0.7,6.7,79.863439,265302.0,23.78,33.05,12.48,2206.15
2024-07-08,2.519,1.0822,52782.0,3.7245,34046.54,373789343.0,15.13,3.888,0.92,0.7,6.7,79.23643,303583.0,23.81,32.2,12.37,2178.74
2024-07-09,2.56,1.0812,44040.0,3.7245,33864.47,319069424.0,14.64,3.955,0.92,0.7,6.7,78.302034,354292.0,24.19,31.1,12.51,2185.51
2024-07-10,2.536,1.083,44141.0,3.7245,34306.4,523294402.0,14.89,3.864,0.92,0.7,6.7,78.5594688,401561.0,24.01,30.78,12.85,2189.1
2024-07-11,2.471,1.0865,49965.0,3.7245,34318.11,420305908.0,15.74,3.789,0.92,0.7,6.7,78.601306,336696.0,24.01,31.11,12.92,2221.89
2024-07-12,2.496,1.0906,51416.0,3.7245,34580.52,387044986.0,15.12,3.795,0.92,0.7,6.7,77.9665579,363928.0,24.12,31.7,12.46,2210.25
2024-07-15,2.47,1.0894,52669.0,3.7245,34375.92,296593441.0,15.98,3.751,1.33,0.7,6.4,77.887209,229269.0,23.83,31.55,13.12,2223.15
2024-07-16,2.432,1.0897,47476.0,3.7245,34369.19,290944859.0,17.15,3.71,1.33,0.7,6.4,76.8373464,327853.0,24.41,32.78,13.19,2264.67
2024-07-17,2.421,1.0937,53869.0,3.7245,34379.64,326217473.0,16.7,3.716,1.33,0.7,6.4,77.7911964,325399.0,25.28,31.58,14.48,2246.25
2024-07-18,2.411,1.0896,52276.0,3.7245,34529.13,407967867.0,16.25,3.704,1.33,0.7,6.4,78.1114047,368318.0,25.68,32.06,15.93,2244.14
2024-07-19,2.463,1.0877,48567.0,3.7245,34215.84,358430547.0,16.34,3.772,1.33,0.7,6.4,75.9675431,362336.0,26.83,31.75,16.52,2206.41
2024-07-22,2.483,1.0889,57411.0,3.7245,34615.05,608197480.0,15.74,3.766,1.33,0.7,6.4,75.672864,341722.0,26.83,31.9,14.91,2199.72
2024-07-23,2.438,1.0851,64694.0,3.7245,34637.75,667686621.0,15.44,3.756,1.33,0.7,6.4,74.6563857,384324.0,26.74,31.4,14.72,2218.89
2024-07-24,2.442,1.0839,69541.0,3.7245,34471.65,433198396.0,15.98,3.802,1.33,0.7,6.4,75.3848289,298195.0,26.85,32.7,18.04,2211.0
2024-07-25,2.413,1.0844,67143.0,3.7245,33771.07,481967313.0,15.54,3.775,1.33,0.7,6.4,75.9591429,332159.0,26.49,31.9,18.46,2179.33
2024-07-26,2.403,1.0857,52219.0,3.7245,33812.44,330934594.0,15.2,3.766,1.33,0.7,6.4,74.7255978,204946.0,29.77,32.38,16.39,2197.8
2024-07-29,2.36,1.0819,48836.0,3.7245,33640.83,288200299.0,15.64,3.71,1.33,0.7,6.4,73.740654,132252.0,30.82,33.98,16.6,2202.63
2024-07-30,2.342,1.0815,39118.0,3.7245,33908.02,408639752.0,16.3,3.701,1.33,0.7,6.4,72.7044432,87783.0,31.49,34.53,17.69,2226.59
2024-07-31,2.302,1.0825,34857.0,3.6848,33763.86,395506531.0,17.88,3.652,1.33,0.7,6.4,74.5683288,12089.0,33.69,35.03,16.36,2259.89
2024-08-01,2.248,1.0791,40261.0,3.6848,32857.43,587351418.0,17.61,3.646,1.33,0.7,6.4,73.691184,364930.0,33.42,36.89,18.59,2266.89
2024-08-02,2.16,1.0908,43211.0,3.6848,32018.82,645161210.0,18.7,3.635,1.33,0.7,6.4,70.4163356,501310.0,38.83,37.1,23.39,2239.12
2024-08-05,2.182,1.0952,82452.0,3.6848,31293.52,763033845.0,21.95,3.675,1.33,0.7,6.4,69.668004,557814.0,43.63,35.85,38.57,2200.68
2024-08-06,2.181,1.093,57511.0,3.6848,31107.13,478252000.0,19.1,3.654,1.33,0.7,6.4,69.9723168,393032.0,40.42,36.81,27.71,2186.41
2024-08-07,2.272,1.0921,36881.0,3.6848,31831.64,468287274.0,18.12,3.707,1.33,0.7,6.4,71.7244311,444744.0,38.01,38.55,27.85,2181.53
2024-08-08,2.269,1.0918,35586.0,3.6848,31741.91,351410608.0,18.45,3.704,1.33,0.7,6.4,72.5042272,320083.0,34.77,40.2,23.79,2222.96
2024-08-09,2.222,1.0916,25849.0,3.6848,31782.23,272839522.0,17.8,3.644,1.33,0.7,6.4,72.9757294,213072.0,33.37,40.4,20.37,2226.73
2024-08-12,2.225,1.0931,28905.0,3.6848,31928.32,228420637.0,20.61,3.64,1.33,0.7,6.4,75.290509,328381.0,35.17,40.7,20.71,2259.22
2024-08-13,2.182,1.0992,32411.0,3.6848,32006.45,304415127.0,19.18,3.57,1.33,0.7,6.4,73.4077275,356457.0,33.26,39.37,18.12,2241.94
2024-08-14,2.177,1.1012,30641.0,3.6848,32328.03,280142033.0,18.49,3.565,1.33,0.7,6.4,72.430056,359131.0,31.51,39.0,16.19,2222.28
2024-08-15,2.262,1.0971,25062.0,3.6848,32328.03,280142033.0,18.16,3.565,1.02,0.7,6.3,73.8671496,270927.0,31.14,39.55,15.23,2238.96
2024-08-16,2.258,1.1028,23768.0,3.6848,33040.81,401515562.0,20.09,3.645,1.02,0.7,6.3,72.2522304,320913.0,31.0,39.3,14.8,2273.64
2024-08-19,2.254,1.1085,23726.0,3.6848,33266.32,462794840.0,18.77,3.63,1.02,0.7,6.3,70.0586392,366537.0,32.03,39.76,14.65,2258.89
2024-08-20,2.215,1.113,37120.0,3.6848,33075.62,317618967.0,18.47,3.591,1.02,0.7,6.3,69.361884,367144.0,32.05,38.1,15.88,2257.45
2024-08-21,2.201,1.115,34519.0,3.6848,33312.41,269871015.0,18.63,3.569,1.02,0.7,6.3,68.206203,323323.0,32.7,37.16,16.27,2251.77
2024-08-22,2.245,1.1112,49618.0,3.6848,33310.93,288930129.0,17.89,3.615,1.02,0.7,6.3,69.4925946,277529.0,31.73,36.72,17.55,2234.8
2024-08-23,2.225,1.119,31541.0,3.6848,33650.17,248063087.0,17.49,3.565,1.02,0.7,6.3,70.6170132,216340.0,30.54,36.67,15.86,2244.38
2024-08-26,2.249,1.1161,29380.0,3.6848,33604.8,376985769.0,17.9,3.595,1.02,0.7,6.3,72.9596514,234375.0,30.99,37.03,16.15,2255.76
2024-08-27,2.279,1.1184,28059.0,3.6848,33778.8,383586826.0,17.69,3.664,1.02,0.7,6.3,71.1280415,238217.0,31.25,38.63,15.43,2256.01
2024-08-28,2.254,1.112,29324.0,3.6848,33880.05,295086963.0,17.18,3.644,1.02,0.7,6.3,70.728372,121160.0,32.12,38.38,17.11,2251.9
2024-08-29,2.282,1.1077,29728.0,3.6848,34192.06,333429459.0,17.22,3.668,1.02,0.7,6.3,72.1674338,97644.0,31.81,38.98,15.65,2275.86
2024-08-30,2.29,1.1047,32457.0,3.6848,34372.67,426715914.0,16.4,3.694,1.02,0.7,6.3,71.331336,17105.0,33.36,39.05,15.0,2265.6
2024-08-31,2.29,1.1047,32457.0,3.5476,34372.67,426715914.0,16.4,3.694,1.02,0.7,6.3,71.331336,17105.0,33.36,39.05,15.0,2265.6
2024-09-02,2.338,1.1071,23623.0,3.5476,34320.6,252878470.0,16.4,3.705,1.02,0.7,6.3,70.0207152,181373.0,33.36,38.5,15.55,2257.1
2024-09-03,2.274,1.1043,29651.0,3.5476,33863.43,420915303.0,16.55,3.669,1.02,0.7,6.3,66.7843125,568052.0,35.36,37.0,20.72,2256.24
2024-09-04,2.217,1.1082,28167.0,3.5476,33682.26,335377054.0,16.19,3.577,1.02,0.7,6.3,65.601572,523500.0,37.95,35.65,21.32,2251.22
2024-09-05,2.208,1.111,28754.0,3.5476,33684.8,364001584.0,16.48,3.57,1.02,0.7,6.3,65.4275421,394468.0,36.61,36.1,19.9,2264.9
2024-09-06,2.171,1.1083,36310.0,3.5476,33291.39,457291529.0,16.49,3.55,1.02,0.7,6.3,64.1160168,374052.0,37.58,36.35,22.38,2252.21
2024-09-09,2.171,1.1034,24870.0,3.5476,33590.34,289274555.0,16.16,3.548,1.02,0.7,6.3,65.1078736,314516.0,37.0,37.15,19.45,2270.03
2024-09-10,2.148,1.1019,23918.0,3.5476,33213.29,423619890.0,16.08,3.52,1.02,0.7,6.3,62.7913088,395714.0,40.23,35.52,19.08,2282.65
2024-09-11,2.098,1.1011,34118.0,3.5476,33174.42,338737923.0,15.52,3.459,1.02,0.7,6.3,64.1265898,354353.0,37.76,35.2,17.69,2280.42
2024-09-12,2.156,1.1074,35095.0,3.5476,33453.78,764202037.0,16.74,3.554,1.02,0.7,6.3,64.9903494,361866.0,36.07,35.26,17.07,2310.17
2024-09-13,2.149,1.1076,29137.0,3.5476,33568.47,488164208.0,16.88,3.517,1.02,0.7,6.3,64.6530885,260635.0,35.22,35.75,16.56,2327.05
2024-09-15,2.149,1.1076,29137.0,3.5476,33568.47,488164208.0,16.88,3.517,0.82,0.7,6.1,64.6530885,260635.0,35.22,35.75,16.56,2327.05
2024-09-16,2.12,1.1132,30512.0,3.5476,33569.98,519663008.0,17.03,3.48,0.82,0.7,6.1,65.3520525,232184.0,34.71,34.2,17.14,2318.51
2024-09-17,2.147,1.1113,30082.0,3.5476,33780.28,539786391.0,17.49,3.505,0.82,0.7,6.1,66.318945,274588.0,35.29,35.4,17.61,2311.69
2024-09-18,2.191,1.1118,38391.0,3.5476,33655.49,592494659.0,17.13,3.576,0.82,0.7,6.1,66.243756,290808.0,36.19,35.09,18.23,2301.2
2024-09-19,2.192,1.1161,52964.0,3.5476,34044.86,600133610.0,16.76,3.556,0.82,0.7,6.1,67.0909824,299013.0,33.72,33.33,16.33,2317.09
2024-09-20,2.221,1.1162,28678.0,3.5476,33762.25,913863969.0,17.08,3.572,0.82,0.7,6.1,66.735591,221094.0,32.22,34.44,16.15,2348.79
2024-09-23,2.175,1.1112,33666.0,3.5476,33679.8,338458809.0,17.72,3.52,0.82,0.7,6.1,66.504827,273950.0,34.39,36.21,15.89,2364.18
2024-09-24,2.136,1.118,37611.0,3.5476,33881.26,336848626.0,19.26,3.478,0.82,0.7,6.1,67.2358065,238473.0,33.76,35.41,15.39,2376.06
2024-09-25,2.189,1.1132,42036.0,3.5476,33840.54,250809316.0,19.13,3.543,0.82,0.7,6.1,65.9898526,283657.0,34.4,37.58,15.41,2386.3
2024-09-26,2.172,1.1176,44585.0,3.5476,34409.34,503973774.0,18.82,3.48,0.82,0.7,6.1,64.065532,162218.0,39.76,37.38,15.37,2390.77
2024-09-27,2.14,1.1163,44763.0,3.5476,34727.4,372634523.0,18.59,3.456,0.82,0.7,6.1,64.4811236,99353.0,39.62,38.11,16.96,2380.84
2024-09-30,2.132,1.1134,34353.0,3.4337,34125.26,487924822.0,18.08,3.462,0.82,0.7,6.1,64.4602255,19517.0,39.86,38.85,16.73,2365.84
2024-10-01,2.043,1.1067,40174.0,3.4337,33771.08,486523975.0,18.57,3.379,0.82,0.7,6.1,66.4680804,869146.0,42.87,39.38,19.26,2405.12
2024-10-02,2.102,1.1045,29478.0,3.4337,33675.26,421988876.0,18.07,3.438,0.82,0.7,6.1,66.908321,541739.0,46.52,38.7,18.9,2406.0
2024-10-03,2.137,1.1031,37217.0,3.4337,33170.03,677511623.0,18.28,3.478,0.82,0.7,6.1,70.3656348,643308.0,54.5,39.8,20.49,2407.03
2024-10-04,2.212,1.0976,32829.0,3.4337,33594.12,504674863.0,17.48,3.517,0.82,0.7,6.1,71.109794,562047.0,46.37,40.83,19.21,2416.87
2024-10-07,2.25,1.0974,29651.0,3.4337,33814.52,395303068.0,17.71,3.566,0.82,0.7,6.1,73.7466532,496795.0,48.32,40.9,22.64,2406.98
2024-10-08,2.247,1.098,36840.0,3.4337,33733.9,327287920.0,17.64,3.553,0.82,0.7,6.1,70.291685,646380.0,52.35,38.6,21.42,2386.87
2024-10-09,2.257,1.0939,34644.0,3.4337,33933.03,351426006.0,17.62,3.562,0.82,0.7,6.1,70.0063728,497001.0,48.8,38.55,20.86,2383.66
2024-10-10,2.253,1.0935,36025.0,3.4337,34077.42,426228081.0,17.27,3.538,0.82,0.7,6.1,72.610506,400887.0,52.36,40.08,20.93,2403.35
2024-10-11,2.274,1.0937,22169.0,3.4337,34308.01,641889491.0,17.27,3.566,0.82,0.7,6.1,72.2686432,365343.0,52.68,39.65,20.46,2427.99
2024-10-14,2.276,1.0909,27202.0,3.4337,34680.55,401585679.0,17.47,3.55,0.82,0.7,6.1,71.0052582,343072.0,51.62,40.4,19.7,2427.6
2024-10-15,2.228,1.089,28664.0,3.4337,34578.45,492746552.0,17.38,3.464,0.92,0.7,6.1,68.1815475,491233.0,48.64,39.9,20.64,2443.45
2024-10-16,2.177,1.0861,28037.0,3.4337,34660.0,458241749.0,17.31,3.405,0.92,0.7,6.1,68.3365806,323371.0,47.84,39.5,19.58,2459.36
2024-10-17,2.202,1.0831,32650.0,3.4337,35038.73,456578853.0,17.57,3.398,0.92,0.7,6.1,68.738196,298428.0,46.88,39.6,19.11,2485.81
2024-10-18,2.183,1.0866,27791.0,3.4337,35204.26,429283495.0,17.77,3.358,0.92,0.7,6.1,67.237118,320777.0,47.22,39.35,18.03,2504.08
2024-10-21,2.278,1.0815,20535.0,3.4337,34955.95,333488723.0,18.19,3.509,0.92,0.7,6.1,68.6915056,279248.0,46.82,39.99,18.37,2513.83
2024-10-22,2.317,1.0797,24534.0,3.4337,34733.52,343029915.0,18.73,3.555,0.92,0.7,6.1,70.4267272,353150.0,47.69,41.05,18.2,2544.75
2024-10-23,2.313,1.0781,23893.0,3.4337,34697.23,506482079.0,18.98,3.527,0.92,0.7,6.1,69.5298976,288437.0,47.78,41.3,19.24,2516.96
2024-10-24,2.257,1.0827,37218.0,3.4337,34698.81,385195402.0,18.66,3.463,0.92,0.7,6.1,68.6988556,272667.0,46.66,42.18,19.08,2525.81
2024-10-25,2.291,1.0793,26973.0,3.4337,34776.1,357484158.0,18.88,3.507,0.92,0.7,6.1,70.4626065,209780.0,48.97,43.5,20.33,2544.87
2024-10-28,2.285,1.0812,25608.0,3.4337,35016.44,333319123.0,18.34,3.495,0.92,0.7,6.1,66.056358,317177.0,42.96,42.63,19.8,2535.87
2024-10-29,2.334,1.0818,33156.0,3.4337,34925.59,345443001.0,18.51,3.559,0.92,0.7,6.1,65.7426168,108885.0,42.47,43.55,19.34,2564.43
2024-10-30,2.375,1.0855,29461.0,3.4337,34502.7,398146115.0,18.68,3.627,0.92,0.7,6.1,66.8352365,90921.0,41.13,41.22,20.35,2567.21
2024-10-31,2.392,1.0883,36226.0,3.1666,34281.24,426007966.0,19.46,3.667,0.92,0.7,6.1,67.2237976,14265.0,48.79,38.2,23.16,2520.98
2024-11-01,2.405,1.0834,29666.0,3.1666,34676.17,328993435.0,19.29,3.681,0.92,0.7,6.1,67.472762,336957.0,44.14,38.9,21.88,2525.37
2024-11-04,2.39,1.0877,33508.0,3.1666,34540.73,344767144.0,19.91,3.666,0.92,0.7,6.1,69.0262996,299385.0,45.75,40.48,21.98,2514.59
2024-11-05,2.431,1.093,34907.0,3.1666,34472.06,342390285.0,19.59,3.682,0.92,0.7,6.1,69.1031523,296478.0,45.61,40.35,20.49,2509.84
2024-11-06,2.393,1.0728,101891.0,3.1666,33940.72,624762018.0,17.63,3.721,0.92,0.7,6.1,69.8359288,467562.0,44.74,40.72,16.27,2477.72
2024-11-07,2.44,1.0804,49966.0,3.1666,33981.23,506580653.0,17.37,3.744,0.92,0.7,6.1,70.0016154,397043.0,42.55,41.6,15.2,2503.67
2024-11-08,2.365,1.0718,43275.0,3.1666,33816.58,482787755.0,15.91,3.661,0.92,0.7,6.1,68.9214487,324163.0,38.76,42.15,14.94,2503.75
2024-11-11,2.325,1.0654,30875.0,3.1666,34343.83,354100659.0,16.02,3.592,0.92,0.7,6.1,67.4203563,366901.0,37.74,43.9,14.97,2456.06
2024-11-12,2.353,1.0623,35934.0,3.1666,33607.14,525441626.0,16.25,3.634,0.92,0.7,6.1,67.6736515,317337.0,34.32,43.55,14.71,2445.41
2024-11-13,2.386,1.0563,41510.0,3.1666,33707.52,411588770.0,17.05,3.633,0.92,0.7,6.1,68.427476,388334.0,37.12,43.67,14.02,2434.93
2024-11-14,2.343,1.053,44576.0,3.1666,34358.16,895767120.0,17.39,3.55,0.92,0.7,6.1,68.9080552,264408.0,30.9,46.35,14.31,2434.61
2024-11-15,2.349,1.0541,42560.0,3.1666,34191.79,461802132.0,17.17,3.547,1.33,0.4,6.1,67.3942272,307470.0,35.07,45.72,16.14,2429.53
2024-11-18,2.372,1.0599,45034.0,3.1666,33758.43,439309778.0,16.97,3.573,1.33,0.4,6.1,69.157817,333852.0,36.89,47.05,15.58,2463.14
2024-11-19,2.339,1.0595,73812.0,3.1666,33324.73,544255374.0,17.85,3.552,1.33,0.4,6.1,69.1929104,354131.0,37.28,46.01,16.35,2483.39
2024-11-20,2.342,1.0543,66065.0,3.1666,33227.7,338448891.0,18.34,3.574,1.33,0.4,6.1,69.060285,260505.0,36.74,46.83,17.16,2513.45
2024-11-21,2.313,1.0473,64037.0,3.1666,33294.96,387014469.0,17.59,3.559,1.33,0.4,6.1,70.8777732,307868.0,36.91,48.6,16.87,2545.58
2024-11-22,2.253,1.0417,76441.0,3.1666,33494.83,428627915.0,17.54,3.508,1.33,0.4,6.1,72.1609449,298303.0,35.74,46.79,15.24,2602.75
2024-11-25,2.205,1.0494,75315.0,3.1666,33427.72,823025540.0,17.8,3.465,1.33,0.4,6.1,69.5734193,282155.0,37.44,48.06,14.6,2498.77
2024-11-26,2.199,1.0486,95901.0,3.1666,33167.64,449817217.0,17.0,3.459,1.33,0.4,6.1,69.4352565,200697.0,38.74,46.9,14.1,2510.1
2024-11-27,2.167,1.0564,84790.0,3.1666,33089.72,334977475.0,16.54,3.412,1.33,0.4,6.1,68.9416063,106533.0,37.0,46.5,14.1,2496.01
2024-11-28,2.125,1.0553,57220.0,3.1666,33260.13,288001251.0,16.54,3.346,1.33,0.4,6.1,69.440128,49822.0,37.0,46.28,13.9,2501.62
2024-11-29,2.088,1.0575,81744.0,3.1666,33414.56,380268369.0,16.37,3.282,1.33,0.4,6.1,68.9742522,23330.0,34.95,47.5,13.51,2508.55
2024-11-30,2.088,1.0575,81744.0,3.0068,33414.56,380268369.0,16.37,3.282,1.33,0.4,6.1,68.9742522,23330.0,34.95,47.5,13.51,2508.55
2024-12-02,2.035,1.0497,87546.0,3.0068,33483.17,426767833.0,16.33,3.262,1.33,0.4,6.1,68.4288495,289485.0,34.71,48.47,13.34,2512.65
2024-12-03,2.056,1.0509,80103.0,3.0068,33829.34,414505048.0,16.21,3.246,1.33,0.4,6.1,70.0545834,365424.0,34.55,48.47,13.3,2514.85
2024-12-04,2.053,1.051,81423.0,3.0068,34083.91,433109987.0,15.92,3.213,1.33,0.4,6.1,68.8007957,340349.0,33.82,47.06,13.45,2520.56
2024-12-05,2.105,1.0586,67062.0,3.0068,34626.28,538473548.0,15.93,3.193,1.33,0.4,6.1,68.0990976,318757.0,29.45,46.53,13.54,2484.78
2024-12-06,2.113,1.0568,70344.0,3.0068,34749.5,448159472.0,15.04,3.202,1.33,0.4,6.1,67.2973,290064.0,30.98,46.37,12.77,2490.69
2024-12-09,2.119,1.0552,60090.0,3.0068,34559.83,420210261.0,15.75,3.193,1.33,0.4,6.1,68.3663566,231212.0,27.7,45.01,14.19,2519.39
2024-12-10,2.117,1.0526,57452.0,3.0068,34524.7,404773398.0,16.34,3.204,1.33,0.4,6.1,68.5826657,265902.0,28.61,45.55,14.18,2556.97
2024-12-11,2.132,1.0494,81156.0,3.0068,34731.31,544906376.0,16.86,3.201,1.33,0.4,6.1,70.0594136,308964.0,31.99,44.74,13.58,2587.63
2024-12-12,2.19,1.0467,81212.0,3.0068,34857.37,495362793.0,15.43,3.314,1.33,0.4,6.1,70.1344458,324253.0,33.64,42.6,13.92,2560.39
2024-12-13,2.248,1.0502,64189.0,3.0068,34888.79,695101178.0,15.63,3.384,1.33,0.4,6.1,70.929378,246401.0,34.92,41.14,13.81,2521.81
2024-12-15,2.248,1.0502,64189.0,3.0068,34888.79,695101178.0,15.63,3.384,1.33,0.4,6.4,70.929378,246401.0,34.92,41.14,13.81,2521.81
2024-12-16,2.244,1.051,52261.0,3.0068,34740.25,802998482.0,15.38,3.395,1.33,0.4,6.4,70.3231477,234416.0,33.41,39.96,14.69,2522.51
2024-12-17,2.233,1.0489,62720.0,3.0068,34315.24,1172183820.0,15.64,3.386,1.33,0.4,6.4,69.7778822,270248.0,30.71,42.12,15.87,2520.92
2024-12-18,2.242,1.0352,70891.0,3.0068,34400.99,557313027.0,16.54,3.4,1.33,0.4,6.4,70.89474,285296.0,32.6,40.97,27.62,2496.88
2024-12-19,2.306,1.0362,86220.0,3.0068,33787.0,978558235.0,15.83,3.476,1.33,0.4,6.4,70.3335728,302552.0,30.5,43.28,24.09,2502.62
2024-12-20,2.288,1.0429,79197.0,3.0068,33766.29,855656430.0,15.73,3.451,1.33,0.4,6.4,69.9392484,240707.0,29.27,43.81,18.36,2512.5
2024-12-23,2.329,1.0405,66580.0,3.0068,33739.9,327667842.0,15.54,3.503,1.33,0.4,6.4,69.8032404,184073.0,30.16,45.75,16.78,2510.07
2024-12-24,2.325,1.0397,45654.0,3.0068,33739.9,327667842.0,14.71,3.503,1.33,0.4,6.4,70.7707156,93488.0,30.35,45.53,14.27,2512.93
2024-12-25,2.325,1.0404,5175.0,3.0068,33739.9,327667842.0,14.71,3.503,1.33,0.4,6.4,70.7707156,93488.0,30.35,45.53,14.27,2511.0
2024-12-26,2.325,1.0422,41885.0,3.0068,33739.9,327667842.0,15.19,3.503,1.33,0.4,6.4,70.2937026,54047.0,30.01,45.53,14.73,2525.47
2024-12-27,2.392,1.0427,53693.0,3.0068,34160.97,299542906.0,14.67,3.534,1.33,0.4,6.4,71.1327385,82603.0,30.21,47.75,15.95,2512.23
2024-12-30,2.361,1.0407,56136.0,3.0068,34186.18,257118764.0,15.02,3.527,1.33,0.4,6.4,71.4806071,23415.0,30.77,47.85,17.4,2504.26
2024-12-31,2.364,1.0353,65114.0,2.8161,34186.18,257118764.0,14.62,3.527,1.33,0.4,6.4,72.094776,190978.0,30.02,48.4,17.35,2534.1
2025-01-01,2.364,1.0355,399.0,2.8161,34186.18,257118764.0,14.62,3.527,1.33,0.4,6.4,72.094776,190978.0,30.02,48.4,17.35,2533.13
2025-01-02,2.368,1.0265,75313.0,2.8161,34374.77,365123023.0,15.07,3.53,1.33,0.4,6.4,73.9694874,365430.0,29.54,49.8,17.93,2588.93
2025-01-03,2.426,1.0308,55008.0,2.8161,34127.62,338242542.0,14.49,3.601,1.33,0.4,6.4,74.2238812,314609.0,29.98,49.6,16.13,2560.02
2025-01-06,2.449,1.039,69605.0,2.8161,34780.81,375527701.0,14.76,3.576,1.33,0.4,6.4,73.435698,372574.0,29.31,47.17,16.04,2537.12
2025-01-07,2.487,1.0339,66920.0,2.8161,34938.9,505449825.0,14.68,3.636,1.33,0.4,6.4,74.5235305,368628.0,31.09,46.35,17.82,2561.43
2025-01-08,2.525,1.0318,61921.0,2.8161,35108.74,493185099.0,14.82,3.685,1.33,0.4,6.4,73.8127488,442514.0,31.56,45.4,17.7,2578.98
2025-01-09,2.532,1.0298,45939.0,2.8161,35315.51,363840909.0,14.82,3.708,1.33,0.4,6.4,74.6939352,302920.0,31.56,45.3,18.07,2591.08
2025-01-10,2.569,1.0244,66369.0,2.8161,35090.23,530209940.0,15.77,3.776,1.33,0.4,6.4,77.8601168,762618.0,33.91,45.41,19.54,2624.95
2025-01-13,2.592,1.0244,61478.0,2.8161,34799.27,366753952.0,15.27,3.829,1.33,0.4,6.4,79.0803418,610623.0,33.98,48.25,19.19,2597.57
2025-01-14,2.624,1.0307,84867.0,2.8161,35124.59,585835683.0,15.0,3.837,1.33,0.4,6.4,77.5391832,445379.0,33.51,47.3,18.71,2596.66
2025-01-15,2.529,1.0289,61420.0,2.8161,35646.96,596605658.0,15.23,3.687,1.43,0.4,6.6,79.7257773,484576.0,32.93,47.0,16.12,2620.66
2025-01-16,2.522,1.0298,64793.0,2.8161,35819.79,482661151.0,15.4,3.657,1.43,0.4,6.6,78.9374674,453670.0,33.13,46.3,16.6,2635.31
2025-01-17,2.505,1.0271,57208.0,2.8161,36267.63,496292692.0,14.98,3.643,1.43,0.4,6.6,78.6587598,309195.0,33.52,47.4,15.97,2630.01
2025-01-20,2.494,1.0414,60822.0,2.8161,36143.83,668313386.0,14.98,3.615,1.43,0.4,6.6,76.9640375,285721.0,33.52,47.72,15.81,2599.59
2025-01-21,2.478,1.0429,71000.0,2.8161,36059.17,393681071.0,15.5,3.588,1.43,0.4,6.6,76.0280094,390293.0,35.1,49.83,15.06,2632.11
2025-01-22,2.5,1.0407,62371.0,2.8161,35854.07,562243955.0,15.24,3.6,1.43,0.4,6.6,75.91031,315478.0,34.68,48.77,15.1,2648.29
2025-01-23,2.514,1.0415,60089.0,2.8161,36112.84,430421485.0,14.95,3.637,1.43,0.4,6.6,75.1701435,348163.0,34.18,49.17,15.02,2643.88
2025-01-24,2.546,1.0493,69870.0,2.8161,36200.72,532690293.0,14.85,3.658,1.43,0.4,6.6,74.81207,246784.0,29.98,49.85,14.85,2640.54
2025-01-27,2.505,1.0491,58148.0,2.8161,36191.17,462187555.0,15.23,3.633,1.43,0.4,6.6,73.472656,247123.0,35.98,47.92,17.9,2610.17
2025-01-28,2.561,1.0428,71818.0,2.8161,36147.06,855447786.0,15.46,3.653,1.43,0.4,6.6,74.3098104,215557.0,31.95,48.22,16.41,2648.67
2025-01-29,2.572,1.042,89524.0,2.8161,36371.67,414185263.0,14.84,3.654,1.43,0.4,6.6,73.4930602,104849.0,33.02,51.49,16.56,2647.87
2025-01-30,2.518,1.039,99740.0,2.8161,36429.72,523868769.0,16.09,3.6,1.43,0.4,6.6,73.9843002,84786.0,31.05,51.6,15.84,2689.49
2025-01-31,2.46,1.0362,97475.0,2.7031,36471.75,343673309.0,15.82,3.56,1.43,0.4,6.6,74.0780056,17825.0,29.96,53.7,16.43,2702.36
2025-02-03,2.388,1.0344,111455.0,2.7031,36218.98,509669340.0,16.81,3.501,1.43,0.4,6.6,73.4335704,548326.0,35.3,53.75,18.62,2720.7
2025-02-04,2.394,1.0377,105202.0,2.7031,36719.35,560545074.0,17.11,3.498,1.43,0.4,6.6,73.431654,576119.0,33.62,52.35,17.21,2738.11
2025-02-05,2.36,1.0402,98307.0,2.7031,36581.48,454549734.0,17.19,3.45,1.43,0.4,6.6,71.7263235,343530.0,34.25,53.45,15.77,2755.5
2025-02-06,2.374,1.0381,92367.0,2.7031,37121.77,711830314.0,16.27,3.442,1.43,0.4,6.6,71.563557,378113.0,36.25,54.2,15.5,2750.1
2025-02-07,2.378,1.0327,98566.0,2.7031,37055.7,1361405278.0,16.23,3.475,1.43,0.4,6.6,72.2962644,290575.0,29.66,55.98,16.54,2770.19
2025-02-10,2.361,1.0306,61888.0,2.7031,37242.17,948719859.0,17.59,3.45,1.43,0.4,6.6,73.6174197,271703.0,32.09,58.26,15.81,2820.8
2025-02-11,2.428,1.036,70189.0,2.7031,37582.05,732372282.0,17.48,3.532,1.43,0.4,6.6,74.32425,349471.0,29.76,56.45,16.02,2795.75
2025-02-12,2.479,1.0382,82675.0,2.7031,37531.19,762449592.0,17.34,3.565,1.43,0.4,6.6,72.4141278,371408.0,31.79,55.9,15.89,2796.72
2025-02-13,2.42,1.0464,99872.0,2.7031,37908.05,1202663013.0,17.13,3.502,1.43,0.4,6.6,71.6936132,331423.0,31.47,51.05,15.1,2797.56
2025-02-14,2.424,1.0491,80352.0,2.7031,37977.59,1370867439.0,17.23,3.518,1.43,0.4,6.6,71.242168,302061.0,28.46,50.73,14.77,2747.27
2025-02-15,2.424,1.0491,80352.0,2.7031,37977.59,1370867439.0,17.23,3.518,1.63,0.7,6.2,71.242168,302061.0,28.46,50.73,14.77,2747.27
2025-02-17,2.484,1.0482,55784.0,2.7031,38327.72,802872753.0,17.23,3.548,1.63,0.7,6.2,71.7613844,209468.0,28.46,47.72,15.37,2763.36
2025-02-18,2.492,1.0445,69878.0,2.7031,38554.15,686047447.0,18.03,3.547,1.63,0.7,6.2,72.609216,320980.0,27.47,49.61,15.35,2809.01
2025-02-19,2.55,1.0421,66834.0,2.7031,38348.16,924138463.0,16.76,3.635,1.63,0.7,6.2,72.967984,270918.0,28.36,47.1,15.27,2814.02
2025-02-20,2.534,1.05,81118.0,2.7031,38249.03,471872039.0,16.45,3.616,1.63,0.7,6.2,72.8380224,275613.0,29.3,47.6,15.66,2798.17
2025-02-21,2.464,1.0458,88422.0,2.7031,38421.05,463321517.0,16.55,3.556,1.63,0.7,6.2,71.1707103,241091.0,35.79,46.06,18.21,2806.91
2025-02-24,2.47,1.0466,81813.0,2.7031,38472.56,613633036.0,16.73,3.557,1.63,0.7,6.2,71.4500466,141269.0,31.3,46.3,18.98,2820.49
2025-02-25,2.452,1.0513,85171.0,2.7031,38714.52,532235350.0,16.72,3.528,1.63,0.7,6.2,69.456624,188294.0,32.77,43.99,19.43,2771.11
2025-02-26,2.439,1.0483,76662.0,2.7031,39224.71,693421722.0,16.36,3.491,1.63,0.7,6.2,69.1885429,126279.0,33.36,41.4,19.1,2781.01
2025-02-27,2.414,1.0397,80958.0,2.7031,38622.84,548304795.0,16.45,3.487,1.63,0.7,6.2,71.2131528,78868.0,31.72,44.93,21.13,2765.61
2025-02-28,2.387,1.0375,100781.0,2.525,38655.09,637789436.0,15.82,3.467,1.63,0.7,6.2,70.5352748,16149.0,29.97,44.45,19.63,2754.6
2025-03-03,2.491,1.0486,86224.0,2.525,39069.4,526157141.0,16.81,3.546,1.63,0.7,6.2,68.300413,413714.0,38.52,45.31,22.78,2756.73
2025-03-04,2.481,1.0624,119525.0,2.525,37736.16,802661260.0,17.25,3.56,1.63,0.7,6.2,66.8678208,505149.0,37.52,43.3,23.51,2744.45
2025-03-05,2.783,1.079,118551.0,2.525,38519.4,659682033.0,16.92,3.848,1.63,0.7,6.2,64.225854,473002.0,35.04,41.0,21.93,2704.35
2025-03-06,2.885,1.0783,117806.0,2.525,38779.67,696969519.0,16.83,3.944,1.63,0.7,6.2,64.4165094,409420.0,37.14,38.03,24.87,2699.88
2025-03-07,2.836,1.0832,119062.0,2.525,38592.81,596530564.0,16.19,3.903,1.63,0.7,6.2,64.9556484,395503.0,29.75,38.79,23.37,2687.11
2025-03-10,2.826,1.0832,85905.0,2.525,38225.82,543969705.0,17.06,3.9,1.63,0.7,6.2,63.9586032,275176.0,34.82,41.04,27.86,2664.79
2025-03-11,2.872,1.0918,101397.0,2.525,37698.31,558636691.0,17.14,3.958,1.63,0.7,6.2,63.7113952,282859.0,31.83,43.48,26.92,2669.5
2025-03-12,2.889,1.0886,83299.0,2.525,38307.11,417177798.0,16.82,3.943,1.63,0.7,6.2,65.1753795,273313.0,31.09,41.85,24.23,2693.99
2025-03-13,2.854,1.0852,79561.0,2.525,37999.73,572831829.0,17.41,3.939,1.63,0.7,6.2,64.3937212,331690.0,32.8,43.2,24.66,2753.58
2025-03-14,2.874,1.0879,74757.0,2.525,38655.3,988251169.0,17.13,3.944,1.63,0.7,6.2,64.877136,238548.0,33.52,42.15,21.77,2742.55
2025-03-15,2.874,1.0879,74757.0,2.525,38655.3,988251169.0,17.13,3.944,1.94,0.7,6.3,64.877136,238548.0,33.52,42.15,21.77,2742.55
2025-03-17,2.803,1.0921,68874.0,2.525,39022.4,563509900.0,17.6,3.852,1.94,0.7,6.3,65.0766669,267542.0,30.9,41.2,20.51,2746.01
2025-03-18,2.816,1.0943,81387.0,2.525,39533.71,806427319.0,17.53,3.868,1.94,0.7,6.3,64.4798448,315330.0,36.12,40.72,21.7,2772.04
2025-03-19,2.799,1.0901,72752.0,2.525,39712.66,441979178.0,16.74,3.849,1.94,0.7,6.3,64.930033,248394.0,33.87,43.72,19.9,2794.7
2025-03-20,2.779,1.0851,72479.0,2.525,39188.17,585646610.0,16.45,3.843,1.94,0.7,6.3,66.35304,290989.0,29.72,42.85,19.8,2805.15
2025-03-21,2.766,1.0814,69397.0,2.525,39035.71,829683443.0,15.98,3.822,1.94,0.7,6.3,66.7285168,218697.0,28.43,42.6,19.28,2795.5
2025-03-24,2.77,1.08,65864.0,2.525,38972.81,757809490.0,15.8,3.821,1.94,0.7,6.3,67.59289,234075.0,29.67,42.28,17.48,2786.91
2025-03-25,2.793,1.0791,76581.0,2.525,39384.95,648785913.0,15.23,3.896,1.94,0.7,6.3,67.667634,224653.0,28.27,41.12,17.15,2797.16
2025-03-26,2.791,1.0752,77323.0,2.525,39058.1,606155626.0,15.04,3.896,1.94,0.7,6.3,68.6291274,185487.0,28.84,40.8,18.33,2807.3
2025-03-27,2.775,1.0801,78733.0,2.525,39098.86,1088980652.0,16.08,3.882,1.94,0.7,6.3,68.5399352,113710.0,28.49,41.0,18.69,2829.57
2025-03-28,2.733,1.0827,71061.0,2.525,38739.3,775214832.0,16.45,3.85,1.94,0.7,6.3,68.0061406,92708.0,28.7,40.4,21.65,2848.68
2025-03-31,2.728,1.0817,76067.0,2.4424,38051.99,751265428.0,17.84,3.863,1.94,0.7,6.3,69.0948878,23445.0,30.88,40.24,22.28,2887.32
2025-04-01,2.682,1.0793,78621.0,2.4424,38557.38,689017541.0,17.95,3.79,1.94,0.7,6.3,69.0172197,440728.0,30.57,42.67,21.77,2884.17
2025-04-02,2.725,1.0855,80236.0,2.4424,38454.2,572718789.0,17.92,3.823,1.94,0.7,6.3,69.0461885,448929.0,29.98,40.95,21.51,2885.75
2025-04-03,2.641,1.105,142884.0,2.4424,37070.83,933372644.0,18.36,3.77,1.94,0.7,6.3,63.4752972,751222.0,35.45,39.48,30.02,2818.55
2025-04-04,2.57,1.0955,149816.0,2.4424,34649.22,1501744581.0,22.03,3.757,1.94,0.7,6.3,59.8633914,987626.0,44.72,36.45,45.31,2772.07
2025-04-07,2.598,1.0904,149968.0,2.4424,32853.98,1400394884.0,19.68,3.864,1.94,0.7,6.3,58.8863489,881698.0,52.81,35.57,46.98,2735.64
2025-04-08,2.625,1.0956,135556.0,2.4424,33657.05,893762728.0,23.73,3.853,1.94,0.7,6.3,57.3383268,667298.0,55.26,35.62,52.33,2721.63
2025-04-09,2.581,1.0951,182010.0,2.4424,32730.57,749826918.0,24.53,3.872,1.94,0.7,6.3,59.7937168,931662.0,42.9,33.2,33.62,2814.55
2025-04-10,2.582,1.1197,158063.0,2.4424,34277.09,964784295.0,26.59,3.805,1.94,0.7,6.3,56.560023,489762.0,49.0,33.4,40.72,2835.12
2025-04-11,2.528,1.136,176264.0,2.4424,34027.83,486796899.0,28.44,3.805,1.94,0.7,6.3,57.0069328,411660.0,50.88,33.6,37.56,2848.53
2025-04-14,2.522,1.1349,127467.0,2.4424,35007.14,672646791.0,23.8,3.683,1.94,0.7,6.3,57.1677144,282676.0,47.76,34.67,30.89,2828.19
2025-04-15,2.545,1.1281,121819.0,2.4424,35843.82,621199514.0,21.54,3.729,1.94,0.7,6.1,57.3267215,276512.0,42.31,34.25,30.12,2864.12
2025-04-16,2.503,1.1398,119333.0,2.4424,36067.57,658054280.0,26.73,3.693,1.94,0.7,6.1,57.7734975,348372.0,43.56,35.42,32.64,2933.62
2025-04-17,2.466,1.1363,115582.0,2.4424,35980.43,437804000.0,24.14,3.642,1.94,0.7,6.1,59.808198,301811.0,41.27,35.4,29.65,2927.52
2025-04-18,2.466,1.1391,49972.0,2.4424,35980.43,437804000.0,24.14,3.642,1.94,0.7,6.1,59.808198,301811.0,41.27,35.4,29.65,2920.43
2025-04-21,2.466,1.1513,74466.0,2.4424,35980.43,437804000.0,28.14,3.642,1.94,0.7,6.1,57.5521108,192316.0,41.21,35.4,33.82,2971.97
2025-04-22,2.44,1.142,100086.0,2.4424,35947.89,552506873.0,28.44,3.613,1.94,0.7,6.1,59.0545104,309397.0,43.15,34.1,30.57,2959.86
2025-04-23,2.494,1.1313,172434.0,2.4424,36457.68,638603759.0,25.23,3.631,1.94,0.7,6.1,58.4461128,377319.0,43.56,34.13,28.45,2905.27
2025-04-24,2.443,1.1388,150980.0,2.4424,36808.69,554989962.0,24.93,3.541,1.94,0.7,6.1,58.438886,214129.0,44.37,33.65,26.47,2939.75
2025-04-25,2.474,1.1364,131873.0,2.4424,37348.38,460493403.0,23.36,3.592,1.94,0.7,6.1,58.8435939,183223.0,43.53,31.95,24.84,2919.58
2025-04-28,2.508,1.1421,72851.0,2.4424,37465.52,445799200.0,23.25,3.619,1.94,0.7,6.1,57.6656988,139732.0,43.55,31.85,25.15,2926.52
2025-04-29,2.493,1.1385,86872.0,2.4424,37874.75,529456299.0,22.1,3.615,1.94,0.7,6.1,56.4339875,120748.0,48.41,31.8,24.17,2913.31
2025-04-30,2.441,1.1327,97401.0,2.2482,37604.82,658785509.0,21.52,3.572,1.94,0.7,6.1,55.725492,24160.0,54.46,32.1,24.7,2902.26
2025-05-01,2.441,1.1291,82967.0,2.2482,37604.82,658785509.0,21.51,3.572,1.94,0.7,6.1,55.0260558,449037.0,51.96,32.1,24.6,2869.4
2025-05-02,2.52,1.1295,101270.0,2.2482,38327.94,510604983.0,21.35,3.635,1.94,0.7,6.1,54.2631015,373281.0,50.59,33.17,22.68,2866.11
2025-05-05,2.519,1.1314,82205.0,2.2482,38475.55,345386263.0,23.2,3.616,1.94,0.7,6.1,53.2348878,321526.0,42.58,33.17,23.64,2946.7
2025-05-06,2.533,1.1368,85264.0,2.2482,38560.25,582633963.0,24.72,3.632,1.94,0.7,6.1,54.670869,385654.0,42.14,34.9,24.76,3016.26
2025-05-07,2.475,1.1299,118904.0,2.2482,38319.89,448383146.0,22.99,3.56,1.94,0.7,6.1,54.0930336,367740.0,42.66,34.31,23.55,2976.27
2025-05-08,2.518,1.1227,103702.0,2.2482,38974.3,930133509.0,22.58,3.585,1.94,0.7,6.1,55.9722164,350881.0,40.6,35.13,22.48,2943.85
2025-05-09,2.552,1.1247,82313.0,2.2482,39369.99,710933629.0,21.86,3.612,1.94,0.7,6.1,56.8242983,326191.0,39.82,34.7,21.9,2954.83
2025-05-12,2.643,1.1087,114172.0,2.2482,39921.61,783412414.0,21.38,3.677,1.94,0.7,6.1,58.5913216,417955.0,37.5,35.42,18.39,2916.36
2025-05-13,2.676,1.1184,83944.0,2.2482,40077.49,500598738.0,19.58,3.7,1.94,0.7,6.1,59.5758819,345460.0,36.71,35.7,18.22,2904.79
2025-05-14,2.693,1.1174,103153.0,2.2482,40356.68,544631851.0,20.78,3.716,1.94,0.7,6.1,59.1459237,302749.0,36.72,34.75,18.62,2842.64
2025-05-15,2.626,1.1187,84460.0,2.2482,40418.82,531674779.0,21.63,3.64,1.52,0.5,6.5,57.6827217,446384.0,37.4,35.28,17.83,2895.24
2025-05-16,2.587,1.1163,85367.0,2.2482,40656.26,623054948.0,21.47,3.604,1.52,0.5,6.5,58.5955862,314997.0,37.88,35.14,17.24,2868.4
2025-05-19,2.577,1.1242,93179.0,2.2482,40166.77,530010688.0,21.37,3.602,1.52,0.5,6.5,58.2991408,325978.0,38.0,35.2,18.14,2871.73
2025-05-20,2.6,1.1282,84898.0,2.2482,40522.44,439783940.0,21.95,3.614,1.52,0.5,6.5,57.9508706,311830.0,34.62,37.15,18.09,2915.46
2025-05-21,2.643,1.1329,88506.0,2.2482,40551.22,484334923.0,22.23,3.648,1.52,0.5,6.5,57.2954079,379577.0,39.12,37.05,20.87,2924.94
2025-05-22,2.638,1.128,107744.0,2.2482,40256.59,459751913.0,21.55,3.662,1.52,0.5,6.5,57.1273488,311204.0,41.44,36.35,20.28,2921.51
2025-05-23,2.575,1.1364,87593.0,2.2482,39475.36,692180186.0,22.28,3.607,1.52,0.5,6.5,57.0044566,241530.0,43.13,36.67,22.29,2953.54
2025-05-26,2.561,1.1387,56537.0,2.2482,39988.48,314433212.0,22.28,3.556,1.52,0.5,6.5,56.8540206,49730.0,43.13,37.15,20.57,2935.1
2025-05-27,2.534,1.1328,74947.0,2.2482,40124.9,985639926.0,21.12,3.536,1.52,0.5,6.5,56.5767293,239424.0,41.94,36.74,18.96,2912.91
2025-05-28,2.548,1.1292,79088.0,2.2482,40127.75,451379504.0,19.69,3.544,1.52,0.5,6.5,57.474142,128875.0,40.42,36.75,19.31,2909.39
2025-05-29,2.513,1.1371,93144.0,2.2482,39982.97,406568684.0,19.65,3.501,1.52,0.5,6.5,56.4154345,120068.0,40.26,34.92,19.18,2917.44
2025-05-30,2.509,1.1347,80280.0,2.2482,40087.4,690587532.0,19.1,3.498,1.52,0.5,6.5,56.314431,17262.0,40.71,33.7,18.57,2898.18
2025-05-31,2.509,1.1347,80280.0,2.0913,40087.4,690587532.0,19.1,3.498,1.52,0.5,6.5,56.314431,17262.0,40.71,33.7,18.57,2898.18
2025-06-02,2.523,1.1441,82283.0,2.0913,39984.15,354581328.0,20.6,3.511,1.52,0.5,6.5,56.4898515,478840.0,38.7,34.97,18.36,2954.99
2025-06-03,2.504,1.137,78440.0,2.0913,40074.47,380790636.0,20.1,3.493,1.52,0.5,6.5,57.7222413,357851.0,37.75,36.0,17.69,2948.51
2025-06-04,2.522,1.1417,84465.0,2.0913,40080.88,486467634.0,19.82,3.499,1.52,0.5,6.5,56.8102254,376269.0,37.7,35.35,17.61,2954.01
2025-06-05,2.587,1.1444,93953.0,2.0913,40379.29,420916646.0,19.69,3.553,1.52,0.5,6.5,57.0953988,260734.0,34.89,36.5,18.48,2928.37
2025-06-06,2.563,1.1394,85713.0,2.0913,40601.94,364159653.0,19.16,3.503,1.52,0.5,6.5,58.3373955,335324.0,35.72,36.27,16.77,2903.36
2025-06-09,2.571,1.142,57897.0,2.0913,40461.79,301265738.0,19.45,3.491,1.52,0.5,6.5,58.7042464,281127.0,34.42,35.56,17.16,2910.15
2025-06-10,2.532,1.1423,83644.0,2.0913,40207.57,414218309.0,19.0,3.453,1.52,0.5,6.5,58.5400041,343942.0,35.05,34.78,16.95,2907.84
2025-06-11,2.539,1.1487,81222.0,2.0913,40180.24,363550448.0,19.16,3.462,1.52,0.5,6.5,60.7382735,511830.0,43.24,35.8,17.26,2919.99
2025-06-12,2.479,1.1583,97823.0,2.0913,39948.39,370683878.0,19.7,3.421,1.52,0.5,6.5,59.8805688,507901.0,45.37,36.38,18.02,2921.76
2025-06-13,2.537,1.1552,102608.0,2.0913,39438.75,528849388.0,21.16,3.5,1.52,0.5,6.5,64.2571995,1243109.0,57.23,38.19,20.82,2970.3
2025-06-15,2.537,1.1552,102608.0,2.0913,39438.75,528849388.0,21.16,3.5,1.62,0.5,6.2,64.2571995,1243109.0,57.23,38.19,20.82,2970.3
2025-06-16,2.529,1.1561,68552.0,2.0913,39929.18,434186821.0,19.87,3.47,1.62,0.5,6.2,63.3424854,669392.0,56.6,37.45,19.11,2926.79
2025-06-17,2.535,1.1479,84140.0,2.0913,39387.22,411989884.0,20.41,3.514,1.62,0.5,6.2,66.600182,620663.0,71.56,39.6,21.6,2949.84
2025-06-18,2.5,1.1479,95196.0,2.0913,39418.61,559233086.0,19.58,3.482,1.62,0.5,6.2,66.817972,602378.0,66.86,39.85,20.14,2933.51
2025-06-19,2.519,1.1494,85649.0,2.0913,38942.19,439866656.0,19.58,3.545,1.62,0.5,6.2,68.601077,333377.0,66.86,40.28,22.17,2931.78
2025-06-20,2.514,1.1522,86813.0,2.0913,39231.35,771342274.0,19.27,3.527,1.62,0.5,6.2,66.836979,407655.0,64.67,40.65,20.62,2922.83
2025-06-23,2.506,1.1576,97771.0,2.0913,38840.51,424299394.0,19.02,3.507,1.62,0.5,6.2,61.7487128,648971.0,53.65,41.24,19.83,2909.38
2025-06-24,2.534,1.1608,102066.0,2.0913,39474.46,505295597.0,18.28,3.484,1.62,0.5,6.2,57.8390958,453897.0,48.8,35.9,17.48,2862.78
2025-06-25,2.562,1.1659,77360.0,2.0913,39319.14,392023148.0,17.33,3.509,1.62,0.5,6.2,58.0498128,213998.0,42.75,35.38,16.76,2857.64
2025-06-26,2.565,1.1699,90640.0,2.0913,39351.32,475872314.0,16.65,3.491,1.62,0.5,6.2,57.8935721,111536.0,41.86,33.8,16.59,2843.71
2025-06-27,2.598,1.1719,101660.0,2.0913,39742.21,316693895.0,16.49,3.51,1.62,0.5,6.2,57.8294964,93021.0,41.23,32.9,16.32,2793.1
2025-06-30,2.597,1.1786,78237.0,1.9836,39792.22,340018796.0,17.31,3.493,1.62,0.5,6.2,57.3643806,17093.0,38.89,32.6,16.73,2801.56
2025-07-01,2.568,1.1805,89051.0,1.9836,39561.3,365321544.0,16.76,3.469,1.62,0.5,6.2,56.848881,270047.0,38.0,33.44,16.83,2826.95
2025-07-02,2.619,1.1798,76312.0,1.9836,39785.28,464776911.0,16.87,3.54,1.62,0.5,6.2,58.577636,384482.0,40.24,33.65,16.64,2845.34
2025-07-03,2.58,1.1756,74666.0,1.9836,39943.15,397912286.0,16.19,3.48,1.62,0.5,6.2,58.523344,313952.0,37.75,33.75,16.38,2828.84
2025-07-04,2.567,1.1778,73120.0,1.9836,39622.11,282290461.0,16.19,3.47,1.62,0.5,6.2,57.989432,160484.0,37.75,33.4,17.48,2831.07
2025-07-07,2.607,1.1707,72451.0,1.9836,39914.25,346709760.0,16.91,3.521,1.62,0.5,6.2,59.4345402,313875.0,41.23,34.11,17.79,2849.18
2025-07-08,2.643,1.1724,83271.0,1.9836,40182.62,373361276.0,16.2,3.561,1.62,0.5,6.2,59.8344425,282680.0,35.71,34.58,16.81,2815.02
2025-07-09,2.632,1.1719,73361.0,1.9836,40821.31,491823129.0,15.86,3.553,1.62,0.5,6.2,59.8945308,273957.0,34.17,34.38,15.94,2826.54
2025-07-10,2.662,1.17,62346.0,1.9836,40528.17,430679448.0,16.04,3.581,1.62,0.5,6.2,58.666608,345201.0,32.8,35.2,15.78,2839.79
2025-07-11,2.686,1.1689,78557.0,1.9836,40077.88,354233716.0,16.94,3.604,1.62,0.5,6.2,60.1936836,290553.0,37.06,35.65,16.4,2870.15
2025-07-14,2.732,1.1663,74117.0,1.9836,40186.35,313789523.0,16.99,3.619,1.62,0.5,6.2,59.3413461,362843.0,33.53,36.0,17.2,2866.43
2025-07-15,2.715,1.1599,79723.0,1.9836,39921.25,281687074.0,16.37,3.601,1.62,0.5,6.0,59.2376394,314882.0,34.38,34.47,17.38,2864.58
2025-07-16,2.692,1.1634,94456.0,1.9836,39762.52,314934493.0,17.27,3.581,1.62,0.5,6.0,58.896366,361645.0,33.16,34.67,17.16,2876.31
2025-07-17,2.675,1.1595,83059.0,1.9836,40128.7,239106706.0,16.91,3.561,1.62,0.5,6.0,59.9568288,324161.0,32.84,35.1,16.52,2879.39
2025-07-18,2.691,1.1625,85309.0,1.9836,40311.99,321893292.0,16.73,3.578,1.62,0.5,6.0,59.5960416,411813.0,32.17,34.38,16.41,2880.27
2025-07-21,2.618,1.1695,77105.0,1.9836,40166.6,272110798.0,17.78,3.487,1.62,0.5,6.0,59.1793947,281220.0,31.38,33.75,16.65,2904.16
2025-07-22,2.588,1.1753,64562.0,1.9836,40165.15,252255231.0,19.08,3.461,1.62,0.5,6.0,58.3598015,312776.0,32.26,33.01,16.5,2918.98
2025-07-23,2.6,1.177,86728.0,1.9836,40697.49,509117221.0,18.44,3.456,1.62,0.5,6.0,58.2074662,286302.0,32.39,33.33,15.37,2876.4
2025-07-24,2.694,1.1754,94193.0,1.9836,40599.68,490614381.0,17.82,3.565,1.62,0.5,6.0,58.8562686,277255.0,32.37,32.24,15.39,2866.43
2025-07-25,2.716,1.174,89797.0,1.9836,40726.26,333209805.0,17.05,3.582,1.62,0.5,6.0,58.2965076,166658.0,32.88,32.49,14.93,2841.44
2025-07-28,2.688,1.1588,103435.0,1.9836,40732.34,345831134.0,16.79,3.535,1.62,0.5,6.0,60.4417184,203444.0,35.37,32.92,15.03,2859.11
2025-07-29,2.69,1.1545,116438.0,1.9836,41234.31,391075723.0,16.61,3.526,1.62,0.5,6.0,62.8067118,136654.0,38.04,34.05,15.98,2880.61
2025-07-30,2.705,1.1404,113587.0,1.9836,41637.73,457814199.0,16.48,3.552,1.62,0.5,6.0,64.2234236,111920.0,37.75,34.38,15.48,2871.22
2025-07-31,2.693,1.1415,97480.0,1.9863,40987.69,484842471.0,16.04,3.535,1.62,0.5,6.0,63.5391812,16017.0,36.78,34.55,16.72,2881.86
2025-08-01,2.677,1.1584,126824.0,1.9863,39942.82,503090761.0,17.3,3.535,1.62,0.5,6.0,60.1433242,418023.0,39.37,33.95,20.38,2901.97
2025-08-04,2.6282,1.157,115173.0,1.9863,40697.38,364750167.0,17.07,3.469,1.62,0.5,6.0,59.429268,308419.0,38.79,34.2,17.52,2915.77
2025-08-05,2.6221,1.1574,109686.0,1.9863,40743.52,343842956.0,16.68,3.452,1.62,0.5,6.0,58.4416364,334756.0,35.3,34.33,17.85,2920.37
2025-08-06,2.6432,1.1659,107702.0,1.9863,41009.73,594243138.0,16.42,3.47,1.62,0.5,6.0,57.3722219,395902.0,36.67,33.2,16.77,2888.58
2025-08-07,2.6369,1.1665,104803.0,1.9863,41392.99,442106994.0,16.95,3.457,1.62,0.5,6.0,56.9484461,319759.0,35.01,33.03,16.57,2910.96
2025-08-08,2.6874,1.1639,84326.0,1.9863,41623.86,402311591.0,16.36,3.507,1.62,0.5,6.0,57.2127962,375279.0,34.06,32.28,15.15,2919.52
2025-08-11,2.6966,1.1614,63129.0,1.9863,41583.59,361788931.0,16.94,3.514,1.62,0.5,6.0,57.3704289,223885.0,31.4,33.0,16.25,2877.13
2025-08-12,2.7431,1.1673,84313.0,1.9863,41935.42,310466722.0,16.35,3.56,1.62,0.5,6.0,56.6436816,228127.0,30.31,32.33,14.73,2867.3
2025-08-13,2.6801,1.1704,79286.0,1.9863,42186.37,333111532.0,15.95,3.481,1.62,0.5,6.0,56.0749283,310057.0,33.82,32.72,14.49,2866.48
2025-08-14,2.7062,1.1646,81960.0,1.9863,42653.97,433191925.0,15.33,3.514,1.62,0.5,6.0,57.3928344,275021.0,35.96,32.1,14.83,2863.0
2025-08-15,2.7787,1.1697,64807.0,1.9863,42653.97,433191925.0,15.22,3.514,1.62,0.7,5.9,56.296482,251202.0,37.22,30.88,15.09,2850.66
2025-08-18,2.7759,1.166,60878.0,1.9863,42641.72,392844915.0,14.9,3.595,1.62,0.7,5.9,57.118158,275216.0,32.15,31.02,14.99,2857.33
2025-08-19,2.7543,1.1646,60129.0,1.9863,43021.22,399418512.0,14.82,3.584,1.62,0.7,5.9,56.4912414,266925.0,33.04,31.07,15.57,2846.71
2025-08-20,2.7164,1.1651,65016.0,1.9863,42864.81,292937281.0,15.4,3.553,1.62,0.7,5.9,57.368772,290230.0,32.51,31.77,15.69,2871.5
2025-08-21,2.7537,1.1605,81271.0,1.9863,43013.44,293826813.0,15.44,3.611,1.62,0.7,5.9,58.311239,263215.0,31.54,33.2,16.6,2875.76
2025-08-22,2.7191,1.1715,66820.0,1.9863,43310.28,311838375.0,15.15,3.554,1.62,0.7,5.9,57.8150053,192512.0,30.35,33.4,14.22,2877.02
2025-08-25,2.7581,1.1618,71668.0,1.9863,43227.7,273948003.0,15.09,3.613,1.62,0.7,5.9,59.218224,130685.0,31.24,33.35,14.79,2897.11
2025-08-26,2.7219,1.1642,108475.0,1.9863,42654.95,598523193.0,15.88,3.587,1.62,0.7,5.9,57.7392912,177904.0,33.73,33.25,14.62,2914.36
2025-08-27,2.694,1.1637,79242.0,1.9863,42349.41,375878007.0,15.9,3.602,1.62,0.7,5.9,58.4774065,131600.0,31.94,32.55,14.85,2918.21
2025-08-28,2.6977,1.1682,92592.0,1.9863,42447.1,929760459.0,16.34,3.572,1.62,0.7,5.9,58.7400924,105363.0,33.98,31.7,14.43,2924.69
2025-08-29,2.7222,1.1684,92379.0,1.9863,42196.2,515650935.0,17.39,3.616,1.62,0.7,5.9,58.3018644,18134.0,32.63,31.35,15.36,2949.62
2025-08-31,2.7222,1.1684,92379.0,2.0211,42196.2,515650935.0,17.39,3.616,1.62,0.7,5.9,58.3018644,18134.0,32.63,31.35,15.36,2949.62
2025-09-01,2.749,1.1709,80381.0,2.0211,42409.71,359693035.0,17.39,3.638,1.62,0.7,5.9,58.202826,151207.0,32.63,31.35,16.12,2967.64
2025-09-02,2.7899,1.1638,107087.0,2.0211,41727.58,406293649.0,19.81,3.71,1.62,0.7,5.9,59.408545,346061.0,34.28,31.95,17.17,3034.97
2025-09-03,2.7406,1.1661,95509.0,2.0211,41784.66,347036240.0,19.53,3.64,1.62,0.7,5.9,57.971056,393060.0,35.22,32.25,16.35,3051.47
2025-09-04,2.7229,1.1649,88989.0,2.0211,41989.71,471872224.0,18.33,3.603,1.62,0.7,5.9,57.5068956,295612.0,35.03,32.53,15.3,3042.57
2025-09-05,2.6582,1.1717,88012.0,2.0211,41607.81,354227749.0,18.3,3.531,1.62,0.7,5.9,55.90163,327793.0,33.33,32.08,15.18,3059.76
2025-09-08,2.6387,1.1762,69269.0,2.0211,41723.69,307688125.0,19.09,3.496,1.62,0.7,5.9,56.130204,257318.0,35.03,33.01,15.11,3088.59
2025-09-09,2.6644,1.1706,88658.0,2.0211,42008.22,420502175.0,17.99,3.513,1.62,0.7,5.9,56.7143214,309163.0,33.44,32.78,15.04,3095.24
2025-09-10,2.6539,1.1693,96607.0,2.0211,42059.74,396011303.0,17.37,3.498,1.62,0.7,5.9,57.7181229,274930.0,33.35,33.21,15.35,3111.64
2025-09-11,2.6505,1.1733,104431.0,2.0211,42432.42,353679586.0,16.48,3.482,1.62,0.7,5.9,56.567151,247539.0,33.96,32.38,14.71,3096.63
2025-09-12,2.7133,1.1733,82824.0,2.0211,42566.41,314875668.0,16.38,3.548,1.62,0.7,5.9,57.095577,397411.0,31.77,32.65,14.76,3103.87
2025-09-15,2.6959,1.176,69339.0,2.0211,43053.72,359221352.0,17.9,3.506,1.52,0.7,6.0,57.3469296,207092.0,30.98,32.05,15.69,3127.78
2025-09-16,2.6945,1.1866,99585.0,2.0211,42504.56,408921367.0,18.37,3.511,1.52,0.7,6.0,57.7024078,305979.0,33.17,32.45,16.36,3108.91
2025-09-17,2.6763,1.1812,99697.0,2.0211,41954.98,390876447.0,17.41,3.498,1.52,0.7,6.0,57.52647,233624.0,31.05,32.47,15.72,3097.6
2025-09-18,2.716,1.1786,103879.0,2.0211,42307.81,401394398.0,16.45,3.541,1.52,0.7,6.0,57.2201424,254387.0,31.88,32.83,15.7,3091.53
2025-09-19,2.7485,1.1744,93430.0,2.0211,42312.28,703363525.0,16.76,3.566,1.52,0.7,6.0,56.77802,276242.0,30.53,32.28,15.45,3135.98
2025-09-22,2.7481,1.1802,72196.0,2.0211,42423.18,269337714.0,18.43,3.575,1.52,0.7,6.0,56.4054267,250232.0,30.88,31.92,16.1,3173.28
2025-09-23,2.752,1.1815,82218.0,2.0211,42477.76,373871150.0,19.06,3.579,1.52,0.7,6.0,57.2406794,252186.0,32.58,32.25,16.64,3185.55
2025-09-24,2.7474,1.1737,72794.0,2.0211,42423.12,330836807.0,18.3,3.593,1.52,0.7,6.0,59.0528131,222734.0,34.08,32.0,16.18,3181.64
2025-09-25,2.7721,1.1665,80195.0,2.0211,42242.49,424674434.0,19.07,3.644,1.52,0.7,6.0,59.5116834,210514.0,36.85,32.4,16.74,3212.43
2025-09-26,2.7451,1.1701,77472.0,2.0211,42646.23,401273905.0,18.59,3.611,1.52,0.7,6.0,59.9352019,110375.0,35.85,32.6,15.29,3212.25
2025-09-29,2.7062,1.1725,80066.0,2.0211,42554.4,338455797.0,19.19,3.564,1.52,0.7,6.0,57.9702536,107593.0,35.54,32.03,16.12,3267.92
2025-09-30,2.712,1.1733,95861.0,2.0273,42725.32,505581442.0,19.95,3.563,1.52,0.7,6.0,57.121146,19232.0,35.58,31.12,16.28,3287.66
2025-10-01,2.7134,1.1729,120115.0,2.0273,43079.58,567021315.0,19.05,3.554,1.52,0.7,6.0,55.7167565,420602.0,36.39,31.2,16.29,3294.94
2025-10-02,2.6978,1.1714,93277.0,2.0273,43078.13,612215997.0,18.05,3.548,1.52,0.7,6.0,54.7294248,480218.0,37.62,31.3,16.63,3290.02
2025-10-03,2.7,1.1741,75630.0,2.0273,43258.11,864434891.0,17.66,3.542,1.52,0.7,6.0,54.9614916,311949.0,36.5,31.38,16.65,3308.79
2025-10-06,2.7174,1.1709,103471.0,2.0273,43146.13,476889765.0,19.51,3.571,1.52,0.7,6.0,55.9139988,299840.0,32.44,33.17,16.37,3382.48
2025-10-07,2.7107,1.1655,95085.0,2.0273,43070.95,388448500.0,19.94,3.566,1.52,0.7,6.0,56.1561,293952.0,31.82,33.42,17.24,3417.53
2025-10-08,2.6769,1.1626,86183.0,2.0273,43484.24,476414210.0,21.81,3.503,1.52,0.7,6.0,56.984275,325860.0,31.53,33.0,16.3,3474.06
2025-10-09,2.704,1.1563,99240.0,2.0273,42791.6,500838356.0,21.85,3.539,1.52,0.7,6.0,56.4042126,345803.0,32.48,32.39,16.43,3437.57
2025-10-10,2.634,1.1618,100088.0,2.0273,42047.5,470033120.0,23.78,3.481,1.52,0.7,6.0,53.9935929,547989.0,37.73,31.92,21.66,3456.45
2025-10-13,2.6301,1.1568,89645.0,2.0273,42167.59,408864367.0,24.53,3.459,1.52,0.7,6.0,54.736974,346533.0,35.92,31.35,19.03,3552.28
2025-10-14,2.6071,1.1605,115174.0,2.0273,42075.66,411605298.0,26.11,3.426,1.52,0.7,6.0,53.761463,423160.0,37.9,31.77,20.81,3568.1
2025-10-15,2.558,1.1646,93186.0,2.0273,41906.9,516413469.0,27.12,3.365,1.21,0.7,5.8,53.1596406,331204.0,36.62,31.83,20.64,3611.85
2025-10-16,2.5694,1.1687,105661.0,2.0273,42374.18,710471612.0,32.78,3.359,1.21,0.7,5.8,52.245989,416749.0,38.26,32.38,25.31,3702.89
2025-10-17,2.5784,1.1651,99846.0,2.0273,41758.11,583424876.0,31.2,3.38,1.21,0.7,5.8,52.605207,378719.0,37.24,31.9,20.78,3646.35
2025-10-20,2.5839,1.164,74855.0,2.0273,42392.36,384364188.0,31.43,3.374,1.21,0.7,5.8,52.4143011,265942.0,36.77,31.55,18.23,3740.99
2025-10-21,2.5508,1.1598,89665.0,2.0273,42648.28,473488344.0,29.82,3.347,1.21,0.7,5.8,52.8713304,379197.0,35.87,32.23,17.87,3554.31
2025-10-22,2.5592,1.161,78897.0,2.0273,42209.64,354396421.0,27.19,3.351,1.21,0.7,5.8,53.9106447,459234.0,38.09,32.21,18.6,3529.22
2025-10-23,2.5779,1.1617,65769.0,2.0273,42381.93,460004414.0,26.68,3.372,1.21,0.7,5.8,56.8048519,708836.0,40.46,32.4,17.3,3550.04
2025-10-24,2.6242,1.1625,93360.0,2.0273,42486.67,317252636.0,24.75,3.417,1.21,0.7,5.8,56.7229068,312548.0,38.7,31.9,16.37,3535.81
2025-10-27,2.6167,1.1643,71259.0,2.0273,42911.57,349754381.0,23.94,3.395,1.21,0.7,5.8,56.3603618,247016.0,38.96,31.26,15.79,3418.34
2025-10-28,2.6212,1.165,77730.0,2.0273,43128.53,327204358.0,24.03,3.402,1.21,0.7,5.8,55.279028,232265.0,37.18,31.5,16.42,3390.62
2025-10-29,2.6186,1.1599,74459.0,2.0273,43242.53,361386503.0,24.7,3.381,1.21,0.7,5.8,55.9701288,105757.0,37.14,31.75,16.92,3385.53
2025-10-30,2.6375,1.1565,78122.0,2.0273,43202.4,684139875.0,24.82,3.393,1.21,0.7,5.8,56.2042,110563.0,34.74,31.09,16.91,3479.85
2025-10-31,2.6369,1.1534,68594.0,2.0344,43175.32,484843766.0,22.66,3.385,1.21,0.7,5.8,56.41569,20708.0,36.2,30.94,17.44,3468.21
2025-11-03,2.6625,1.1518,58851.0,2.0344,43223.0,484843766.0,21.38,3.404,1.21,0.7,5.8,56.3381469,307412.0,34.31,31.77,17.17,3473.7
2025-11-04,2.6518,1.1482,64530.0,2.0344,43262.35,388424534.0,21.43,3.398,1.21,0.7,5.8,56.1227292,265674.0,34.27,32.35,19.0,3423.7
2025-11-05,2.6723,1.1491,64382.0,2.0344,43438.49,410472783.0,20.15,3.421,1.21,0.7,5.8,55.27828,334450.0,33.69,31.7,18.01,3462.01
2025-11-06,2.6576,1.1547,64133.0,2.0344,43068.69,573964779.0,20.13,3.416,1.21,0.7,5.8,54.8889814,392514.0,33.76,31.68,19.5,3442.71
2025-11-07,2.6676,1.1565,66205.0,2.0344,42917.67,473160318.0,20.36,3.437,1.21,0.7,5.8,55.0195884,358550.0,33.33,31.18,19.08,3456.93
2025-11-10,2.6658,1.1556,63707.0,2.0344,43895.67,480271714.0,23.34,3.407,1.21,0.7,5.8,55.434321,273055.0,32.12,31.01,17.6,3560.72
2025-11-11,2.6574,1.158,61816.0,2.0344,44438.88,503802383.0,23.33,3.402,1.21,0.7,5.8,56.2695696,309789.0,32.02,31.16,17.28,3561.84
2025-11-12,2.6465,1.1592,60334.0,2.0344,44792.64,553899361.0,25.82,3.374,1.21,0.7,5.8,54.0974086,403454.0,33.0,30.83,17.51,3618.21
2025-11-13,2.6874,1.1631,66879.0,2.0344,44755.36,452990536.0,24.82,3.419,1.21,0.7,5.8,54.1741077,324105.0,32.63,30.48,20.0,3584.57
2025-11-14,2.7166,1.162,74715.0,2.0344,43994.69,454411646.0,24.13,3.465,1.21,0.7,5.8,55.4133901,461051.0,33.12,31.0,19.83,3509.94
2025-11-15,2.7166,1.162,74715.0,2.0344,43994.69,454411646.0,24.13,3.465,1.01,0.8,5.6,55.4133901,461051.0,33.12,31.0,19.83,3509.94
2025-11-17,2.713,1.159,57567.0,2.0344,43767.28,367926612.0,24.07,3.451,1.01,0.8,5.6,55.392402,258781.0,32.38,31.4,22.38,3488.02
2025-11-18,2.7095,1.1579,65405.0,2.0344,42838.64,573329647.0,23.9,3.464,1.01,0.8,5.6,56.0409507,368650.0,33.33,31.41,24.69,3510.84
2025-11-19,2.7103,1.1536,71217.0,2.0344,42651.49,416995947.0,23.89,3.456,1.01,0.8,5.6,55.0536435,402634.0,34.12,30.85,23.66,3532.76
2025-11-20,2.7194,1.1527,69957.0,2.0344,42917.64,455757830.0,22.93,3.471,1.01,0.8,5.6,54.9840514,345940.0,36.38,30.73,26.42,3535.7
2025-11-21,2.698,1.1511,79644.0,2.0344,42661.67,440571135.0,21.93,3.462,1.01,0.8,5.6,54.3477488,317457.0,35.97,30.24,23.43,3530.82
2025-11-24,2.697,1.152,57879.0,2.0344,42298.17,582829532.0,22.55,3.445,1.01,0.8,5.6,55.0089622,209009.0,36.3,29.77,20.52,3588.34
2025-11-25,2.6728,1.1569,69348.0,2.0344,42698.66,368415258.0,22.4,3.401,1.01,0.8,5.6,54.0064624,232003.0,37.57,29.42,18.56,3568.8
2025-11-26,2.6741,1.1594,69385.0,2.0344,43130.32,319286500.0,21.95,3.395,1.01,0.8,5.6,54.4508876,124931.0,35.7,29.25,17.19,3588.82
2025-11-27,2.6775,1.1595,49477.0,2.0344,43219.87,285689467.0,21.95,3.403,1.01,0.8,5.6,54.6269496,64933.0,35.7,29.02,17.21,3585.09
2025-11-28,2.6913,1.1595,93007.0,2.0344,43357.01,326905496.0,22.87,3.407,1.01,0.8,5.6,54.506208,23584.0,35.95,28.7,16.35,3647.81
2025-11-30,2.6913,1.1595,93007.0,2.0417,43357.01,326905496.0,22.87,3.407,1.01,0.8,5.6,54.506208,23584.0,35.95,28.7,16.35,3647.81
2025-12-01,2.7492,1.161,68725.0,2.0417,43259.48,337908007.0,23.34,3.467,1.01,0.8,5.6,54.4102161,313721.0,35.82,28.27,17.24,3643.13
2025-12-02,2.7515,1.1623,64777.0,2.0417,43354.83,432762895.0,22.49,3.468,1.01,0.8,5.6,53.729482,300177.0,35.89,28.01,16.59,3618.32
2025-12-03,2.7461,1.167,62821.0,2.0417,43380.64,494094700.0,21.96,3.445,1.01,0.8,5.6,53.701923,263708.0,33.72,28.13,16.08,3600.7
2025-12-04,2.7706,1.1643,66882.0,2.0417,43519.07,386504399.0,20.57,3.473,1.01,0.8,5.6,54.3333814,218464.0,33.3,27.44,15.78,3613.06
2025-12-05,2.8001,1.1642,63224.0,2.0417,43432.77,502877288.0,19.92,3.493,1.01,0.8,5.6,54.7587,243204.0,32.06,27.39,15.41,3604.55
2025-12-08,2.8666,1.1636,78686.0,2.0417,43432.82,313546915.0,19.58,3.568,1.01,0.8,5.6,53.703906,276729.0,33.03,27.17,16.66,3597.82
2025-12-09,2.8519,1.1625,53356.0,2.0417,43574.5,331988505.0,20.35,3.553,1.01,0.8,5.6,53.2820268,240378.0,30.82,27.49,16.93,3617.48
2025-12-10,2.8563,1.1694,52048.0,2.0417,43465.34,268706550.0,20.2,3.556,1.01,0.8,5.6,53.1982594,298743.0,30.78,26.75,15.77,3614.0
2025-12-11,2.8456,1.1738,50270.0,2.0417,43702.01,330381780.0,20.97,3.535,1.01,0.8,5.6,52.2062704,328702.0,31.88,26.92,14.85,3644.77
2025-12-12,2.8611,1.174,44209.0,2.0417,43513.95,424287138.0,21.46,3.557,1.01,0.8,5.6,52.0614048,246059.0,29.93,27.5,15.74,3664.19
2025-12-15,2.8508,1.1752,43969.0,2.0417,44116.96,542786249.0,21.2,3.53,1.11,0.8,5.6,51.5317152,288625.0,32.85,27.01,16.5,3662.45
2025-12-16,2.8466,1.1746,45617.0,2.0417,43990.48,537306452.0,20.18,3.51,1.11,0.8,5.6,50.161542,356770.0,36.23,26.9,16.48,3663.68
2025-12-17,2.8642,1.1739,49574.0,2.0417,44099.48,391120811.0,21.22,3.536,1.11,0.8,5.6,50.8390048,346605.0,36.74,27.38,17.62,3693.7
2025-12-18,2.8491,1.1721,45923.0,2.0417,44463.28,426221004.0,21.31,3.499,1.11,0.8,5.6,51.0366294,237230.0,33.6,27.35,16.87,3694.53
2025-12-19,2.8925,1.1708,40683.0,2.0417,44757.55,837344373.0,20.72,3.541,1.11,0.8,5.6,51.6486364,241730.0,33.62,28.2,14.91,3703.98
2025-12-22,2.9044,1.176,48571.0,2.0417,44593.6,1355524001.0,23.8,3.572,1.11,0.8,5.6,52.7806038,246202.0,33.03,27.77,14.08,3777.43
2025-12-23,2.8647,1.1794,55315.0,2.0417,44606.58,594699390.0,24.53,3.518,1.11,0.8,5.6,52.8913782,179217.0,33.02,27.78,14.0,3800.4
2025-12-24,2.8647,1.1778,43167.0,2.0417,44606.58,594699390.0,23.81,3.518,1.11,0.8,5.6,52.8442496,81084.0,31.71,28.1,13.47,3802.85
2025-12-25,2.8647,1.1777,2342.0,2.0417,44606.58,594699390.0,23.81,3.518,1.11,0.8,5.6,52.8442496,81084.0,31.71,28.1,13.47,3802.53
2025-12-26,2.8647,1.1771,37369.0,2.0417,44606.58,594699390.0,25.78,3.518,1.11,0.8,5.6,51.516712,53275.0,32.22,28.1,13.6,3849.41
2025-12-29,2.8257,1.1772,50852.0,2.0417,44436.01,355507165.0,25.71,3.464,1.11,0.8,5.6,52.6161718,86952.0,32.16,28.69,14.2,3679.45
2025-12-30,2.8533,1.1746,44821.0,2.0417,44944.54,342759191.0,24.83,3.509,1.11,0.8,5.6,52.715592,29686.0,30.76,27.8,14.33,3691.29
2025-12-31,2.8623,1.1745,49325.0,2.0458,44944.54,342759191.0,23.92,3.509,1.11,0.8,5.6,51.8095155,208854.0,30.17,28.3,14.95,3672.84
2026-01-02,2.8623,1.1745,49325.0,2.0458,44944.54,342759191.0,23.8,3.509,1.11,0.8,5.6,51.8095155,208854.0,28.4,28.3,14.51,3672.84
2026-01-05,2.8623,1.1745,49325.0,2.0458,44944.54,342759191.0,24.25,3.509,1.11,0.8,5.6,51.8095155,208854.0,29.41,28.3,14.9,3672.84
2026-01-06,2.8623,1.1745,49325.0,2.0458,44944.54,342759191.0,24.82,3.509,1.11,0.8,5.6,51.8095155,208854.0,30.06,28.3,14.75,3672.84
2026-01-07,2.8623,1.1745,49325.0,2.0458,44944.54,342759191.0,24.13,3.509,1.11,0.8,5.6,51.8095155,208854.0,32.98,28.3,15.38,3672.84
2026-01-08,2.8623,1.1745,49325.0,2.0458,44944.54,342759191.0,24.07,3.509,1.11,0.8,5.6,51.8095155,208854.0,35.8,28.3,15.45,3672.84
2026-01-09,2.8623,1.1745,49325.0,2.0458,44944.54,342759191.0,23.43,3.509,1.11,0.8,5.6,51.8095155,208854.0,36.8,28.3,14.49,3672.84
2026-01-12,2.8623,1.1745,49325.0,2.0458,44944.54,342759191.0,25.03,3.509,1.11,0.8,5.6,51.8095155,208854.0,38.85,28.3,15.12,3672.84
2026-01-13,2.8623,1.1745,49325.0,2.0458,44944.54,342759191.0,23.76,3.509,1.11,0.8,5.6,51.8095155,208854.0,40.43,28.3,15.98,3672.84
2026-01-14,2.8623,1.1745,49325.0,2.0458,44944.54,342759191.0,23.57,3.509,1.11,0.8,5.6,51.8095155,208854.0,44.19,28.3,16.75,3672.84
2026-01-15,2.8623,1.1745,49325.0,2.0458,44944.54,342759191.0,22.06,3.509,1.11,0.8,5.6,51.8095155,208854.0,42.06,28.3,15.84,3672.84
2026-01-16,2.8623,1.1745,49325.0,2.0458,44944.54,342759191.0,22.23,3.509,1.11,0.8,5.6,51.8095155,208854.0,43.19,28.3,15.86,3672.84
2026-01-19,2.8623,1.1745,49325.0,2.0458,44944.54,342759191.0,22.23,3.509,1.11,0.8,5.6,51.8095155,208854.0,43.19,28.3,18.84,3672.84
2026-01-20,2.8623,1.1745,49325.0,2.0458,44944.54,342759191.0,24.79,3.509,1.11,0.8,5.6,51.8095155,208854.0,42.78,28.3,20.09,3672.84
2026-01-21,2.8623,1.1745,49325.0,2.0458,44944.54,342759191.0,26.27,3.509,1.11,0.8,5.6,51.8095155,208854.0,45.45,28.3,16.9,3672.84
2026-01-22,2.8623,1.1745,49325.0,2.0458,44944.54,342759191.0,28.11,3.509,1.11,0.8,5.6,51.8095155,208854.0,44.7,28.3,15.64,3672.84
2026-01-23,2.8623,1.1745,49325.0,2.0458,44944.54,342759191.0,30.01,3.509,1.11,0.8,5.6,51.8095155,208854.0,47.64,28.3,16.09,3672.84
