DATE;CLOSE
01/02/1990;17.240000
01/03/1990;18.190000
01/04/1990;19.220000
01/05/1990;20.110000
01/08/1990;20.260000
01/09/1990;22.200000
01/10/1990;22.440000
01/11/1990;20.050000
01/12/1990;24.640000
01/15/1990;26.340000
01/16/1990;24.180000
01/17/1990;24.160000
01/18/1990;24.340000
01/19/1990;22.500000
01/22/1990;26.700000
01/23/1990;24.720000
01/24/1990;25.390000
01/25/1990;25.630000
01/26/1990;26.280000
01/29/1990;26.440000
01/30/1990;27.250000
01/31/1990;25.360000
02/01/1990;24.870000
02/02/1990;24.320000
02/05/1990;24.540000
02/06/1990;24.690000
02/07/1990;24.290000
02/08/1990;23.770000
02/09/1990;23.690000
02/12/1990;24.380000
02/13/1990;23.760000
02/14/1990;22.050000
02/15/1990;19.710000
02/16/1990;20.780000
02/20/1990;22.780000
02/21/1990;23.890000
02/22/1990;22.540000
02/23/1990;23.690000
02/26/1990;23.560000
02/27/1990;22.690000
02/28/1990;21.990000
03/01/1990;21.900000
03/02/1990;21.340000
03/05/1990;22.030000
03/06/1990;20.550000
03/07/1990;19.100000
03/08/1990;19.740000
03/09/1990;20.300000
03/12/1990;20.070000
03/13/1990;21.050000
03/14/1990;19.650000
03/15/1990;18.810000
03/16/1990;17.620000
03/19/1990;18.290000
03/20/1990;19.060000
03/21/1990;20.100000
03/22/1990;22.740000
03/23/1990;20.460000
03/26/1990;19.590000
03/27/1990;21.010000
03/28/1990;19.770000
03/29/1990;18.460000
03/30/1990;19.730000
04/02/1990;22.840000
04/03/1990;20.440000
04/04/1990;22.030000
04/05/1990;21.210000
04/06/1990;21.760000
04/09/1990;22.300000
04/10/1990;21.690000
04/11/1990;17.730000
04/12/1990;19.800000
04/16/1990;20.750000
04/17/1990;20.380000
04/18/1990;22.670000
04/19/1990;22.460000
04/20/1990;23.330000
04/23/1990;24.160000
04/24/1990;21.700000
04/25/1990;20.860000
04/26/1990;20.250000
04/27/1990;22.190000
04/30/1990;19.520000
05/01/1990;18.430000
05/02/1990;19.320000
05/03/1990;17.810000
05/04/1990;17.280000
05/07/1990;17.650000
05/08/1990;18.490000
05/09/1990;18.640000
05/10/1990;18.590000
05/11/1990;19.810000
05/14/1990;20.140000
05/15/1990;19.490000
05/16/1990;17.710000
05/17/1990;17.270000
05/18/1990;17.200000
05/21/1990;16.720000
05/22/1990;17.840000
05/23/1990;17.180000
05/24/1990;17.700000
05/25/1990;17.320000
05/29/1990;18.750000
05/30/1990;17.440000
05/31/1990;17.370000
06/01/1990;17.090000
06/04/1990;18.390000
06/05/1990;18.970000
06/06/1990;17.420000
06/07/1990;16.880000
06/08/1990;17.580000
06/11/1990;16.340000
06/12/1990;16.600000
06/13/1990;17.380000
06/14/1990;17.400000
06/15/1990;15.900000
06/18/1990;17.710000
06/19/1990;15.230000
06/20/1990;15.270000
06/21/1990;14.720000
06/22/1990;19.360000
06/25/1990;17.060000
06/26/1990;16.290000
06/27/1990;16.000000
06/28/1990;16.180000
06/29/1990;15.500000
07/02/1990;16.260000
07/03/1990;16.110000
07/05/1990;17.250000
07/06/1990;16.410000
07/09/1990;16.660000
07/10/1990;16.920000
07/11/1990;16.680000
07/12/1990;17.060000
07/13/1990;17.090000
07/16/1990;16.750000
07/17/1990;16.660000
07/18/1990;18.900000
07/19/1990;18.560000
07/20/1990;15.630000
07/23/1990;23.680000
07/24/1990;21.790000
07/25/1990;20.190000
07/26/1990;20.260000
07/27/1990;21.120000
07/30/1990;21.160000
07/31/1990;21.110000
08/01/1990;21.640000
08/02/1990;20.430000
08/03/1990;28.740000
08/06/1990;35.910000
08/07/1990;32.750000
08/08/1990;28.270000
08/09/1990;24.390000
08/10/1990;25.750000
08/13/1990;25.740000
08/14/1990;24.180000
08/15/1990;23.310000
08/16/1990;27.160000
08/17/1990;27.530000
08/20/1990;26.460000
08/21/1990;28.900000
08/22/1990;30.550000
08/23/1990;36.470000
08/24/1990;33.930000
08/27/1990;29.630000
08/28/1990;29.120000
08/29/1990;27.380000
08/30/1990;29.890000
08/31/1990;29.900000
09/04/1990;29.580000
09/05/1990;28.520000
09/06/1990;30.190000
09/07/1990;28.730000
09/10/1990;29.340000
09/11/1990;28.380000
09/12/1990;28.120000
09/13/1990;29.330000
09/14/1990;30.560000
09/17/1990;29.550000
09/18/1990;28.820000
09/19/1990;27.880000
09/20/1990;28.660000
09/21/1990;30.040000
09/24/1990;30.560000
09/25/1990;28.810000
09/26/1990;28.190000
09/27/1990;28.670000
09/28/1990;29.110000
10/01/1990;28.060000
10/02/1990;27.280000
10/03/1990;27.900000
10/04/1990;27.510000
10/05/1990;27.850000
10/08/1990;28.040000
10/09/1990;30.710000
10/10/1990;31.190000
10/11/1990;33.980000
10/12/1990;31.940000
10/15/1990;31.640000
10/16/1990;31.450000
10/17/1990;31.370000
10/18/1990;29.600000
10/19/1990;27.860000
10/22/1990;27.270000
10/23/1990;27.570000
10/24/1990;28.280000
10/25/1990;29.040000
10/26/1990;30.750000
10/29/1990;31.540000
10/30/1990;30.520000
10/31/1990;30.040000
11/01/1990;30.250000
11/02/1990;30.030000
11/05/1990;29.850000
11/06/1990;29.110000
11/07/1990;30.870000
11/08/1990;30.790000
11/09/1990;26.960000
11/12/1990;25.600000
11/13/1990;24.580000
11/14/1990;22.890000
11/15/1990;22.570000
11/16/1990;21.340000
11/19/1990;20.950000
11/20/1990;20.090000
11/21/1990;21.090000
11/23/1990;20.980000
11/26/1990;22.760000
11/27/1990;22.860000
11/28/1990;22.960000
11/29/1990;23.910000
11/30/1990;22.160000
12/03/1990;22.290000
12/04/1990;22.030000
12/05/1990;20.940000
12/06/1990;22.620000
12/07/1990;22.590000
12/10/1990;23.580000
12/11/1990;23.750000
12/12/1990;21.280000
12/13/1990;23.050000
12/14/1990;23.850000
12/17/1990;24.850000
12/18/1990;23.110000
12/19/1990;23.080000
12/20/1990;23.130000
12/21/1990;22.660000
12/24/1990;24.030000
12/26/1990;24.180000
12/27/1990;24.810000
12/28/1990;25.050000
12/31/1990;26.380000
01/02/1991;26.620000
01/03/1991;27.930000
01/04/1991;27.190000
01/07/1991;28.950000
01/08/1991;30.380000
01/09/1991;33.300000
01/10/1991;31.330000
01/11/1991;32.630000
01/14/1991;36.200000
01/15/1991;36.160000
01/16/1991;33.200000
01/17/1991;27.450000
01/18/1991;25.390000
01/21/1991;24.330000
01/22/1991;24.900000
01/23/1991;23.920000
01/24/1991;22.860000
01/25/1991;22.200000
01/28/1991;23.050000
01/29/1991;23.170000
01/30/1991;21.370000
01/31/1991;20.910000
02/01/1991;21.040000
02/04/1991;21.860000
02/05/1991;21.460000
02/06/1991;22.680000
02/07/1991;23.600000
02/08/1991;23.380000
02/11/1991;22.560000
02/12/1991;22.260000
02/13/1991;20.860000
02/14/1991;21.480000
02/15/1991;19.570000
02/19/1991;19.840000
02/20/1991;22.260000
02/21/1991;20.780000
02/22/1991;21.010000
02/25/1991;22.860000
02/26/1991;20.380000
02/27/1991;21.260000
02/28/1991;21.230000
03/04/1991;20.860000
03/05/1991;20.450000
03/06/1991;20.550000
03/07/1991;21.050000
03/08/1991;20.810000
03/11/1991;20.880000
03/12/1991;18.820000
03/13/1991;16.090000
03/14/1991;14.940000
03/15/1991;14.900000
03/18/1991;15.790000
03/19/1991;16.110000
03/20/1991;16.040000
03/21/1991;16.860000
03/22/1991;16.490000
03/25/1991;16.760000
03/26/1991;16.310000
03/27/1991;16.550000
03/28/1991;16.880000
04/01/1991;17.420000
04/02/1991;17.400000
04/03/1991;17.610000
04/04/1991;18.010000
04/05/1991;17.630000
04/08/1991;17.410000
04/09/1991;20.120000
04/10/1991;19.730000
04/11/1991;17.240000
04/12/1991;18.450000
04/15/1991;16.500000
04/16/1991;15.820000
04/17/1991;15.470000
04/18/1991;16.260000
04/19/1991;15.680000
04/22/1991;16.780000
04/23/1991;17.020000
04/24/1991;16.720000
04/25/1991;17.150000
04/26/1991;17.270000
04/29/1991;18.270000
04/30/1991;18.240000
05/01/1991;17.770000
05/02/1991;17.520000
05/03/1991;17.240000
05/06/1991;17.920000
05/07/1991;17.460000
05/08/1991;17.780000
05/09/1991;17.170000
05/10/1991;17.540000
05/13/1991;17.660000
05/14/1991;18.000000
05/15/1991;18.380000
05/16/1991;17.240000
05/17/1991;16.640000
05/20/1991;17.100000
05/21/1991;16.070000
05/22/1991;16.160000
05/23/1991;16.110000
05/24/1991;15.230000
05/28/1991;15.670000
05/29/1991;15.900000
05/30/1991;16.020000
05/31/1991;15.930000
06/03/1991;16.870000
06/04/1991;16.170000
06/05/1991;16.400000
06/06/1991;16.930000
06/07/1991;16.980000
06/10/1991;17.470000
06/11/1991;17.320000
06/12/1991;17.720000
06/13/1991;16.990000
06/14/1991;15.980000
06/17/1991;15.500000
06/18/1991;16.140000
06/19/1991;17.440000
06/20/1991;16.750000
06/21/1991;16.510000
06/24/1991;18.280000
06/25/1991;17.850000
06/26/1991;17.980000
06/27/1991;17.870000
06/28/1991;19.550000
07/01/1991;18.640000
07/02/1991;17.630000
07/03/1991;19.470000
07/05/1991;18.350000
07/08/1991;20.290000
07/09/1991;19.760000
07/10/1991;19.190000
07/11/1991;17.390000
07/12/1991;18.290000
07/15/1991;17.780000
07/16/1991;17.490000
07/17/1991;17.520000
07/18/1991;15.770000
07/19/1991;15.500000
07/22/1991;16.900000
07/23/1991;16.580000
07/24/1991;16.410000
07/25/1991;15.740000
07/26/1991;15.450000
07/29/1991;15.670000
07/30/1991;15.470000
07/31/1991;15.180000
08/01/1991;15.470000
08/02/1991;15.260000
08/05/1991;15.920000
08/06/1991;15.540000
08/07/1991;15.560000
08/08/1991;15.980000
08/09/1991;15.450000
08/12/1991;15.260000
08/13/1991;14.730000
08/14/1991;15.090000
08/15/1991;15.190000
08/16/1991;16.010000
08/19/1991;21.190000
08/20/1991;18.860000
08/21/1991;15.620000
08/22/1991;14.590000
08/23/1991;14.410000
08/26/1991;14.810000
08/27/1991;15.460000
08/28/1991;15.310000
08/29/1991;14.820000
08/30/1991;14.460000
09/03/1991;16.570000
09/04/1991;17.180000
09/05/1991;17.310000
09/06/1991;16.760000
09/09/1991;17.730000
09/10/1991;18.220000
09/11/1991;17.960000
09/12/1991;16.210000
09/13/1991;17.880000
09/16/1991;17.820000
09/17/1991;17.680000
09/18/1991;17.560000
09/19/1991;17.560000
09/20/1991;17.080000
09/23/1991;16.380000
09/24/1991;16.040000
09/25/1991;15.680000
09/26/1991;15.350000
09/27/1991;16.310000
09/30/1991;15.850000
10/01/1991;14.810000
10/02/1991;15.810000
10/03/1991;17.040000
10/04/1991;15.630000
10/07/1991;18.580000
10/08/1991;17.810000
10/09/1991;18.540000
10/10/1991;17.800000
10/11/1991;17.600000
10/14/1991;16.710000
10/15/1991;16.220000
10/16/1991;14.850000
10/17/1991;16.320000
10/18/1991;15.870000
10/21/1991;16.660000
10/22/1991;16.550000
10/23/1991;16.260000
10/24/1991;15.620000
10/25/1991;15.750000
10/28/1991;15.450000
10/29/1991;15.550000
10/30/1991;15.460000
10/31/1991;15.480000
11/01/1991;15.600000
11/04/1991;16.350000
11/05/1991;16.480000
11/06/1991;16.470000
11/07/1991;15.970000
11/08/1991;15.430000
11/11/1991;14.890000
11/12/1991;14.040000
11/13/1991;13.950000
11/14/1991;13.960000
11/15/1991;21.180000
11/18/1991;18.280000
11/19/1991;20.340000
11/20/1991;20.400000
11/21/1991;19.110000
11/22/1991;21.200000
11/25/1991;21.920000
11/26/1991;19.800000
11/27/1991;19.840000
11/29/1991;20.260000
12/02/1991;20.180000
12/03/1991;19.700000
12/04/1991;19.540000
12/05/1991;20.190000
12/06/1991;19.040000
12/09/1991;19.740000
12/10/1991;19.890000
12/11/1991;20.570000
12/12/1991;19.080000
12/13/1991;17.880000
12/16/1991;17.620000
12/17/1991;18.120000
12/18/1991;17.780000
12/19/1991;17.960000
12/20/1991;17.650000
12/23/1991;16.610000
12/24/1991;15.670000
12/26/1991;15.440000
12/27/1991;15.700000
12/30/1991;17.630000
12/31/1991;19.310000
01/02/1992;18.950000
01/03/1992;18.750000
01/06/1992;18.960000
01/07/1992;19.230000
01/08/1992;18.720000
01/09/1992;18.960000
01/10/1992;18.450000
01/13/1992;18.010000
01/14/1992;17.010000
01/15/1992;17.390000
01/16/1992;17.640000
01/17/1992;16.320000
01/20/1992;16.420000
01/21/1992;17.920000
01/22/1992;16.750000
01/23/1992;16.460000
01/24/1992;16.240000
01/27/1992;16.670000
01/28/1992;17.670000
01/29/1992;17.620000
01/30/1992;17.490000
01/31/1992;17.400000
02/03/1992;18.200000
02/04/1992;17.960000
02/05/1992;18.220000
02/06/1992;18.790000
02/07/1992;18.510000
02/10/1992;18.560000
02/11/1992;17.700000
02/12/1992;17.370000
02/13/1992;17.450000
02/14/1992;17.030000
02/18/1992;18.220000
02/19/1992;17.160000
02/20/1992;16.720000
02/21/1992;16.870000
02/24/1992;17.130000
02/25/1992;16.350000
02/26/1992;16.640000
02/27/1992;16.510000
02/28/1992;16.680000
03/02/1992;16.880000
03/03/1992;17.260000
03/04/1992;17.890000
03/05/1992;18.470000
03/06/1992;19.750000
03/09/1992;19.680000
03/10/1992;18.680000
03/11/1992;19.790000
03/12/1992;19.720000
03/13/1992;18.350000
03/16/1992;18.460000
03/17/1992;16.790000
03/18/1992;16.690000
03/19/1992;16.520000
03/20/1992;16.820000
03/23/1992;16.730000
03/24/1992;16.320000
03/25/1992;16.190000
03/26/1992;16.290000
03/27/1992;16.020000
03/30/1992;15.970000
03/31/1992;16.180000
04/01/1992;16.480000
04/02/1992;17.060000
04/03/1992;16.720000
04/06/1992;16.720000
04/07/1992;18.810000
04/08/1992;20.150000
04/09/1992;17.890000
04/10/1992;16.850000
04/13/1992;16.990000
04/14/1992;15.980000
04/15/1992;15.150000
04/16/1992;14.850000
04/20/1992;15.930000
04/21/1992;16.530000
04/22/1992;15.960000
04/23/1992;15.830000
04/24/1992;15.710000
04/27/1992;16.490000
04/28/1992;16.240000
04/29/1992;15.950000
04/30/1992;15.530000
05/01/1992;16.610000
05/04/1992;16.920000
05/05/1992;16.660000
05/06/1992;16.810000
05/07/1992;16.540000
05/08/1992;15.650000
05/11/1992;15.170000
05/12/1992;15.680000
05/13/1992;15.190000
05/14/1992;15.490000
05/15/1992;14.820000
05/18/1992;14.620000
05/19/1992;13.570000
05/20/1992;13.620000
05/21/1992;13.920000
05/22/1992;13.730000
05/26/1992;14.920000
05/27/1992;13.990000
05/28/1992;13.770000
05/29/1992;13.860000
06/01/1992;14.430000
06/02/1992;14.570000
06/03/1992;14.350000
06/04/1992;13.660000
06/05/1992;14.650000
06/08/1992;15.190000
06/09/1992;15.970000
06/10/1992;16.620000
06/11/1992;16.290000
06/12/1992;14.950000
06/15/1992;14.760000
06/16/1992;15.220000
06/17/1992;18.080000
06/18/1992;18.200000
06/19/1992;16.310000
06/22/1992;16.660000
06/23/1992;14.530000
06/24/1992;14.400000
06/25/1992;14.400000
06/26/1992;14.670000
06/29/1992;13.210000
06/30/1992;13.350000
07/01/1992;13.340000
07/02/1992;13.880000
07/06/1992;14.870000
07/07/1992;15.830000
07/08/1992;15.530000
07/09/1992;14.600000
07/10/1992;13.700000
07/13/1992;14.010000
07/14/1992;13.500000
07/15/1992;12.520000
07/16/1992;12.270000
07/17/1992;12.600000
07/20/1992;12.660000
07/21/1992;12.600000
07/22/1992;13.570000
07/23/1992;13.330000
07/24/1992;13.370000
07/27/1992;13.900000
07/28/1992;13.050000
07/29/1992;13.440000
07/30/1992;13.500000
07/31/1992;13.170000
08/03/1992;13.830000
08/04/1992;13.580000
08/05/1992;13.820000
08/06/1992;14.230000
08/07/1992;13.940000
08/10/1992;14.510000
08/11/1992;15.090000
08/12/1992;14.880000
08/13/1992;15.340000
08/14/1992;14.660000
08/17/1992;14.610000
08/18/1992;13.840000
08/19/1992;14.350000
08/20/1992;14.480000
08/21/1992;15.010000
08/24/1992;16.190000
08/25/1992;15.620000
08/26/1992;14.500000
08/27/1992;13.660000
08/28/1992;13.140000
08/31/1992;13.580000
09/01/1992;13.400000
09/02/1992;12.730000
09/03/1992;12.880000
09/04/1992;12.980000
09/08/1992;13.650000
09/09/1992;13.360000
09/10/1992;12.920000
09/11/1992;12.470000
09/14/1992;13.000000
09/15/1992;13.630000
09/16/1992;14.720000
09/17/1992;14.310000
09/18/1992;13.740000
09/21/1992;13.450000
09/22/1992;13.880000
09/23/1992;13.830000
09/24/1992;13.440000
09/25/1992;14.800000
09/28/1992;15.190000
09/29/1992;14.970000
09/30/1992;14.280000
10/01/1992;16.310000
10/02/1992;17.790000
10/05/1992;20.010000
10/06/1992;19.950000
10/07/1992;21.020000
10/08/1992;19.260000
10/09/1992;20.510000
10/12/1992;19.490000
10/13/1992;17.900000
10/14/1992;18.420000
10/15/1992;17.110000
10/16/1992;17.010000
10/19/1992;17.310000
10/20/1992;16.870000
10/21/1992;16.620000
10/22/1992;15.840000
10/23/1992;16.460000
10/26/1992;16.320000
10/27/1992;16.240000
10/28/1992;15.950000
10/29/1992;15.470000
10/30/1992;16.150000
11/02/1992;16.670000
11/03/1992;17.330000
11/04/1992;16.280000
11/05/1992;15.380000
11/06/1992;14.690000
11/09/1992;14.230000
11/10/1992;14.370000
11/11/1992;13.990000
11/12/1992;14.370000
11/13/1992;14.610000
11/16/1992;14.860000
11/17/1992;15.010000
11/18/1992;14.550000
11/19/1992;14.330000
11/20/1992;13.670000
11/23/1992;13.400000
11/24/1992;12.660000
11/25/1992;12.500000
11/27/1992;12.580000
11/30/1992;13.010000
12/01/1992;12.800000
12/02/1992;12.560000
12/03/1992;12.030000
12/04/1992;11.810000
12/07/1992;12.000000
12/08/1992;11.730000
12/09/1992;12.580000
12/10/1992;12.750000
12/11/1992;12.340000
12/14/1992;12.660000
12/15/1992;12.410000
12/16/1992;12.580000
12/17/1992;12.140000
12/18/1992;11.660000
12/21/1992;11.650000
12/22/1992;11.750000
12/23/1992;11.510000
12/24/1992;11.570000
12/28/1992;12.220000
12/29/1992;12.290000
12/30/1992;12.600000
12/31/1992;12.570000
01/04/1993;13.360000
01/05/1993;13.350000
01/06/1993;13.370000
01/07/1993;14.720000
01/08/1993;13.770000
01/11/1993;12.860000
01/12/1993;12.780000
01/13/1993;12.420000
01/14/1993;11.990000
01/15/1993;11.570000
01/18/1993;11.490000
01/19/1993;12.060000
01/20/1993;12.150000
01/21/1993;11.690000
01/22/1993;11.300000
01/25/1993;11.380000
01/26/1993;11.450000
01/27/1993;12.010000
01/28/1993;12.040000
01/29/1993;12.420000
02/01/1993;12.330000
02/02/1993;12.250000
02/03/1993;12.120000
02/04/1993;12.290000
02/05/1993;12.900000
02/08/1993;13.220000
02/09/1993;13.480000
02/10/1993;13.430000
02/11/1993;12.690000
02/12/1993;12.380000
02/16/1993;15.760000
02/17/1993;15.900000
02/18/1993;15.560000
02/19/1993;15.020000
02/22/1993;14.700000
02/23/1993;15.040000
02/24/1993;14.720000
02/25/1993;13.760000
02/26/1993;13.160000
03/01/1993;13.600000
03/02/1993;12.490000
03/03/1993;13.130000
03/04/1993;13.440000
03/05/1993;14.080000
03/08/1993;16.220000
03/09/1993;14.170000
03/10/1993;13.910000
03/11/1993;14.260000
03/12/1993;15.660000
03/15/1993;14.740000
03/16/1993;14.510000
03/17/1993;14.530000
03/18/1993;14.170000
03/19/1993;13.230000
03/22/1993;13.660000
03/23/1993;13.020000
03/24/1993;12.440000
03/25/1993;12.080000
03/26/1993;12.210000
03/29/1993;12.630000
03/30/1993;12.230000
03/31/1993;12.530000
04/01/1993;13.020000
04/02/1993;14.500000
04/05/1993;14.120000
04/06/1993;14.240000
04/07/1993;13.640000
04/08/1993;12.830000
04/12/1993;11.930000
04/13/1993;11.700000
04/14/1993;11.760000
04/15/1993;10.960000
04/16/1993;11.290000
04/19/1993;12.060000
04/20/1993;11.940000
04/21/1993;12.110000
04/22/1993;12.680000
04/23/1993;13.360000
04/26/1993;15.250000
04/27/1993;13.930000
04/28/1993;13.120000
04/29/1993;12.800000
04/30/1993;12.420000
05/03/1993;12.900000
05/04/1993;12.140000
05/05/1993;12.380000
05/06/1993;13.220000
05/07/1993;13.010000
05/10/1993;13.720000
05/11/1993;13.350000
05/12/1993;13.560000
05/13/1993;14.760000
05/14/1993;14.390000
05/17/1993;14.130000
05/18/1993;14.190000
05/19/1993;14.290000
05/20/1993;13.980000
05/21/1993;14.510000
05/24/1993;14.100000
05/25/1993;14.040000
05/26/1993;12.880000
05/27/1993;13.100000
05/28/1993;13.470000
06/01/1993;13.670000
06/02/1993;13.480000
06/03/1993;13.540000
06/04/1993;12.860000
06/07/1993;14.070000
06/08/1993;14.740000
06/09/1993;13.960000
06/10/1993;13.310000
06/11/1993;12.710000
06/14/1993;12.330000
06/15/1993;11.990000
06/16/1993;11.870000
06/17/1993;11.660000
06/18/1993;12.240000
06/21/1993;12.250000
06/22/1993;11.650000
06/23/1993;12.040000
06/24/1993;12.250000
06/25/1993;11.250000
06/28/1993;11.110000
06/29/1993;11.290000
06/30/1993;11.260000
07/01/1993;11.510000
07/02/1993;11.330000
07/06/1993;13.870000
07/07/1993;13.050000
07/08/1993;12.240000
07/09/1993;10.800000
07/12/1993;10.850000
07/13/1993;11.020000
07/14/1993;10.780000
07/15/1993;10.600000
07/16/1993;10.960000
07/19/1993;11.460000
07/20/1993;11.050000
07/21/1993;11.970000
07/22/1993;11.690000
07/23/1993;11.320000
07/26/1993;11.320000
07/27/1993;11.340000
07/28/1993;11.370000
07/29/1993;11.250000
07/30/1993;11.730000
08/02/1993;11.470000
08/03/1993;11.490000
08/04/1993;11.710000
08/05/1993;12.030000
08/06/1993;12.330000
08/09/1993;12.390000
08/10/1993;12.310000
08/11/1993;12.070000
08/12/1993;12.380000
08/13/1993;12.190000
08/16/1993;12.010000
08/17/1993;11.590000
08/18/1993;11.520000
08/19/1993;11.630000
08/20/1993;11.620000
08/23/1993;12.150000
08/24/1993;11.800000
08/25/1993;12.100000
08/26/1993;12.140000
08/27/1993;11.910000
08/30/1993;11.740000
08/31/1993;11.850000
09/01/1993;11.480000
09/02/1993;11.870000
09/03/1993;11.160000
09/07/1993;12.900000
09/08/1993;13.240000
09/09/1993;12.670000
09/10/1993;11.700000
09/13/1993;12.160000
09/14/1993;13.150000
09/15/1993;12.700000
09/16/1993;13.360000
09/17/1993;13.390000
09/20/1993;14.600000
09/21/1993;17.300000
09/22/1993;13.750000
09/23/1993;13.360000
09/24/1993;12.470000
09/27/1993;12.490000
09/28/1993;12.190000
09/29/1993;12.630000
09/30/1993;12.990000
10/01/1993;11.830000
10/04/1993;12.850000
10/05/1993;12.970000
10/06/1993;12.680000
10/07/1993;13.140000
10/08/1993;12.040000
10/11/1993;12.260000
10/12/1993;12.410000
10/13/1993;11.380000
10/14/1993;11.000000
10/15/1993;10.870000
10/18/1993;11.330000
10/19/1993;11.610000
10/20/1993;11.320000
10/21/1993;11.200000
10/22/1993;11.480000
10/25/1993;11.830000
10/26/1993;11.830000
10/27/1993;12.010000
10/28/1993;11.880000
10/29/1993;11.460000
11/01/1993;11.780000
11/02/1993;11.740000
11/03/1993;13.260000
11/04/1993;14.680000
11/05/1993;14.970000
11/08/1993;14.310000
11/09/1993;13.940000
11/10/1993;13.720000
11/11/1993;13.880000
11/12/1993;13.330000
11/15/1993;14.460000
11/16/1993;15.110000
11/17/1993;15.570000
11/18/1993;14.650000
11/19/1993;15.030000
11/22/1993;15.900000
11/23/1993;14.270000
11/24/1993;13.510000
11/26/1993;13.770000
11/29/1993;14.120000
11/30/1993;13.760000
12/01/1993;13.830000
12/02/1993;13.510000
12/03/1993;12.690000
12/06/1993;12.840000
12/07/1993;12.410000
12/08/1993;12.460000
12/09/1993;12.430000
12/10/1993;12.600000
12/13/1993;10.980000
12/14/1993;11.130000
12/15/1993;11.030000
12/16/1993;10.900000
12/17/1993;11.080000
12/20/1993;10.750000
12/21/1993;10.080000
12/22/1993;9.310000
12/23/1993;9.480000
12/27/1993;9.700000
12/28/1993;9.820000
12/29/1993;10.460000
12/30/1993;10.690000
12/31/1993;11.660000
01/03/1994;12.570000
01/04/1994;11.910000
01/05/1994;10.940000
01/06/1994;11.270000
01/07/1994;10.960000
01/10/1994;10.740000
01/11/1994;11.290000
01/12/1994;11.650000
01/13/1994;12.080000
01/14/1994;11.150000
01/17/1994;11.880000
01/18/1994;11.630000
01/19/1994;11.760000
01/20/1994;11.160000
01/21/1994;11.090000
01/24/1994;11.600000
01/25/1994;11.380000
01/26/1994;11.170000
01/27/1994;10.300000
01/28/1994;9.940000
01/31/1994;10.630000
02/01/1994;10.650000
02/02/1994;10.610000
02/03/1994;10.750000
02/04/1994;15.250000
02/07/1994;13.960000
02/08/1994;13.660000
02/09/1994;13.300000
02/10/1994;14.240000
02/11/1994;14.460000
02/14/1994;14.280000
02/15/1994;13.400000
02/16/1994;13.130000
02/17/1994;13.790000
02/18/1994;14.700000
02/22/1994;13.520000
02/23/1994;13.910000
02/24/1994;15.960000
02/25/1994;14.800000
02/28/1994;14.870000
03/01/1994;15.830000
03/02/1994;16.080000
03/03/1994;16.360000
03/04/1994;16.000000
03/07/1994;14.260000
03/08/1994;16.230000
03/09/1994;14.410000
03/10/1994;16.550000
03/11/1994;14.870000
03/14/1994;16.610000
03/15/1994;14.780000
03/16/1994;14.510000
03/17/1994;12.760000
03/18/1994;13.320000
03/21/1994;14.340000
03/22/1994;13.390000
03/23/1994;12.310000
03/24/1994;13.430000
03/25/1994;13.670000
03/28/1994;14.900000
03/29/1994;16.490000
03/30/1994;18.590000
03/31/1994;20.450000
04/04/1994;23.870000
04/05/1994;18.130000
04/06/1994;17.380000
04/07/1994;16.980000
04/08/1994;16.920000
04/11/1994;16.610000
04/12/1994;16.420000
04/13/1994;17.020000
04/14/1994;16.270000
04/15/1994;15.980000
04/18/1994;17.220000
04/19/1994;16.930000
04/20/1994;17.010000
04/21/1994;14.930000
04/22/1994;14.940000
04/25/1994;14.260000
04/26/1994;13.800000
04/28/1994;14.510000
04/29/1994;13.770000
05/02/1994;14.110000
05/03/1994;13.810000
05/04/1994;14.290000
05/05/1994;14.560000
05/06/1994;15.080000
05/09/1994;16.160000
05/10/1994;15.190000
05/11/1994;15.550000
05/12/1994;15.460000
05/13/1994;14.540000
05/16/1994;14.670000
05/17/1994;14.080000
05/18/1994;12.550000
05/19/1994;12.330000
05/20/1994;12.790000
05/23/1994;13.490000
05/24/1994;12.730000
05/25/1994;12.430000
05/26/1994;12.500000
05/27/1994;12.490000
05/31/1994;13.030000
06/01/1994;12.720000
06/02/1994;12.730000
06/03/1994;12.190000
06/06/1994;13.030000
06/07/1994;13.050000
06/08/1994;13.320000
06/09/1994;13.210000
06/10/1994;12.690000
06/13/1994;11.920000
06/14/1994;11.600000
06/15/1994;11.520000
06/16/1994;11.220000
06/17/1994;12.310000
06/20/1994;13.960000
06/21/1994;14.700000
06/22/1994;14.020000
06/23/1994;14.120000
06/24/1994;16.720000
06/27/1994;15.530000
06/28/1994;15.040000
06/29/1994;14.420000
06/30/1994;14.970000
07/01/1994;14.360000
07/05/1994;14.920000
07/06/1994;14.700000
07/07/1994;14.010000
07/08/1994;13.260000
07/11/1994;13.830000
07/12/1994;13.400000
07/13/1994;12.420000
07/14/1994;11.640000
07/15/1994;11.280000
07/18/1994;11.440000
07/19/1994;11.650000
07/20/1994;11.700000
07/21/1994;11.650000
07/22/1994;11.220000
07/25/1994;11.460000
07/26/1994;11.660000
07/27/1994;11.930000
07/28/1994;12.030000
07/29/1994;11.130000
08/01/1994;11.170000
08/02/1994;11.270000
08/03/1994;11.350000
08/04/1994;12.180000
08/05/1994;12.340000
08/08/1994;12.410000
08/09/1994;12.540000
08/10/1994;11.910000
08/11/1994;12.130000
08/12/1994;11.090000
08/15/1994;12.060000
08/16/1994;11.390000
08/17/1994;11.540000
08/18/1994;12.070000
08/19/1994;12.830000
08/22/1994;12.620000
08/23/1994;11.750000
08/24/1994;11.570000
08/25/1994;12.020000
08/26/1994;12.190000
08/29/1994;11.820000
08/30/1994;11.230000
08/31/1994;11.970000
09/01/1994;11.860000
09/02/1994;11.400000
09/06/1994;11.690000
09/07/1994;11.810000
09/08/1994;11.860000
09/09/1994;13.120000
09/12/1994;14.010000
09/13/1994;13.770000
09/14/1994;13.090000
09/15/1994;11.880000
09/16/1994;12.800000
09/19/1994;13.060000
09/20/1994;14.450000
09/21/1994;14.490000
09/22/1994;13.890000
09/23/1994;14.530000
09/26/1994;14.560000
09/27/1994;14.130000
09/28/1994;13.250000
09/29/1994;13.970000
09/30/1994;14.280000
10/03/1994;15.440000
10/04/1994;16.660000
10/05/1994;15.920000
10/06/1994;16.240000
10/07/1994;14.920000
10/10/1994;14.720000
10/11/1994;13.550000
10/12/1994;14.510000
10/13/1994;14.900000
10/14/1994;13.320000
10/17/1994;14.760000
10/18/1994;14.590000
10/19/1994;15.130000
10/20/1994;15.990000
10/21/1994;15.910000
10/24/1994;16.970000
10/25/1994;16.130000
10/26/1994;15.700000
10/27/1994;15.670000
10/28/1994;14.560000
10/31/1994;14.560000
11/01/1994;14.840000
11/02/1994;15.340000
11/03/1994;15.580000
11/04/1994;16.750000
11/07/1994;17.370000
11/08/1994;16.300000
11/09/1994;16.420000
11/10/1994;16.000000
11/11/1994;16.500000
11/14/1994;16.680000
11/15/1994;16.660000
11/16/1994;15.560000
11/17/1994;15.910000
11/18/1994;16.000000
11/21/1994;16.130000
11/22/1994;17.240000
11/23/1994;18.410000
11/25/1994;17.440000
11/28/1994;16.830000
11/29/1994;16.150000
11/30/1994;15.950000
12/01/1994;16.690000
12/02/1994;16.550000
12/05/1994;16.100000
12/06/1994;16.050000
12/07/1994;16.280000
12/08/1994;18.150000
12/09/1994;16.040000
12/12/1994;15.460000
12/13/1994;14.480000
12/14/1994;13.030000
12/15/1994;12.870000
12/16/1994;12.790000
12/19/1994;13.020000
12/20/1994;12.980000
12/21/1994;12.050000
12/22/1994;12.420000
12/23/1994;11.820000
12/27/1994;12.070000
12/28/1994;12.810000
12/29/1994;12.860000
12/30/1994;13.200000
01/03/1995;14.250000
01/04/1995;13.530000
01/05/1995;13.500000
01/06/1995;13.130000
01/09/1995;13.330000
01/10/1995;12.520000
01/11/1995;12.150000
01/12/1995;12.830000
01/13/1995;11.100000
01/16/1995;11.140000
01/17/1995;11.790000
01/18/1995;11.570000
01/19/1995;11.860000
01/20/1995;12.150000
01/23/1995;12.790000
01/24/1995;11.940000
01/25/1995;11.460000
01/26/1995;11.250000
01/27/1995;11.250000
01/30/1995;12.260000
01/31/1995;11.960000
02/01/1995;11.730000
02/02/1995;11.130000
02/03/1995;10.980000
02/06/1995;11.220000
02/07/1995;11.170000
02/08/1995;11.420000
02/09/1995;11.630000
02/10/1995;11.280000
02/13/1995;11.410000
02/14/1995;11.430000
02/15/1995;11.520000
02/16/1995;11.610000
02/17/1995;11.710000
02/21/1995;12.050000
02/22/1995;11.390000
02/23/1995;11.150000
02/24/1995;10.840000
02/27/1995;12.510000
02/28/1995;11.750000
03/01/1995;11.650000
03/02/1995;12.020000
03/03/1995;11.450000
03/06/1995;12.170000
03/07/1995;14.220000
03/08/1995;13.720000
03/09/1995;13.360000
03/10/1995;12.380000
03/13/1995;12.150000
03/14/1995;12.100000
03/15/1995;12.420000
03/16/1995;11.950000
03/17/1995;11.800000
03/20/1995;11.340000
03/21/1995;11.530000
03/22/1995;11.290000
03/23/1995;11.430000
03/24/1995;11.190000
03/27/1995;11.830000
03/28/1995;11.330000
03/29/1995;12.510000
03/30/1995;12.620000
03/31/1995;13.370000
04/03/1995;13.500000
04/04/1995;12.620000
04/05/1995;12.960000
04/06/1995;12.810000
04/07/1995;12.850000
04/10/1995;12.790000
04/11/1995;12.730000
04/12/1995;12.040000
04/13/1995;11.480000
04/17/1995;12.330000
04/18/1995;12.960000
04/19/1995;13.090000
04/20/1995;12.100000
04/21/1995;11.860000
04/24/1995;11.920000
04/25/1995;12.410000
04/26/1995;12.280000
04/27/1995;11.930000
04/28/1995;11.750000
05/01/1995;12.140000
05/02/1995;11.880000
05/03/1995;11.690000
05/04/1995;12.640000
05/05/1995;12.060000
05/08/1995;12.220000
05/09/1995;12.750000
05/10/1995;13.080000
05/11/1995;12.980000
05/12/1995;11.840000
05/15/1995;12.380000
05/16/1995;12.200000
05/17/1995;12.360000
05/18/1995;13.130000
05/19/1995;12.810000
05/22/1995;11.680000
05/23/1995;11.550000
05/24/1995;11.260000
05/25/1995;11.630000
05/26/1995;12.200000
05/30/1995;12.520000
05/31/1995;12.850000
06/01/1995;12.210000
06/02/1995;12.980000
06/05/1995;13.450000
06/06/1995;13.000000
06/07/1995;12.840000
06/08/1995;12.890000
06/09/1995;12.760000
06/12/1995;11.910000
06/13/1995;11.290000
06/14/1995;11.290000
06/15/1995;11.230000
06/16/1995;10.750000
06/19/1995;11.210000
06/20/1995;11.160000
06/21/1995;11.320000
06/22/1995;11.440000
06/23/1995;11.120000
06/26/1995;11.800000
06/27/1995;12.370000
06/28/1995;11.740000
06/29/1995;11.590000
06/30/1995;11.380000
07/03/1995;11.570000
07/05/1995;12.100000
07/06/1995;11.520000
07/07/1995;11.770000
07/10/1995;12.190000
07/11/1995;12.250000
07/12/1995;12.310000
07/13/1995;12.560000
07/14/1995;12.080000
07/17/1995;12.260000
07/18/1995;12.680000
07/19/1995;13.490000
07/20/1995;12.780000
07/21/1995;12.370000
07/24/1995;12.550000
07/25/1995;12.770000
07/26/1995;13.180000
07/27/1995;13.180000
07/28/1995;13.180000
07/31/1995;13.490000
08/01/1995;13.560000
08/02/1995;13.660000
08/03/1995;13.780000
08/04/1995;13.210000
08/07/1995;13.100000
08/08/1995;13.060000
08/09/1995;12.750000
08/10/1995;13.000000
08/11/1995;12.900000
08/14/1995;13.240000
08/15/1995;12.350000
08/16/1995;12.450000
08/17/1995;12.130000
08/18/1995;12.030000
08/21/1995;13.420000
08/22/1995;12.600000
08/23/1995;13.170000
08/24/1995;12.940000
08/25/1995;12.330000
08/28/1995;12.480000
08/29/1995;12.650000
08/30/1995;12.030000
08/31/1995;11.520000
09/01/1995;11.290000
09/05/1995;11.650000
09/06/1995;11.650000
09/07/1995;11.850000
09/08/1995;11.160000
09/11/1995;11.510000
09/12/1995;11.460000
09/13/1995;11.350000
09/14/1995;11.100000
09/15/1995;11.580000
09/18/1995;12.340000
09/19/1995;12.670000
09/20/1995;12.350000
09/21/1995;12.500000
09/22/1995;12.460000
09/25/1995;13.220000
09/26/1995;12.900000
09/27/1995;12.900000
09/28/1995;12.460000
09/29/1995;12.740000
10/02/1995;13.950000
10/03/1995;14.500000
10/04/1995;14.860000
10/05/1995;15.740000
10/06/1995;13.980000
10/09/1995;14.850000
10/10/1995;14.970000
10/11/1995;14.570000
10/12/1995;14.240000
10/13/1995;13.670000
10/16/1995;14.620000
10/17/1995;14.030000
10/18/1995;14.050000
10/19/1995;13.550000
10/20/1995;13.460000
10/23/1995;14.170000
10/24/1995;13.850000
10/25/1995;14.490000
10/26/1995;15.590000
10/27/1995;14.630000
10/30/1995;14.260000
10/31/1995;13.830000
11/01/1995;13.410000
11/02/1995;13.190000
11/03/1995;12.260000
11/06/1995;12.740000
11/07/1995;13.050000
11/08/1995;12.160000
11/09/1995;12.460000
11/10/1995;12.970000
11/13/1995;13.200000
11/14/1995;13.380000
11/15/1995;12.950000
11/16/1995;12.570000
11/17/1995;12.490000
11/20/1995;12.370000
11/21/1995;11.740000
11/22/1995;11.810000
11/24/1995;11.870000
11/27/1995;12.430000
11/28/1995;11.570000
11/29/1995;11.650000
11/30/1995;11.580000
12/01/1995;11.110000
12/04/1995;10.660000
12/05/1995;11.650000
12/06/1995;12.700000
12/07/1995;12.740000
12/08/1995;11.120000
12/11/1995;11.060000
12/12/1995;10.630000
12/13/1995;10.360000
12/14/1995;11.070000
12/15/1995;11.440000
12/18/1995;14.550000
12/19/1995;13.160000
12/20/1995;12.200000
12/21/1995;10.770000
12/22/1995;11.510000
12/26/1995;11.490000
12/27/1995;11.980000
12/28/1995;12.250000
12/29/1995;12.520000
01/02/1996;12.190000
01/03/1996;12.100000
01/04/1996;13.780000
01/05/1996;13.580000
01/08/1996;13.110000
01/09/1996;15.210000
01/10/1996;16.400000
01/11/1996;14.690000
01/12/1996;14.230000
01/15/1996;14.990000
01/16/1996;14.090000
01/17/1996;14.250000
01/18/1996;13.580000
01/19/1996;12.700000
01/22/1996;13.340000
01/23/1996;13.560000
01/24/1996;12.540000
01/25/1996;12.940000
01/26/1996;12.000000
01/29/1996;12.190000
01/30/1996;12.420000
01/31/1996;12.530000
02/01/1996;12.650000
02/02/1996;13.230000
02/05/1996;13.460000
02/06/1996;14.590000
02/07/1996;14.110000
02/08/1996;13.890000
02/09/1996;14.630000
02/12/1996;14.690000
02/13/1996;14.940000
02/14/1996;15.590000
02/15/1996;16.130000
02/16/1996;15.370000
02/20/1996;16.800000
02/21/1996;14.470000
02/22/1996;14.560000
02/23/1996;14.780000
02/26/1996;16.380000
02/27/1996;16.630000
02/28/1996;16.720000
02/29/1996;17.040000
03/01/1996;16.720000
03/04/1996;16.670000
03/05/1996;16.100000
03/06/1996;16.560000
03/07/1996;16.490000
03/08/1996;20.700000
03/11/1996;19.400000
03/12/1996;19.090000
03/13/1996;18.130000
03/14/1996;16.930000
03/15/1996;16.540000
03/18/1996;17.310000
03/19/1996;18.350000
03/20/1996;18.660000
03/21/1996;17.740000
03/22/1996;17.050000
03/25/1996;17.840000
03/26/1996;17.800000
03/27/1996;17.890000
03/28/1996;18.160000
03/29/1996;18.880000
04/01/1996;17.900000
04/02/1996;16.450000
04/03/1996;16.330000
04/04/1996;16.180000
04/08/1996;18.720000
04/09/1996;17.320000
04/10/1996;20.220000
04/11/1996;19.650000
04/12/1996;17.380000
04/15/1996;16.830000
04/16/1996;16.450000
04/17/1996;17.070000
04/18/1996;16.410000
04/19/1996;15.120000
04/22/1996;15.380000
04/23/1996;15.010000
04/24/1996;14.910000
04/25/1996;14.720000
04/26/1996;14.750000
04/29/1996;15.450000
04/30/1996;15.830000
05/01/1996;16.070000
05/02/1996;18.620000
05/03/1996;16.700000
05/06/1996;16.920000
05/07/1996;16.870000
05/08/1996;15.780000
05/09/1996;16.990000
05/10/1996;15.610000
05/13/1996;15.160000
05/14/1996;14.900000
05/15/1996;15.590000
05/16/1996;15.710000
05/17/1996;15.130000
05/20/1996;15.800000
05/21/1996;16.000000
05/22/1996;15.500000
05/23/1996;16.170000
05/24/1996;15.540000
05/28/1996;16.920000
05/29/1996;17.150000
05/30/1996;16.020000
05/31/1996;16.070000
06/03/1996;16.860000
06/04/1996;16.180000
06/05/1996;16.040000
06/06/1996;16.840000
06/07/1996;16.100000
06/10/1996;16.780000
06/11/1996;16.680000
06/12/1996;17.000000
06/13/1996;17.120000
06/14/1996;18.640000
06/17/1996;17.460000
06/18/1996;17.450000
06/19/1996;17.540000
06/20/1996;16.970000
06/21/1996;15.800000
06/24/1996;15.910000
06/25/1996;15.430000
06/26/1996;15.230000
06/27/1996;14.190000
06/28/1996;13.680000
07/01/1996;13.780000
07/02/1996;14.190000
07/03/1996;14.210000
07/05/1996;16.090000
07/08/1996;16.420000
07/09/1996;15.490000
07/10/1996;15.510000
07/11/1996;17.810000
07/12/1996;17.090000
07/15/1996;20.110000
07/16/1996;20.100000
07/17/1996;19.220000
07/18/1996;17.930000
07/19/1996;17.260000
07/22/1996;20.410000
07/23/1996;21.550000
07/24/1996;21.440000
07/25/1996;19.390000
07/26/1996;17.450000
07/29/1996;20.090000
07/30/1996;20.530000
07/31/1996;19.460000
08/01/1996;18.760000
08/02/1996;16.190000
08/05/1996;17.360000
08/06/1996;16.930000
08/07/1996;16.240000
08/08/1996;16.040000
08/09/1996;15.770000
08/12/1996;15.570000
08/13/1996;16.410000
08/14/1996;15.960000
08/15/1996;15.460000
08/16/1996;14.810000
08/19/1996;15.270000
08/20/1996;14.730000
08/21/1996;14.520000
08/22/1996;13.710000
08/23/1996;14.180000
08/26/1996;15.380000
08/27/1996;15.110000
08/28/1996;15.100000
08/29/1996;16.220000
08/30/1996;17.010000
09/03/1996;18.470000
09/04/1996;18.640000
09/05/1996;20.510000
09/06/1996;17.100000
09/09/1996;16.360000
09/10/1996;16.250000
09/11/1996;16.060000
09/12/1996;15.970000
09/13/1996;15.200000
09/16/1996;15.430000
09/17/1996;15.740000
09/18/1996;15.860000
09/19/1996;16.030000
09/20/1996;15.650000
09/23/1996;16.460000
09/24/1996;16.450000
09/25/1996;16.220000
09/26/1996;16.110000
09/27/1996;16.100000
09/30/1996;16.950000
10/01/1996;17.050000
10/02/1996;16.780000
10/03/1996;16.770000
10/04/1996;14.800000
10/07/1996;15.110000
10/08/1996;15.580000
10/09/1996;16.090000
10/10/1996;16.260000
10/11/1996;15.070000
10/14/1996;15.130000
10/15/1996;15.830000
10/16/1996;15.600000
10/17/1996;15.410000
10/18/1996;15.080000
10/21/1996;15.980000
10/22/1996;16.400000
10/23/1996;16.450000
10/24/1996;16.890000
10/25/1996;17.290000
10/28/1996;18.340000
10/29/1996;18.280000
10/30/1996;18.480000
10/31/1996;18.110000
11/01/1996;17.890000
11/04/1996;18.040000
11/05/1996;17.650000
11/06/1996;16.970000
11/07/1996;17.210000
11/08/1996;15.780000
11/11/1996;14.040000
11/12/1996;15.360000
11/13/1996;14.890000
11/14/1996;13.790000
11/15/1996;14.360000
11/18/1996;15.120000
11/19/1996;15.230000
11/20/1996;15.940000
11/21/1996;15.770000
11/22/1996;14.920000
11/25/1996;15.910000
11/26/1996;16.970000
11/27/1996;16.960000
11/29/1996;17.140000
12/02/1996;17.930000
12/03/1996;18.680000
12/04/1996;17.930000
12/05/1996;18.140000
12/06/1996;18.820000
12/09/1996;17.750000
12/10/1996;17.880000
12/11/1996;19.680000
12/12/1996;20.450000
12/13/1996;21.090000
12/16/1996;21.990000
12/17/1996;20.770000
12/18/1996;19.420000
12/19/1996;18.770000
12/20/1996;18.850000
12/23/1996;19.500000
12/24/1996;18.680000
12/26/1996;18.590000
12/27/1996;19.130000
12/30/1996;19.510000
12/31/1996;20.920000
01/02/1997;21.140000
01/03/1997;19.130000
01/06/1997;19.890000
01/07/1997;19.350000
01/08/1997;20.240000
01/09/1997;20.910000
01/10/1997;19.630000
01/13/1997;19.840000
01/14/1997;19.270000
01/15/1997;19.400000
01/16/1997;19.610000
01/17/1997;18.630000
01/20/1997;18.600000
01/21/1997;17.810000
01/22/1997;17.090000
01/23/1997;18.470000
01/24/1997;19.330000
01/27/1997;20.160000
01/28/1997;20.740000
01/29/1997;20.230000
01/30/1997;19.470000
02/03/1997;19.580000
02/04/1997;19.430000
02/05/1997;21.060000
02/06/1997;20.160000
02/07/1997;18.900000
02/10/1997;20.650000
02/11/1997;19.970000
02/12/1997;19.480000
02/13/1997;19.230000
02/14/1997;19.180000
02/18/1997;19.700000
02/19/1997;20.610000
02/20/1997;21.410000
02/21/1997;20.550000
02/24/1997;19.840000
02/25/1997;19.980000
02/26/1997;20.740000
02/27/1997;21.080000
02/28/1997;21.100000
03/03/1997;20.890000
03/04/1997;20.620000
03/05/1997;19.490000
03/06/1997;20.480000
03/07/1997;19.320000
03/10/1997;19.000000
03/11/1997;19.250000
03/12/1997;19.610000
03/13/1997;19.790000
03/14/1997;19.810000
03/17/1997;20.950000
03/18/1997;21.260000
03/19/1997;21.740000
03/20/1997;21.220000
03/21/1997;19.690000
03/24/1997;20.060000
03/25/1997;19.260000
03/26/1997;18.320000
03/27/1997;20.500000
03/31/1997;22.140000
04/01/1997;20.840000
04/02/1997;21.300000
04/03/1997;21.190000
04/04/1997;19.230000
04/07/1997;18.510000
04/08/1997;18.440000
04/09/1997;18.560000
04/10/1997;19.010000
04/11/1997;19.760000
04/14/1997;19.090000
04/15/1997;18.250000
04/16/1997;17.640000
04/17/1997;18.710000
04/18/1997;18.750000
04/21/1997;20.100000
04/22/1997;19.520000
04/23/1997;20.480000
04/24/1997;20.830000
04/25/1997;21.150000
04/28/1997;21.340000
04/29/1997;19.810000
04/30/1997;20.060000
05/01/1997;19.870000
05/02/1997;17.510000
05/05/1997;20.130000
05/06/1997;20.850000
05/07/1997;21.340000
05/08/1997;21.260000
05/09/1997;20.110000
05/12/1997;20.250000
05/13/1997;20.810000
05/14/1997;21.090000
05/15/1997;19.910000
05/16/1997;21.570000
05/19/1997;21.480000
05/20/1997;19.260000
05/21/1997;19.280000
05/22/1997;18.770000
05/23/1997;18.080000
05/27/1997;19.360000
05/28/1997;19.280000
05/29/1997;19.020000
05/30/1997;19.190000
06/02/1997;20.850000
06/03/1997;20.010000
06/04/1997;20.100000
06/05/1997;20.360000
06/06/1997;18.940000
06/09/1997;19.460000
06/10/1997;19.040000
06/11/1997;18.850000
06/12/1997;18.510000
06/13/1997;19.270000
06/16/1997;19.770000
06/17/1997;20.170000
06/18/1997;20.450000
06/19/1997;20.100000
06/20/1997;20.200000
06/23/1997;21.190000
06/24/1997;20.740000
06/25/1997;21.500000
06/26/1997;21.820000
06/27/1997;21.220000
06/30/1997;21.530000
07/01/1997;21.000000
07/02/1997;19.700000
07/03/1997;17.820000
07/07/1997;19.130000
07/08/1997;18.760000
07/09/1997;20.400000
07/10/1997;19.920000
07/11/1997;19.060000
07/14/1997;19.580000
07/15/1997;19.000000
07/16/1997;19.360000
07/17/1997;20.540000
07/18/1997;22.280000
07/21/1997;23.510000
07/22/1997;21.770000
07/23/1997;21.300000
07/24/1997;20.960000
07/25/1997;20.820000
07/28/1997;21.840000
07/29/1997;22.020000
07/30/1997;21.390000
07/31/1997;21.480000
08/01/1997;22.290000
08/04/1997;21.940000
08/05/1997;20.640000
08/06/1997;20.050000
08/07/1997;19.770000
08/08/1997;22.460000
08/11/1997;22.770000
08/12/1997;23.750000
08/13/1997;24.520000
08/14/1997;23.110000
08/15/1997;24.450000
08/18/1997;24.370000
08/19/1997;22.640000
08/20/1997;21.090000
08/21/1997;23.830000
08/22/1997;24.740000
08/25/1997;24.100000
08/26/1997;24.730000
08/27/1997;24.260000
08/28/1997;24.510000
08/29/1997;24.760000
09/02/1997;24.530000
09/03/1997;24.950000
09/04/1997;25.270000
09/05/1997;24.310000
09/08/1997;24.400000
09/09/1997;23.890000
09/10/1997;24.640000
09/11/1997;25.990000
09/12/1997;25.170000
09/15/1997;25.740000
09/16/1997;23.770000
09/17/1997;24.100000
09/18/1997;23.480000
09/19/1997;22.740000
09/22/1997;22.080000
09/23/1997;22.000000
09/24/1997;22.640000
09/25/1997;22.960000
09/26/1997;22.260000
09/29/1997;22.230000
09/30/1997;22.910000
10/01/1997;22.320000
10/02/1997;22.270000
10/03/1997;21.540000
10/06/1997;21.610000
10/07/1997;20.290000
10/08/1997;20.770000
10/09/1997;22.310000
10/10/1997;19.750000
10/13/1997;20.260000
10/14/1997;19.990000
10/15/1997;20.050000
10/16/1997;20.530000
10/17/1997;21.690000
10/20/1997;20.720000
10/21/1997;19.530000
10/22/1997;19.860000
10/23/1997;22.990000
10/24/1997;23.170000
10/27/1997;31.120000
10/28/1997;31.220000
10/29/1997;33.750000
10/30/1997;38.200000
10/31/1997;35.090000
11/03/1997;32.090000
11/04/1997;32.240000
11/05/1997;32.180000
11/06/1997;32.570000
11/07/1997;36.270000
11/10/1997;36.630000
11/11/1997;36.380000
11/12/1997;37.840000
11/13/1997;36.640000
11/14/1997;33.660000
11/17/1997;31.580000
11/18/1997;31.550000
11/19/1997;29.930000
11/20/1997;27.320000
11/21/1997;26.650000
11/24/1997;29.800000
11/25/1997;28.950000
11/28/1997;27.430000
12/01/1997;26.010000
12/02/1997;25.660000
12/03/1997;23.920000
12/04/1997;23.840000
12/05/1997;22.650000
12/08/1997;23.220000
12/09/1997;23.360000
12/10/1997;24.550000
12/11/1997;27.630000
12/12/1997;27.920000
12/15/1997;27.370000
12/16/1997;26.110000
12/17/1997;26.330000
12/18/1997;27.190000
12/19/1997;29.180000
12/22/1997;28.560000
12/23/1997;29.860000
12/24/1997;30.270000
12/26/1997;29.270000
12/29/1997;26.790000
12/30/1997;24.380000
12/31/1997;24.010000
01/02/1998;23.420000
01/05/1998;24.360000
01/06/1998;25.660000
01/07/1998;25.070000
01/08/1998;26.010000
01/09/1998;28.690000
01/12/1998;28.020000
01/13/1998;25.170000
01/14/1998;23.750000
01/15/1998;23.450000
01/16/1998;21.650000
01/20/1998;21.650000
01/21/1998;22.530000
01/22/1998;23.160000
01/23/1998;23.320000
01/26/1998;23.970000
01/27/1998;22.270000
01/28/1998;22.060000
01/29/1998;21.650000
01/30/1998;21.470000
02/02/1998;21.360000
02/03/1998;20.670000
02/04/1998;20.550000
02/05/1998;21.290000
02/06/1998;20.510000
02/09/1998;21.550000
02/10/1998;20.660000
02/11/1998;20.380000
02/12/1998;19.730000
02/13/1998;19.840000
02/17/1998;20.760000
02/18/1998;19.660000
02/19/1998;19.880000
02/20/1998;19.000000
02/23/1998;18.990000
02/24/1998;19.350000
02/25/1998;18.620000
02/26/1998;18.630000
02/27/1998;18.550000
03/02/1998;19.190000
03/03/1998;19.040000
03/04/1998;19.580000
03/05/1998;20.930000
03/06/1998;19.140000
03/09/1998;20.230000
03/10/1998;19.430000
03/11/1998;18.890000
03/12/1998;18.250000
03/13/1998;18.710000
03/16/1998;18.510000
03/17/1998;18.660000
03/18/1998;18.290000
03/19/1998;17.760000
03/20/1998;18.690000
03/23/1998;19.980000
03/24/1998;20.510000
03/25/1998;22.540000
03/26/1998;22.810000
03/27/1998;23.470000
03/30/1998;24.660000
03/31/1998;24.220000
04/01/1998;23.370000
04/02/1998;21.980000
04/03/1998;21.820000
04/06/1998;22.470000
04/07/1998;23.660000
04/08/1998;23.170000
04/09/1998;21.510000
04/13/1998;22.770000
04/14/1998;21.610000
04/15/1998;20.890000
04/16/1998;22.060000
04/17/1998;20.760000
04/20/1998;20.390000
04/21/1998;19.910000
04/22/1998;19.440000
04/23/1998;20.600000
04/24/1998;21.970000
04/27/1998;26.090000
04/28/1998;24.170000
04/29/1998;22.780000
04/30/1998;21.180000
05/01/1998;19.340000
05/04/1998;20.320000
05/05/1998;21.460000
05/06/1998;22.790000
05/07/1998;23.390000
05/08/1998;20.570000
05/11/1998;21.050000
05/12/1998;20.980000
05/13/1998;20.440000
05/14/1998;19.640000
05/15/1998;20.440000
05/18/1998;21.690000
05/19/1998;20.390000
05/20/1998;19.890000
05/21/1998;19.380000
05/22/1998;18.990000
05/26/1998;22.070000
05/27/1998;22.590000
05/28/1998;20.740000
05/29/1998;21.320000
06/01/1998;22.830000
06/02/1998;22.000000
06/03/1998;22.850000
06/04/1998;21.220000
06/05/1998;19.780000
06/08/1998;20.580000
06/09/1998;20.520000
06/10/1998;21.480000
06/11/1998;23.570000
06/12/1998;22.780000
06/15/1998;25.940000
06/16/1998;24.800000
06/17/1998;22.890000
06/18/1998;22.400000
06/19/1998;21.920000
06/22/1998;21.940000
06/23/1998;20.170000
06/24/1998;20.020000
06/25/1998;20.250000
06/26/1998;19.360000
06/29/1998;19.570000
06/30/1998;19.710000
07/01/1998;18.000000
07/02/1998;17.670000
07/06/1998;18.630000
07/07/1998;18.620000
07/08/1998;17.820000
07/09/1998;18.160000
07/10/1998;17.920000
07/13/1998;18.260000
07/14/1998;17.880000
07/15/1998;17.890000
07/16/1998;16.970000
07/17/1998;16.230000
07/20/1998;17.340000
07/21/1998;20.100000
07/22/1998;20.320000
07/23/1998;23.010000
07/24/1998;23.010000
07/27/1998;23.130000
07/28/1998;25.250000
07/29/1998;24.790000
07/30/1998;22.660000
07/31/1998;24.800000
08/03/1998;25.980000
08/04/1998;31.060000
08/05/1998;29.830000
08/06/1998;28.200000
08/07/1998;27.020000
08/10/1998;28.750000
08/11/1998;31.910000
08/12/1998;28.550000
08/13/1998;29.920000
08/14/1998;34.340000
08/17/1998;31.860000
08/18/1998;28.400000
08/19/1998;28.690000
08/20/1998;30.000000
08/21/1998;33.140000
08/24/1998;31.800000
08/25/1998;30.330000
08/26/1998;31.140000
08/27/1998;38.550000
08/28/1998;39.600000
08/31/1998;44.280000
09/01/1998;36.480000
09/02/1998;36.760000
09/03/1998;41.430000
09/04/1998;43.310000
09/08/1998;37.900000
09/09/1998;39.660000
09/10/1998;45.290000
09/11/1998;43.740000
09/14/1998;38.570000
09/15/1998;36.580000
09/16/1998;35.940000
09/17/1998;39.230000
09/18/1998;38.630000
09/21/1998;38.580000
09/22/1998;36.620000
09/23/1998;32.470000
09/24/1998;34.660000
09/25/1998;34.550000
09/28/1998;34.870000
09/29/1998;36.080000
09/30/1998;40.950000
10/01/1998;43.480000
10/02/1998;40.470000
10/05/1998;42.810000
10/06/1998;41.200000
10/07/1998;43.510000
10/08/1998;45.740000
10/09/1998;42.200000
10/12/1998;40.070000
10/13/1998;40.230000
10/14/1998;38.960000
10/15/1998;33.340000
10/16/1998;34.820000
10/19/1998;33.130000
10/20/1998;33.110000
10/21/1998;33.210000
10/22/1998;31.530000
10/23/1998;32.270000
10/26/1998;32.380000
10/27/1998;32.950000
10/28/1998;32.420000
10/29/1998;29.500000
10/30/1998;28.050000
11/02/1998;27.260000
11/03/1998;27.760000
11/04/1998;27.370000
11/05/1998;26.010000
11/06/1998;25.700000
11/09/1998;28.090000
11/10/1998;28.170000
11/11/1998;28.470000
11/12/1998;29.280000
11/13/1998;29.030000
11/16/1998;28.900000
11/17/1998;27.950000
11/18/1998;27.130000
11/19/1998;25.500000
11/20/1998;22.470000
11/23/1998;21.840000
11/24/1998;23.280000
11/25/1998;22.150000
11/27/1998;22.090000
11/30/1998;26.010000
12/01/1998;24.970000
12/02/1998;25.430000
12/03/1998;28.700000
12/04/1998;25.310000
12/07/1998;24.900000
12/08/1998;25.580000
12/09/1998;25.660000
12/10/1998;26.810000
12/11/1998;27.720000
12/14/1998;31.310000
12/15/1998;29.420000
12/16/1998;29.960000
12/17/1998;27.960000
12/18/1998;25.040000
12/21/1998;23.860000
12/22/1998;22.780000
12/23/1998;20.210000
12/24/1998;21.480000
12/28/1998;23.500000
12/29/1998;22.180000
12/30/1998;23.340000
12/31/1998;24.420000
01/04/1999;26.170000
01/05/1999;24.460000
01/06/1999;23.340000
01/07/1999;24.370000
01/08/1999;23.280000
01/11/1999;25.460000
01/12/1999;28.100000
01/13/1999;30.110000
01/14/1999;32.980000
01/15/1999;29.240000
01/19/1999;29.240000
01/20/1999;28.600000
01/21/1999;30.920000
01/22/1999;31.950000
01/25/1999;31.130000
01/26/1999;29.230000
01/27/1999;29.730000
01/28/1999;28.110000
01/29/1999;26.250000
02/01/1999;27.670000
02/02/1999;28.160000
02/03/1999;27.880000
02/04/1999;29.480000
02/05/1999;29.670000
02/08/1999;30.270000
02/09/1999;31.360000
02/10/1999;30.450000
02/11/1999;27.420000
02/12/1999;29.760000
02/16/1999;29.650000
02/17/1999;30.650000
02/18/1999;30.450000
02/19/1999;29.300000
02/22/1999;25.870000
02/23/1999;26.490000
02/24/1999;27.210000
02/25/1999;28.010000
02/26/1999;27.880000
03/01/1999;28.370000
03/02/1999;29.220000
03/03/1999;29.040000
03/04/1999;26.670000
03/05/1999;24.080000
03/08/1999;24.540000
03/09/1999;25.020000
03/10/1999;24.790000
03/11/1999;24.370000
03/12/1999;24.840000
03/15/1999;25.240000
03/16/1999;25.150000
03/17/1999;25.570000
03/18/1999;24.130000
03/19/1999;24.320000
03/22/1999;25.000000
03/23/1999;27.270000
03/24/1999;26.600000
03/25/1999;24.330000
03/26/1999;24.040000
03/29/1999;23.540000
03/30/1999;22.730000
03/31/1999;23.260000
04/01/1999;22.060000
04/05/1999;22.190000
04/06/1999;22.650000
04/07/1999;22.810000
04/08/1999;22.590000
04/09/1999;21.770000
04/12/1999;21.930000
04/13/1999;22.730000
04/14/1999;24.940000
04/15/1999;23.930000
04/16/1999;23.900000
04/19/1999;26.420000
04/20/1999;25.020000
04/21/1999;23.310000
04/22/1999;22.620000
04/23/1999;22.760000
04/26/1999;23.530000
04/27/1999;23.360000
04/28/1999;24.400000
04/29/1999;25.060000
04/30/1999;25.070000
05/03/1999;24.150000
05/04/1999;25.620000
05/05/1999;25.190000
05/06/1999;27.440000
05/07/1999;25.360000
05/10/1999;26.620000
05/11/1999;25.620000
05/12/1999;26.130000
05/13/1999;25.020000
05/14/1999;26.860000
05/17/1999;27.280000
05/18/1999;27.260000
05/19/1999;25.080000
05/20/1999;24.460000
05/21/1999;24.400000
05/24/1999;27.620000
05/25/1999;28.900000
05/26/1999;27.570000
05/27/1999;28.120000
05/28/1999;25.390000
06/01/1999;26.620000
06/02/1999;26.210000
06/03/1999;26.200000
06/04/1999;23.430000
06/07/1999;23.780000
06/08/1999;24.020000
06/09/1999;23.900000
06/10/1999;25.320000
06/11/1999;25.900000
06/14/1999;26.510000
06/15/1999;25.910000
06/16/1999;22.400000
06/17/1999;21.950000
06/18/1999;21.750000
06/21/1999;21.810000
06/22/1999;21.700000
06/23/1999;21.320000
06/24/1999;23.060000
06/25/1999;21.760000
06/28/1999;22.630000
06/29/1999;22.510000
06/30/1999;21.090000
07/01/1999;19.690000
07/02/1999;18.660000
07/06/1999;20.730000
07/07/1999;20.350000
07/08/1999;20.240000
07/09/1999;17.960000
07/12/1999;19.730000
07/13/1999;19.950000
07/14/1999;19.710000
07/15/1999;18.680000
07/16/1999;17.420000
07/19/1999;19.070000
07/20/1999;21.790000
07/21/1999;21.460000
07/22/1999;23.050000
07/23/1999;23.320000
07/26/1999;24.980000
07/27/1999;23.230000
07/28/1999;22.850000
07/29/1999;24.520000
07/30/1999;24.640000
08/02/1999;25.590000
08/03/1999;26.270000
08/04/1999;27.400000
08/05/1999;27.010000
08/06/1999;26.600000
08/09/1999;27.660000
08/10/1999;28.450000
08/11/1999;25.390000
08/12/1999;25.030000
08/13/1999;22.310000
08/16/1999;23.070000
08/17/1999;21.670000
08/18/1999;23.300000
08/19/1999;24.390000
08/20/1999;22.950000
08/23/1999;22.550000
08/24/1999;22.400000
08/25/1999;20.960000
08/26/1999;21.210000
08/27/1999;21.830000
08/30/1999;24.630000
08/31/1999;24.450000
09/01/1999;22.930000
09/02/1999;24.530000
09/03/1999;20.980000
09/07/1999;23.440000
09/08/1999;23.820000
09/09/1999;23.010000
09/10/1999;22.030000
09/13/1999;22.890000
09/14/1999;23.770000
09/15/1999;24.560000
09/16/1999;25.250000
09/17/1999;23.300000
09/20/1999;24.030000
09/21/1999;25.650000
09/22/1999;25.190000
09/23/1999;27.840000
09/24/1999;27.790000
09/27/1999;26.400000
09/28/1999;26.060000
09/29/1999;26.490000
09/30/1999;25.410000
10/01/1999;24.930000
10/04/1999;24.460000
10/05/1999;24.790000
10/06/1999;22.060000
10/07/1999;23.580000
10/08/1999;20.490000
10/11/1999;20.630000
10/12/1999;22.840000
10/13/1999;25.960000
10/14/1999;26.050000
10/15/1999;28.750000
10/18/1999;28.190000
10/19/1999;26.560000
10/20/1999;23.900000
10/21/1999;24.020000
10/22/1999;21.640000
10/25/1999;23.600000
10/26/1999;24.260000
10/27/1999;24.200000
10/28/1999;21.340000
10/29/1999;22.200000
11/01/1999;22.090000
11/02/1999;23.100000
11/03/1999;23.160000
11/04/1999;23.000000
11/05/1999;21.660000
11/08/1999;21.870000
11/09/1999;22.700000
11/10/1999;22.260000
11/11/1999;22.070000
11/12/1999;21.650000
11/15/1999;22.740000
11/16/1999;20.730000
11/17/1999;20.960000
11/18/1999;19.760000
11/19/1999;19.110000
11/22/1999;19.980000
11/23/1999;21.000000
11/24/1999;20.260000
11/26/1999;22.330000
11/29/1999;23.570000
11/30/1999;24.180000
12/01/1999;22.230000
12/02/1999;21.770000
12/03/1999;19.320000
12/06/1999;20.580000
12/07/1999;21.090000
12/08/1999;21.250000
12/09/1999;21.190000
12/10/1999;21.480000
12/13/1999;21.720000
12/14/1999;23.060000
12/15/1999;22.030000
12/16/1999;21.910000
12/17/1999;21.350000
12/20/1999;23.780000
12/21/1999;22.660000
12/22/1999;22.430000
12/23/1999;21.120000
12/27/1999;23.070000
12/28/1999;22.970000
12/29/1999;23.090000
12/30/1999;24.760000
01/03/2000;24.210000
01/04/2000;27.010000
01/05/2000;26.410000
01/06/2000;25.730000
01/07/2000;21.720000
01/10/2000;21.710000
01/11/2000;22.500000
01/12/2000;22.840000
01/13/2000;21.710000
01/14/2000;19.660000
01/18/2000;21.500000
01/19/2000;21.720000
01/20/2000;21.750000
01/21/2000;20.820000
01/24/2000;24.070000
01/25/2000;23.020000
01/26/2000;23.030000
01/27/2000;23.540000
01/28/2000;26.140000
01/31/2000;24.950000
02/01/2000;23.450000
02/02/2000;23.120000
02/03/2000;22.010000
02/04/2000;21.540000
02/07/2000;22.790000
02/08/2000;21.250000
02/09/2000;22.900000
02/10/2000;23.070000
02/11/2000;24.420000
02/14/2000;24.380000
02/15/2000;22.920000
02/16/2000;23.510000
02/17/2000;23.170000
02/18/2000;26.000000
02/22/2000;25.860000
02/23/2000;23.890000
02/24/2000;24.380000
02/25/2000;25.200000
02/28/2000;24.680000
02/29/2000;23.370000
03/01/2000;21.640000
03/02/2000;21.060000
03/03/2000;19.210000
03/06/2000;21.500000
03/07/2000;24.310000
03/08/2000;23.820000
03/09/2000;22.210000
03/10/2000;21.240000
03/13/2000;22.850000
03/14/2000;24.410000
03/15/2000;22.340000
03/16/2000;20.770000
03/17/2000;22.370000
03/20/2000;22.960000
03/21/2000;21.700000
03/22/2000;21.490000
03/23/2000;22.260000
03/24/2000;23.310000
03/27/2000;24.530000
03/28/2000;24.860000
03/29/2000;24.100000
03/30/2000;25.470000
03/31/2000;24.110000
04/03/2000;24.030000
04/04/2000;27.120000
04/05/2000;28.410000
04/06/2000;27.150000
04/07/2000;24.390000
04/10/2000;25.990000
04/11/2000;27.250000
04/12/2000;28.980000
04/13/2000;29.400000
04/14/2000;33.490000
04/17/2000;28.950000
04/18/2000;26.120000
04/19/2000;27.020000
04/20/2000;25.850000
04/24/2000;27.370000
04/25/2000;25.240000
04/26/2000;26.970000
04/27/2000;26.190000
04/28/2000;26.200000
05/01/2000;25.880000
05/02/2000;28.500000
05/03/2000;31.630000
05/04/2000;30.770000
05/05/2000;27.530000
05/08/2000;28.200000
05/09/2000;28.930000
05/10/2000;29.870000
05/11/2000;27.760000
05/12/2000;26.050000
05/15/2000;24.860000
05/16/2000;24.340000
05/17/2000;23.980000
05/18/2000;23.960000
05/19/2000;25.440000
05/22/2000;26.000000
05/23/2000;25.870000
05/24/2000;24.320000
05/25/2000;24.580000
05/26/2000;24.470000
05/30/2000;23.620000
05/31/2000;23.650000
06/01/2000;22.360000
06/02/2000;21.480000
06/05/2000;22.710000
06/06/2000;23.050000
06/07/2000;22.480000
06/08/2000;22.770000
06/09/2000;22.140000
06/12/2000;22.320000
06/13/2000;21.670000
06/14/2000;21.480000
06/15/2000;20.680000
06/16/2000;20.500000
06/19/2000;20.630000
06/20/2000;20.880000
06/21/2000;20.610000
06/22/2000;22.000000
06/23/2000;22.340000
06/26/2000;22.450000
06/27/2000;21.800000
06/28/2000;20.290000
06/29/2000;19.700000
06/30/2000;19.540000
07/03/2000;19.830000
07/05/2000;21.160000
07/06/2000;20.940000
07/07/2000;19.220000
07/10/2000;20.330000
07/11/2000;20.110000
07/12/2000;20.030000
07/13/2000;20.030000
07/14/2000;19.320000
07/17/2000;19.450000
07/18/2000;19.750000
07/19/2000;19.650000
07/20/2000;18.940000
07/21/2000;18.940000
07/24/2000;19.920000
07/25/2000;19.390000
07/26/2000;19.670000
07/27/2000;19.600000
07/28/2000;20.840000
07/31/2000;20.740000
08/01/2000;20.550000
08/02/2000;20.000000
08/03/2000;19.990000
08/04/2000;18.620000
08/07/2000;19.030000
08/08/2000;18.790000
08/09/2000;19.180000
08/10/2000;19.190000
08/11/2000;18.550000
08/14/2000;17.880000
08/15/2000;17.980000
08/16/2000;18.020000
08/17/2000;17.480000
08/18/2000;17.050000
08/21/2000;17.350000
08/22/2000;17.470000
08/23/2000;17.380000
08/24/2000;17.040000
08/25/2000;16.530000
08/28/2000;16.540000
08/29/2000;16.890000
08/30/2000;17.690000
08/31/2000;16.840000
09/01/2000;17.530000
09/05/2000;19.820000
09/06/2000;20.790000
09/07/2000;19.420000
09/08/2000;18.460000
09/11/2000;18.400000
09/12/2000;18.590000
09/13/2000;18.320000
09/14/2000;18.260000
09/15/2000;18.520000
09/18/2000;20.250000
09/19/2000;19.540000
09/20/2000;19.930000
09/21/2000;20.180000
09/22/2000;20.740000
09/25/2000;21.410000
09/26/2000;21.880000
09/27/2000;21.670000
09/28/2000;19.470000
09/29/2000;20.570000
10/02/2000;21.230000
10/03/2000;21.850000
10/04/2000;21.540000
10/05/2000;21.030000
10/06/2000;22.710000
10/09/2000;24.020000
10/10/2000;24.860000
10/11/2000;26.570000
10/12/2000;30.510000
10/13/2000;27.600000
10/16/2000;26.790000
10/17/2000;27.840000
10/18/2000;28.720000
10/19/2000;25.090000
10/20/2000;24.240000
10/23/2000;24.690000
10/24/2000;24.280000
10/25/2000;26.650000
10/26/2000;28.620000
10/27/2000;26.470000
10/30/2000;25.460000
10/31/2000;23.630000
11/01/2000;24.280000
11/02/2000;23.920000
11/03/2000;23.670000
11/06/2000;24.520000
11/07/2000;24.910000
11/08/2000;25.660000
11/09/2000;27.200000
11/10/2000;28.530000
11/13/2000;29.060000
11/14/2000;26.810000
11/15/2000;26.150000
11/16/2000;25.050000
11/17/2000;24.810000
11/20/2000;27.430000
11/21/2000;26.620000
11/22/2000;27.710000
11/24/2000;26.000000
11/27/2000;26.930000
11/28/2000;27.640000
11/29/2000;27.490000
11/30/2000;29.650000
12/01/2000;27.480000
12/04/2000;27.780000
12/05/2000;24.990000
12/06/2000;25.070000
12/07/2000;25.340000
12/08/2000;22.410000
12/11/2000;23.510000
12/12/2000;24.880000
12/13/2000;23.630000
12/14/2000;24.860000
12/15/2000;26.550000
12/18/2000;27.700000
12/19/2000;27.170000
12/20/2000;31.740000
12/21/2000;29.660000
12/22/2000;27.550000
12/26/2000;28.730000
12/27/2000;28.140000
12/28/2000;26.570000
12/29/2000;26.850000
01/02/2001;29.990000
01/03/2001;26.600000
01/04/2001;26.970000
01/05/2001;28.670000
01/08/2001;29.840000
01/09/2001;27.990000
01/10/2001;26.800000
01/11/2001;25.790000
01/12/2001;24.560000
01/16/2001;25.280000
01/17/2001;24.930000
01/18/2001;23.370000
01/19/2001;23.240000
01/22/2001;23.250000
01/23/2001;21.570000
01/24/2001;22.030000
01/25/2001;22.640000
01/26/2001;22.570000
01/29/2001;22.610000
01/30/2001;22.570000
01/31/2001;22.020000
02/01/2001;21.660000
02/02/2001;21.950000
02/05/2001;22.190000
02/06/2001;21.980000
02/07/2001;21.670000
02/08/2001;21.460000
02/09/2001;22.030000
02/12/2001;21.920000
02/13/2001;21.370000
02/14/2001;21.520000
02/15/2001;20.270000
02/16/2001;22.120000
02/20/2001;24.690000
02/21/2001;25.750000
02/22/2001;26.760000
02/23/2001;27.210000
02/26/2001;25.430000
02/27/2001;26.490000
02/28/2001;28.350000
03/01/2001;28.080000
03/02/2001;27.430000
03/05/2001;27.120000
03/06/2001;25.890000
03/07/2001;24.120000
03/08/2001;24.290000
03/09/2001;25.620000
03/12/2001;30.320000
03/13/2001;27.550000
03/14/2001;29.610000
03/15/2001;28.560000
03/16/2001;29.910000
03/19/2001;29.780000
03/20/2001;30.960000
03/21/2001;31.930000
03/22/2001;32.840000
03/23/2001;30.450000
03/26/2001;29.040000
03/27/2001;27.040000
03/28/2001;28.580000
03/29/2001;29.170000
03/30/2001;28.640000
04/02/2001;31.210000
04/03/2001;34.720000
04/04/2001;34.070000
04/05/2001;29.940000
04/06/2001;31.690000
04/09/2001;31.910000
04/10/2001;29.440000
04/11/2001;28.460000
04/12/2001;26.120000
04/16/2001;26.330000
04/17/2001;25.610000
04/18/2001;24.130000
04/19/2001;24.160000
04/20/2001;25.380000
04/23/2001;28.160000
04/24/2001;28.490000
04/25/2001;27.400000
04/26/2001;25.960000
04/27/2001;24.020000
04/30/2001;25.480000
05/01/2001;24.200000
05/02/2001;24.230000
05/03/2001;25.780000
05/04/2001;23.910000
05/07/2001;24.860000
05/08/2001;24.440000
05/09/2001;24.350000
05/10/2001;24.000000
05/11/2001;23.540000
05/14/2001;24.260000
05/15/2001;23.710000
05/16/2001;21.890000
05/17/2001;21.470000
05/18/2001;21.230000
05/21/2001;20.760000
05/22/2001;21.350000
05/23/2001;22.080000
05/24/2001;20.570000
05/25/2001;20.600000
05/29/2001;22.140000
05/30/2001;22.760000
05/31/2001;22.640000
06/01/2001;21.590000
06/04/2001;21.380000
06/05/2001;19.580000
06/06/2001;20.390000
06/07/2001;19.670000
06/08/2001;19.920000
06/11/2001;20.700000
06/12/2001;20.700000
06/13/2001;21.450000
06/14/2001;23.120000
06/15/2001;22.810000
06/18/2001;23.170000
06/19/2001;22.340000
06/20/2001;21.710000
06/21/2001;19.380000
06/22/2001;20.020000
06/25/2001;20.670000
06/26/2001;21.200000
06/27/2001;20.880000
06/28/2001;20.010000
06/29/2001;19.060000
07/02/2001;18.760000
07/03/2001;18.920000
07/05/2001;20.090000
07/06/2001;21.630000
07/09/2001;22.480000
07/10/2001;23.250000
07/11/2001;24.010000
07/12/2001;22.090000
07/13/2001;21.140000
07/16/2001;22.910000
07/17/2001;22.610000
07/18/2001;23.600000
07/19/2001;22.510000
07/20/2001;22.340000
07/23/2001;23.740000
07/24/2001;25.240000
07/25/2001;24.000000
07/26/2001;23.010000
07/27/2001;22.000000
07/30/2001;22.690000
07/31/2001;21.620000
08/01/2001;20.560000
08/02/2001;20.090000
08/03/2001;19.890000
08/06/2001;21.890000
08/07/2001;21.010000
08/08/2001;22.320000
08/09/2001;21.750000
08/10/2001;20.550000
08/13/2001;20.420000
08/14/2001;20.480000
08/15/2001;20.910000
08/16/2001;21.540000
08/17/2001;23.840000
08/20/2001;22.870000
08/21/2001;24.400000
08/22/2001;22.440000
08/23/2001;22.230000
08/24/2001;19.710000
08/27/2001;20.560000
08/28/2001;22.000000
08/29/2001;23.030000
08/30/2001;25.410000
08/31/2001;24.920000
09/04/2001;25.850000
09/05/2001;26.350000
09/06/2001;28.610000
09/07/2001;30.990000
09/10/2001;31.840000
09/17/2001;41.760000
09/18/2001;38.870000
09/19/2001;40.560000
09/20/2001;43.740000
09/21/2001;42.660000
09/24/2001;37.750000
09/25/2001;35.810000
09/26/2001;35.260000
09/27/2001;34.000000
09/28/2001;31.930000
10/01/2001;32.320000
10/02/2001;31.180000
10/03/2001;31.340000
10/04/2001;31.970000
10/05/2001;33.390000
10/08/2001;35.120000
10/09/2001;34.830000
10/10/2001;31.600000
10/11/2001;31.500000
10/12/2001;35.270000
10/15/2001;35.310000
10/16/2001;32.880000
10/17/2001;35.080000
10/18/2001;34.950000
10/19/2001;34.110000
10/22/2001;32.250000
10/23/2001;32.000000
10/24/2001;30.950000
10/25/2001;29.460000
10/26/2001;28.420000
10/29/2001;31.640000
10/30/2001;33.460000
10/31/2001;33.560000
11/01/2001;32.310000
11/02/2001;30.710000
11/05/2001;30.500000
11/06/2001;28.800000
11/07/2001;29.130000
11/08/2001;28.620000
11/09/2001;27.440000
11/12/2001;29.350000
11/13/2001;26.470000
11/14/2001;26.560000
11/15/2001;25.560000
11/16/2001;25.070000
11/19/2001;24.460000
11/20/2001;24.120000
11/21/2001;24.190000
11/23/2001;23.250000
11/26/2001;23.790000
11/27/2001;24.000000
11/28/2001;25.900000
11/29/2001;25.180000
11/30/2001;23.840000
12/03/2001;25.770000
12/04/2001;24.080000
12/05/2001;23.020000
12/06/2001;23.710000
12/07/2001;23.490000
12/10/2001;25.620000
12/11/2001;25.300000
12/12/2001;24.870000
12/13/2001;25.910000
12/14/2001;24.630000
12/17/2001;24.260000
12/18/2001;23.290000
12/19/2001;22.580000
12/20/2001;23.670000
12/21/2001;22.500000
12/24/2001;22.620000
12/26/2001;22.290000
12/27/2001;21.590000
12/28/2001;21.400000
12/31/2001;23.800000
01/02/2002;22.710000
01/03/2002;21.340000
01/04/2002;20.450000
01/07/2002;21.940000
01/08/2002;21.830000
01/09/2002;22.130000
01/10/2002;22.360000
01/11/2002;22.600000
01/14/2002;23.580000
01/15/2002;22.700000
01/16/2002;23.450000
01/17/2002;22.250000
01/18/2002;22.520000
01/22/2002;23.610000
01/23/2002;21.880000
01/24/2002;21.150000
01/25/2002;21.010000
01/28/2002;21.140000
01/29/2002;24.350000
01/30/2002;23.220000
01/31/2002;21.090000
02/01/2002;21.120000
02/04/2002;24.870000
02/05/2002;25.450000
02/06/2002;26.090000
02/07/2002;25.110000
02/08/2002;23.260000
02/11/2002;21.780000
02/12/2002;21.620000
02/13/2002;20.850000
02/14/2002;21.770000
02/15/2002;22.370000
02/19/2002;24.430000
02/20/2002;22.660000
02/21/2002;23.800000
02/22/2002;22.860000
02/25/2002;21.840000
02/26/2002;21.680000
02/27/2002;21.490000
02/28/2002;21.590000
03/01/2002;19.960000
03/04/2002;20.500000
03/05/2002;20.300000
03/06/2002;19.940000
03/07/2002;20.040000
03/08/2002;19.270000
03/11/2002;19.840000
03/12/2002;19.590000
03/13/2002;19.460000
03/14/2002;19.200000
03/15/2002;18.420000
03/18/2002;18.930000
03/19/2002;18.160000
03/20/2002;18.460000
03/21/2002;18.150000
03/22/2002;17.770000
03/25/2002;18.480000
03/26/2002;18.130000
03/27/2002;17.700000
03/28/2002;17.400000
04/01/2002;18.730000
04/02/2002;19.160000
04/03/2002;20.200000
04/04/2002;19.780000
04/05/2002;19.130000
04/08/2002;19.610000
04/09/2002;19.470000
04/10/2002;18.190000
04/11/2002;20.300000
04/12/2002;19.420000
04/15/2002;19.820000
04/16/2002;18.110000
04/17/2002;18.430000
04/18/2002;19.290000
04/19/2002;18.300000
04/22/2002;19.770000
04/23/2002;20.280000
04/24/2002;20.770000
04/25/2002;20.950000
04/26/2002;22.140000
04/29/2002;24.050000
04/30/2002;21.910000
05/01/2002;20.060000
05/02/2002;20.070000
05/03/2002;20.190000
05/06/2002;22.560000
05/07/2002;21.940000
05/08/2002;20.390000
05/09/2002;21.560000
05/10/2002;22.410000
05/13/2002;20.720000
05/14/2002;19.350000
05/15/2002;19.190000
05/16/2002;18.500000
05/17/2002;17.700000
05/20/2002;19.240000
05/21/2002;20.050000
05/22/2002;19.580000
05/23/2002;18.230000
05/24/2002;18.900000
05/28/2002;20.310000
05/29/2002;20.390000
05/30/2002;20.610000
05/31/2002;19.980000
06/03/2002;23.370000
06/04/2002;23.890000
06/05/2002;22.610000
06/06/2002;24.160000
06/07/2002;23.510000
06/10/2002;23.720000
06/11/2002;24.450000
06/12/2002;24.150000
06/13/2002;25.020000
06/14/2002;25.960000
06/17/2002;24.640000
06/18/2002;24.240000
06/19/2002;26.060000
06/20/2002;27.480000
06/21/2002;27.230000
06/24/2002;26.980000
06/25/2002;27.840000
06/26/2002;28.420000
06/27/2002;26.290000
06/28/2002;25.400000
07/01/2002;27.110000
07/02/2002;28.960000
07/03/2002;29.420000
07/05/2002;27.110000
07/08/2002;28.250000
07/09/2002;30.220000
07/10/2002;34.100000
07/11/2002;33.850000
07/12/2002;32.940000
07/15/2002;35.030000
07/16/2002;36.650000
07/17/2002;35.450000
07/18/2002;35.120000
07/19/2002;38.170000
07/22/2002;41.870000
07/23/2002;44.920000
07/24/2002;39.860000
07/25/2002;39.270000
07/26/2002;35.510000
07/29/2002;31.330000
07/30/2002;31.920000
07/31/2002;32.030000
08/01/2002;36.950000
08/02/2002;41.290000
08/05/2002;45.080000
08/06/2002;42.030000
08/07/2002;38.730000
08/08/2002;36.330000
08/09/2002;35.330000
08/12/2002;37.050000
08/13/2002;35.820000
08/14/2002;32.360000
08/15/2002;29.430000
08/16/2002;28.810000
08/19/2002;28.610000
08/20/2002;29.590000
08/21/2002;28.230000
08/22/2002;27.750000
08/23/2002;29.320000
08/26/2002;29.890000
08/27/2002;30.110000
08/28/2002;33.320000
08/29/2002;33.670000
08/30/2002;32.640000
09/03/2002;39.970000
09/04/2002;37.440000
09/05/2002;38.860000
09/06/2002;36.330000
09/09/2002;36.450000
09/10/2002;35.080000
09/11/2002;34.810000
09/12/2002;37.500000
09/13/2002;35.820000
09/16/2002;36.740000
09/17/2002;38.010000
09/18/2002;37.520000
09/19/2002;40.650000
09/20/2002;38.980000
09/23/2002;39.680000
09/24/2002;40.520000
09/25/2002;37.330000
09/26/2002;34.600000
09/27/2002;36.970000
09/30/2002;39.690000
10/01/2002;34.120000
10/02/2002;36.830000
10/03/2002;37.310000
10/04/2002;39.460000
10/07/2002;42.640000
10/08/2002;41.020000
10/09/2002;42.130000
10/10/2002;37.550000
10/11/2002;35.700000
10/14/2002;36.040000
10/15/2002;34.020000
10/16/2002;36.000000
10/17/2002;34.100000
10/18/2002;33.530000
10/21/2002;33.110000
10/22/2002;34.090000
10/23/2002;33.200000
10/24/2002;34.030000
10/25/2002;30.000000
10/28/2002;31.070000
10/29/2002;32.270000
10/30/2002;31.230000
10/31/2002;31.140000
11/01/2002;29.300000
11/04/2002;30.820000
11/05/2002;31.230000
11/06/2002;30.730000
11/07/2002;31.420000
11/08/2002;29.410000
11/11/2002;31.300000
11/12/2002;30.580000
11/13/2002;31.240000
11/14/2002;28.670000
11/15/2002;26.650000
11/18/2002;27.660000
11/19/2002;27.410000
11/20/2002;25.320000
11/21/2002;23.810000
11/22/2002;23.160000
11/25/2002;24.070000
11/26/2002;25.970000
11/27/2002;27.250000
11/29/2002;27.500000
12/02/2002;27.460000
12/03/2002;28.330000
12/04/2002;28.920000
12/05/2002;30.100000
12/06/2002;28.880000
12/09/2002;30.780000
12/10/2002;28.760000
12/11/2002;27.760000
12/12/2002;27.290000
12/13/2002;28.180000
12/16/2002;26.240000
12/17/2002;26.660000
12/18/2002;28.290000
12/19/2002;30.210000
12/20/2002;26.710000
12/23/2002;26.200000
12/24/2002;26.490000
12/26/2002;27.370000
12/27/2002;29.550000
12/30/2002;29.620000
12/31/2002;28.620000
01/02/2003;25.390000
01/03/2003;24.680000
01/06/2003;24.910000
01/07/2003;25.130000
01/08/2003;25.530000
01/09/2003;24.250000
01/10/2003;24.320000
01/13/2003;24.900000
01/14/2003;24.570000
01/15/2003;25.510000
01/16/2003;25.010000
01/17/2003;25.700000
01/21/2003;27.590000
01/22/2003;29.010000
01/23/2003;27.530000
01/24/2003;31.510000
01/27/2003;34.690000
01/28/2003;31.930000
01/29/2003;31.260000
01/30/2003;31.320000
01/31/2003;31.170000
02/03/2003;31.020000
02/04/2003;32.760000
02/05/2003;33.040000
02/06/2003;33.350000
02/07/2003;34.010000
02/10/2003;33.990000
02/11/2003;33.680000
02/12/2003;34.330000
02/13/2003;33.700000
02/14/2003;32.620000
02/18/2003;31.110000
02/19/2003;31.310000
02/20/2003;31.160000
02/21/2003;30.250000
02/24/2003;31.980000
02/25/2003;31.740000
02/26/2003;31.940000
02/27/2003;30.530000
02/28/2003;29.630000
03/03/2003;30.430000
03/04/2003;31.830000
03/05/2003;30.380000
03/06/2003;31.370000
03/07/2003;31.080000
03/10/2003;33.310000
03/11/2003;33.610000
03/12/2003;33.510000
03/13/2003;31.760000
03/14/2003;30.980000
03/17/2003;31.750000
03/18/2003;30.430000
03/19/2003;31.540000
03/20/2003;30.440000
03/21/2003;28.670000
03/24/2003;30.390000
03/25/2003;28.750000
03/26/2003;28.230000
03/27/2003;27.960000
03/28/2003;27.750000
03/31/2003;29.150000
04/01/2003;28.360000
04/02/2003;28.020000
04/03/2003;28.210000
04/04/2003;29.130000
04/07/2003;28.450000
04/08/2003;27.130000
04/09/2003;27.110000
04/10/2003;25.600000
04/11/2003;24.440000
04/14/2003;23.410000
04/15/2003;22.560000
04/16/2003;22.520000
04/17/2003;21.500000
04/21/2003;21.950000
04/22/2003;20.700000
04/23/2003;20.800000
04/24/2003;20.330000
04/25/2003;20.800000
04/28/2003;20.840000
04/29/2003;20.760000
04/30/2003;21.210000
05/01/2003;21.590000
05/02/2003;20.630000
05/05/2003;21.130000
05/06/2003;20.800000
05/07/2003;21.000000
05/08/2003;21.240000
05/09/2003;19.690000
05/12/2003;19.520000
05/13/2003;19.910000
05/14/2003;20.000000
05/15/2003;19.240000
05/16/2003;18.400000
05/19/2003;20.510000
05/20/2003;21.290000
05/21/2003;21.210000
05/22/2003;19.780000
05/23/2003;19.170000
05/27/2003;19.990000
05/28/2003;20.030000
05/29/2003;20.430000
05/30/2003;19.470000
06/02/2003;20.850000
06/03/2003;20.840000
06/04/2003;20.620000
06/05/2003;20.830000
06/06/2003;21.250000
06/09/2003;22.150000
06/10/2003;20.640000
06/11/2003;20.210000
06/12/2003;20.410000
06/13/2003;20.660000
06/16/2003;20.220000
06/17/2003;20.010000
06/18/2003;19.760000
06/19/2003;19.800000
06/20/2003;19.140000
06/23/2003;20.580000
06/24/2003;20.750000
06/25/2003;20.810000
06/26/2003;19.400000
06/27/2003;19.160000
06/30/2003;19.520000
07/01/2003;19.460000
07/02/2003;19.030000
07/03/2003;19.390000
07/07/2003;20.060000
07/08/2003;19.480000
07/09/2003;18.930000
07/10/2003;19.190000
07/11/2003;18.470000
07/14/2003;19.590000
07/15/2003;19.550000
07/16/2003;19.760000
07/17/2003;20.220000
07/18/2003;19.110000
07/21/2003;19.780000
07/22/2003;19.170000
07/23/2003;18.640000
07/24/2003;18.600000
07/25/2003;17.750000
07/28/2003;18.360000
07/29/2003;18.670000
07/30/2003;18.850000
07/31/2003;19.490000
08/01/2003;20.750000
08/04/2003;21.270000
08/05/2003;22.680000
08/06/2003;21.500000
08/07/2003;20.260000
08/08/2003;19.590000
08/11/2003;19.750000
08/12/2003;17.940000
08/13/2003;18.770000
08/14/2003;18.470000
08/15/2003;18.270000
08/18/2003;18.180000
08/19/2003;17.860000
08/20/2003;17.820000
08/21/2003;17.840000
08/22/2003;18.550000
08/25/2003;19.530000
08/26/2003;19.490000
08/27/2003;19.130000
08/28/2003;18.480000
08/29/2003;18.630000
09/02/2003;19.020000
09/03/2003;19.440000
09/04/2003;18.710000
09/05/2003;18.170000
09/08/2003;18.260000
09/09/2003;18.850000
09/10/2003;20.010000
09/11/2003;19.250000
09/12/2003;18.680000
09/15/2003;19.280000
09/16/2003;18.030000
09/17/2003;18.150000
09/18/2003;17.570000
09/19/2003;17.540000
09/22/2003;19.650000
09/23/2003;19.470000
09/24/2003;21.220000
09/25/2003;22.260000
09/26/2003;22.230000
09/29/2003;21.670000
09/30/2003;22.720000
10/01/2003;21.070000
10/02/2003;20.800000
10/03/2003;19.500000
10/06/2003;19.510000
10/07/2003;19.410000
10/08/2003;19.180000
10/09/2003;18.820000
10/10/2003;18.450000
10/13/2003;17.550000
10/14/2003;17.370000
10/15/2003;17.690000
10/16/2003;17.190000
10/17/2003;17.620000
10/20/2003;17.040000
10/21/2003;16.550000
10/22/2003;17.670000
10/23/2003;17.680000
10/24/2003;17.710000
10/27/2003;18.050000
10/28/2003;16.820000
10/29/2003;16.430000
10/30/2003;16.330000
10/31/2003;16.100000
11/03/2003;16.550000
11/04/2003;16.550000
11/05/2003;16.860000
11/06/2003;16.740000
11/07/2003;16.930000
11/10/2003;17.620000
11/11/2003;17.540000
11/12/2003;16.750000
11/13/2003;16.470000
11/14/2003;16.940000
11/17/2003;18.600000
11/18/2003;19.110000
11/19/2003;18.800000
11/20/2003;19.480000
11/21/2003;18.980000
11/24/2003;17.440000
11/25/2003;16.710000
11/26/2003;16.230000
11/28/2003;16.320000
12/01/2003;16.770000
12/02/2003;16.270000
12/03/2003;16.630000
12/04/2003;16.300000
12/05/2003;17.090000
12/08/2003;16.540000
12/09/2003;17.630000
12/10/2003;17.870000
12/11/2003;16.730000
12/12/2003;16.410000
12/15/2003;17.230000
12/16/2003;15.930000
12/17/2003;15.580000
12/18/2003;16.160000
12/19/2003;16.420000
12/22/2003;16.940000
12/23/2003;16.490000
12/24/2003;16.660000
12/26/2003;17.450000
12/29/2003;17.090000
12/30/2003;17.680000
12/31/2003;18.310000
01/02/2004;18.220000
01/05/2004;17.490000
01/06/2004;16.730000
01/07/2004;15.500000
01/08/2004;15.610000
01/09/2004;16.750000
01/12/2004;16.820000
01/13/2004;18.040000
01/14/2004;16.750000
01/15/2004;15.560000
01/16/2004;15.000000
01/20/2004;15.210000
01/21/2004;14.340000
01/22/2004;14.710000
01/23/2004;14.840000
01/26/2004;14.550000
01/27/2004;15.350000
01/28/2004;16.780000
01/29/2004;17.140000
01/30/2004;16.630000
02/02/2004;17.110000
02/03/2004;17.340000
02/04/2004;17.870000
02/05/2004;17.710000
02/06/2004;16.000000
02/09/2004;16.390000
02/10/2004;15.940000
02/11/2004;15.390000
02/12/2004;15.310000
02/13/2004;15.580000
02/17/2004;15.400000
02/18/2004;15.590000
02/19/2004;15.800000
02/20/2004;16.040000
02/23/2004;16.290000
02/24/2004;15.900000
02/25/2004;14.930000
02/26/2004;14.830000
02/27/2004;14.550000
03/01/2004;14.440000
03/02/2004;14.860000
03/03/2004;14.550000
03/04/2004;14.400000
03/05/2004;14.480000
03/08/2004;15.790000
03/09/2004;16.600000
03/10/2004;18.670000
03/11/2004;20.670000
03/12/2004;18.300000
03/15/2004;21.130000
03/16/2004;20.340000
03/17/2004;18.110000
03/18/2004;18.530000
03/19/2004;19.150000
03/22/2004;21.580000
03/23/2004;20.670000
03/24/2004;19.810000
03/25/2004;17.880000
03/26/2004;17.330000
03/29/2004;16.500000
03/30/2004;16.280000
03/31/2004;16.740000
04/01/2004;16.650000
04/02/2004;15.640000
04/05/2004;14.970000
04/06/2004;15.320000
04/07/2004;15.760000
04/08/2004;16.260000
04/12/2004;15.280000
04/13/2004;17.260000
04/14/2004;15.620000
04/15/2004;15.740000
04/16/2004;14.940000
04/19/2004;15.420000
04/20/2004;16.670000
04/21/2004;15.600000
04/22/2004;14.610000
04/23/2004;14.010000
04/26/2004;14.770000
04/27/2004;15.070000
04/28/2004;16.290000
04/29/2004;16.600000
04/30/2004;17.190000
05/03/2004;16.620000
05/04/2004;16.550000
05/05/2004;15.770000
05/06/2004;17.050000
05/07/2004;18.130000
05/10/2004;19.770000
05/11/2004;18.570000
05/12/2004;18.140000
05/13/2004;18.860000
05/14/2004;18.470000
05/17/2004;19.960000
05/18/2004;19.330000
05/19/2004;18.930000
05/20/2004;18.670000
05/21/2004;18.490000
05/24/2004;18.080000
05/25/2004;15.960000
05/26/2004;15.970000
05/27/2004;15.280000
05/28/2004;15.500000
06/01/2004;16.300000
06/02/2004;16.080000
06/03/2004;17.030000
06/04/2004;16.780000
06/07/2004;15.390000
06/08/2004;15.010000
06/09/2004;15.390000
06/10/2004;15.040000
06/11/2004;15.040000
06/14/2004;16.070000
06/15/2004;15.050000
06/16/2004;14.790000
06/17/2004;15.150000
06/18/2004;14.990000
06/21/2004;15.260000
06/22/2004;14.310000
06/23/2004;13.980000
06/24/2004;14.810000
06/25/2004;15.190000
06/28/2004;16.070000
06/29/2004;15.470000
06/30/2004;14.340000
07/01/2004;15.200000
07/02/2004;15.080000
07/06/2004;16.250000
07/07/2004;15.810000
07/08/2004;16.200000
07/09/2004;15.780000
07/12/2004;14.960000
07/13/2004;14.460000
07/14/2004;13.760000
07/15/2004;14.710000
07/16/2004;14.340000
07/19/2004;15.170000
07/20/2004;14.170000
07/21/2004;16.410000
07/22/2004;15.750000
07/23/2004;16.500000
07/26/2004;17.300000
07/27/2004;16.550000
07/28/2004;16.150000
07/29/2004;15.680000
07/30/2004;15.320000
08/02/2004;15.370000
08/03/2004;16.030000
08/04/2004;16.210000
08/05/2004;18.320000
08/06/2004;19.340000
08/09/2004;18.890000
08/10/2004;17.470000
08/11/2004;18.040000
08/12/2004;19.080000
08/13/2004;17.980000
08/16/2004;17.570000
08/17/2004;17.020000
08/18/2004;16.230000
08/19/2004;16.960000
08/20/2004;16.000000
08/23/2004;15.880000
08/24/2004;15.330000
08/25/2004;14.980000
08/26/2004;14.910000
08/27/2004;14.710000
08/30/2004;15.440000
08/31/2004;15.290000
09/01/2004;14.910000
09/02/2004;14.280000
09/03/2004;13.910000
09/07/2004;14.070000
09/08/2004;14.060000
09/09/2004;14.010000
09/10/2004;13.760000
09/13/2004;13.170000
09/14/2004;13.560000
09/15/2004;14.640000
09/16/2004;14.390000
09/17/2004;14.030000
09/20/2004;14.430000
09/21/2004;13.660000
09/22/2004;14.740000
09/23/2004;14.800000
09/24/2004;14.280000
09/27/2004;14.620000
09/28/2004;13.830000
09/29/2004;13.210000
09/30/2004;13.340000
10/01/2004;12.750000
10/04/2004;13.410000
10/05/2004;13.950000
10/06/2004;13.280000
10/07/2004;14.500000
10/08/2004;15.050000
10/11/2004;14.710000
10/12/2004;15.050000
10/13/2004;15.420000
10/14/2004;16.430000
10/15/2004;15.040000
10/18/2004;14.710000
10/19/2004;15.130000
10/20/2004;14.850000
10/21/2004;14.540000
10/22/2004;15.280000
10/25/2004;16.580000
10/26/2004;16.390000
10/27/2004;15.720000
10/28/2004;15.390000
10/29/2004;16.270000
11/01/2004;16.270000
11/02/2004;16.180000
11/03/2004;14.040000
11/04/2004;13.970000
11/05/2004;13.840000
11/08/2004;13.800000
11/09/2004;13.610000
11/10/2004;13.080000
11/11/2004;13.040000
11/12/2004;13.330000
11/15/2004;13.380000
11/16/2004;13.210000
11/17/2004;13.210000
11/18/2004;12.980000
11/19/2004;13.500000
11/22/2004;12.970000
11/23/2004;12.670000
11/24/2004;12.720000
11/26/2004;12.790000
11/29/2004;13.300000
11/30/2004;13.240000
12/01/2004;12.970000
12/02/2004;12.980000
12/03/2004;12.960000
12/06/2004;13.190000
12/07/2004;13.670000
12/08/2004;13.190000
12/09/2004;12.880000
12/10/2004;12.760000
12/13/2004;12.540000
12/14/2004;12.730000
12/15/2004;12.350000
12/16/2004;12.270000
12/17/2004;11.950000
12/20/2004;11.830000
12/21/2004;11.550000
12/22/2004;11.450000
12/23/2004;11.230000
12/27/2004;12.140000
12/28/2004;12.000000
12/29/2004;11.620000
12/30/2004;12.560000
12/31/2004;13.290000
01/03/2005;14.080000
01/04/2005;13.980000
01/05/2005;14.090000
01/06/2005;13.580000
01/07/2005;13.490000
01/10/2005;13.230000
01/11/2005;13.190000
01/12/2005;12.560000
01/13/2005;12.840000
01/14/2005;12.430000
01/18/2005;12.470000
01/19/2005;13.180000
01/20/2005;13.830000
01/21/2005;14.360000
01/24/2005;14.650000
01/25/2005;14.060000
01/26/2005;13.440000
01/27/2005;13.240000
01/28/2005;13.240000
01/31/2005;12.820000
02/01/2005;12.030000
02/02/2005;11.660000
02/03/2005;11.790000
02/04/2005;11.210000
02/07/2005;11.730000
02/08/2005;11.600000
02/09/2005;12.000000
02/10/2005;11.510000
02/11/2005;11.430000
02/14/2005;11.520000
02/15/2005;11.270000
02/16/2005;11.100000
02/17/2005;11.770000
02/18/2005;11.180000
02/22/2005;13.140000
02/23/2005;12.390000
02/24/2005;11.570000
02/25/2005;11.490000
02/28/2005;12.080000
03/01/2005;12.040000
03/02/2005;12.500000
03/03/2005;12.930000
03/04/2005;11.940000
03/07/2005;12.260000
03/08/2005;12.400000
03/09/2005;12.700000
03/10/2005;12.490000
03/11/2005;12.800000
03/14/2005;12.390000
03/15/2005;13.150000
03/16/2005;13.490000
03/17/2005;13.290000
03/18/2005;13.140000
03/21/2005;13.610000
03/22/2005;14.270000
03/23/2005;14.060000
03/24/2005;13.420000
03/28/2005;13.750000
03/29/2005;14.490000
03/30/2005;13.640000
03/31/2005;14.020000
04/01/2005;14.090000
04/04/2005;14.110000
04/05/2005;13.680000
04/06/2005;13.150000
04/07/2005;12.330000
04/08/2005;12.620000
04/11/2005;11.980000
04/12/2005;11.300000
04/13/2005;13.310000
04/14/2005;14.530000
04/15/2005;17.740000
04/18/2005;16.560000
04/19/2005;14.960000
04/20/2005;16.920000
04/21/2005;14.410000
04/22/2005;15.380000
04/25/2005;14.620000
04/26/2005;14.910000
04/27/2005;14.870000
04/28/2005;16.860000
04/29/2005;15.310000
05/02/2005;15.120000
05/03/2005;14.530000
05/04/2005;13.850000
05/05/2005;13.980000
05/06/2005;14.050000
05/09/2005;13.750000
05/10/2005;14.910000
05/11/2005;14.450000
05/12/2005;16.120000
05/13/2005;16.320000
05/16/2005;15.680000
05/17/2005;14.570000
05/18/2005;13.630000
05/19/2005;13.320000
05/20/2005;13.140000
05/23/2005;12.950000
05/24/2005;12.690000
05/25/2005;12.580000
05/26/2005;12.240000
05/27/2005;12.150000
05/31/2005;13.290000
06/01/2005;12.360000
06/02/2005;11.840000
06/03/2005;12.150000
06/06/2005;12.280000
06/07/2005;12.390000
06/08/2005;12.700000
06/09/2005;12.080000
06/10/2005;11.960000
06/13/2005;11.650000
06/14/2005;11.790000
06/15/2005;11.460000
06/16/2005;11.150000
06/17/2005;11.480000
06/20/2005;11.470000
06/21/2005;11.080000
06/22/2005;11.050000
06/23/2005;12.130000
06/24/2005;12.180000
06/27/2005;12.520000
06/28/2005;11.580000
06/29/2005;11.770000
06/30/2005;12.040000
07/01/2005;11.400000
07/05/2005;11.680000
07/06/2005;12.270000
07/07/2005;12.490000
07/08/2005;11.450000
07/11/2005;11.280000
07/12/2005;10.950000
07/13/2005;10.840000
07/14/2005;10.810000
07/15/2005;10.330000
07/18/2005;10.770000
07/19/2005;10.450000
07/20/2005;10.230000
07/21/2005;10.970000
07/22/2005;10.520000
07/25/2005;11.100000
07/26/2005;10.990000
07/27/2005;10.360000
07/28/2005;10.520000
07/29/2005;11.570000
08/01/2005;12.080000
08/02/2005;11.750000
08/03/2005;11.830000
08/04/2005;12.520000
08/05/2005;12.480000
08/08/2005;13.210000
08/09/2005;12.400000
08/10/2005;12.380000
08/11/2005;12.420000
08/12/2005;12.740000
08/15/2005;12.260000
08/16/2005;13.520000
08/17/2005;13.300000
08/18/2005;13.420000
08/19/2005;13.420000
08/22/2005;13.420000
08/23/2005;13.340000
08/24/2005;14.170000
08/25/2005;13.730000
08/26/2005;13.720000
08/29/2005;13.520000
08/30/2005;13.650000
08/31/2005;12.600000
09/01/2005;13.150000
09/02/2005;13.570000
09/06/2005;12.930000
09/07/2005;12.520000
09/08/2005;12.930000
09/09/2005;11.980000
09/12/2005;11.650000
09/13/2005;12.390000
09/14/2005;12.910000
09/15/2005;12.490000
09/16/2005;11.220000
09/19/2005;12.140000
09/20/2005;12.640000
09/21/2005;13.790000
09/22/2005;13.330000
09/23/2005;12.960000
09/26/2005;13.040000
09/27/2005;12.760000
09/28/2005;12.630000
09/29/2005;12.240000
09/30/2005;11.920000
10/03/2005;12.460000
10/04/2005;13.200000
10/05/2005;14.550000
10/06/2005;14.960000
10/07/2005;14.590000
10/10/2005;15.550000
10/11/2005;15.630000
10/12/2005;16.220000
10/13/2005;16.470000
10/14/2005;14.870000
10/17/2005;14.670000
10/18/2005;15.330000
10/19/2005;13.500000
10/20/2005;16.110000
10/21/2005;16.130000
10/24/2005;14.740000
10/25/2005;14.530000
10/26/2005;14.590000
10/27/2005;16.020000
10/28/2005;14.250000
10/31/2005;15.320000
11/01/2005;14.850000
11/02/2005;13.480000
11/03/2005;13.000000
11/04/2005;13.170000
11/07/2005;13.100000
11/08/2005;13.080000
11/09/2005;12.800000
11/10/2005;11.900000
11/11/2005;11.630000
11/14/2005;12.180000
11/15/2005;12.230000
11/16/2005;12.260000
11/17/2005;11.250000
11/18/2005;11.120000
11/21/2005;10.820000
11/22/2005;10.600000
11/23/2005;10.960000
11/25/2005;10.880000
11/28/2005;11.840000
11/29/2005;11.890000
11/30/2005;12.060000
12/01/2005;11.240000
12/02/2005;11.010000
12/05/2005;11.600000
12/06/2005;11.520000
12/07/2005;12.180000
12/08/2005;12.210000
12/09/2005;11.690000
12/12/2005;11.470000
12/13/2005;11.110000
12/14/2005;10.480000
12/15/2005;10.730000
12/16/2005;10.680000
12/19/2005;11.380000
12/20/2005;11.190000
12/21/2005;10.810000
12/22/2005;10.290000
12/23/2005;10.270000
12/27/2005;11.570000
12/28/2005;11.350000
12/29/2005;11.610000
12/30/2005;12.070000
01/03/2006;11.140000
01/04/2006;11.370000
01/05/2006;11.310000
01/06/2006;11.000000
01/09/2006;11.130000
01/10/2006;10.860000
01/11/2006;10.940000
01/12/2006;11.200000
01/13/2006;11.230000
01/17/2006;11.910000
01/18/2006;12.250000
01/19/2006;11.980000
01/20/2006;14.560000
01/23/2006;13.930000
01/24/2006;13.310000
01/25/2006;12.870000
01/26/2006;12.420000
01/27/2006;11.970000
01/30/2006;12.390000
01/31/2006;12.950000
02/01/2006;12.360000
02/02/2006;13.230000
02/03/2006;12.960000
02/06/2006;13.040000
02/07/2006;13.590000
02/08/2006;12.830000
02/09/2006;13.120000
02/10/2006;12.870000
02/13/2006;13.350000
02/14/2006;12.250000
02/15/2006;12.310000
02/16/2006;11.480000
02/17/2006;12.010000
02/21/2006;12.410000
02/22/2006;11.880000
02/23/2006;11.870000
02/24/2006;11.460000
02/27/2006;11.590000
02/28/2006;12.340000
03/01/2006;11.540000
03/02/2006;11.720000
03/03/2006;11.960000
03/06/2006;12.740000
03/07/2006;12.660000
03/08/2006;12.320000
03/09/2006;12.680000
03/10/2006;11.850000
03/13/2006;11.370000
03/14/2006;10.740000
03/15/2006;11.350000
03/16/2006;11.980000
03/17/2006;12.120000
03/20/2006;11.790000
03/21/2006;11.620000
03/22/2006;11.210000
03/23/2006;11.170000
03/24/2006;11.190000
03/27/2006;11.460000
03/28/2006;11.580000
03/29/2006;10.950000
03/30/2006;11.570000
03/31/2006;11.390000
04/03/2006;11.570000
04/04/2006;11.140000
04/05/2006;11.130000
04/06/2006;11.450000
04/07/2006;12.260000
04/10/2006;12.190000
04/11/2006;13.000000
04/12/2006;12.760000
04/13/2006;12.380000
04/17/2006;12.580000
04/18/2006;11.400000
04/19/2006;11.320000
04/20/2006;11.640000
04/21/2006;11.590000
04/24/2006;11.750000
04/25/2006;11.750000
04/26/2006;11.760000
04/27/2006;11.840000
04/28/2006;11.590000
05/01/2006;12.540000
05/02/2006;11.990000
05/03/2006;11.990000
05/04/2006;11.860000
05/05/2006;11.620000
05/08/2006;12.000000
05/09/2006;11.990000
05/10/2006;11.780000
05/11/2006;12.490000
05/12/2006;14.190000
05/15/2006;13.570000
05/16/2006;13.350000
05/17/2006;16.260000
05/18/2006;16.990000
05/19/2006;17.180000
05/22/2006;17.720000
05/23/2006;18.260000
05/24/2006;17.360000
05/25/2006;15.500000
05/26/2006;14.260000
05/30/2006;18.660000
05/31/2006;16.440000
06/01/2006;14.520000
06/02/2006;14.320000
06/05/2006;16.650000
06/06/2006;17.340000
06/07/2006;17.800000
06/08/2006;18.350000
06/09/2006;18.120000
06/12/2006;20.960000
06/13/2006;23.810000
06/14/2006;21.460000
06/15/2006;15.900000
06/16/2006;17.250000
06/19/2006;17.830000
06/20/2006;16.690000
06/21/2006;15.520000
06/22/2006;15.880000
06/23/2006;15.890000
06/26/2006;15.620000
06/27/2006;16.400000
06/28/2006;15.790000
06/29/2006;13.030000
06/30/2006;13.080000
07/03/2006;13.050000
07/05/2006;14.150000
07/06/2006;13.650000
07/07/2006;13.970000
07/10/2006;14.020000
07/11/2006;13.140000
07/12/2006;14.490000
07/13/2006;17.790000
07/14/2006;18.050000
07/17/2006;18.640000
07/18/2006;17.740000
07/19/2006;15.550000
07/20/2006;16.210000
07/21/2006;17.400000
07/24/2006;14.980000
07/25/2006;14.850000
07/26/2006;14.620000
07/27/2006;14.940000
07/28/2006;14.330000
07/31/2006;14.950000
08/01/2006;15.050000
08/02/2006;14.340000
08/03/2006;14.460000
08/04/2006;14.340000
08/07/2006;15.230000
08/08/2006;15.230000
08/09/2006;15.200000
08/10/2006;14.460000
08/11/2006;14.300000
08/14/2006;14.260000
08/15/2006;13.420000
08/16/2006;12.410000
08/17/2006;12.240000
08/18/2006;11.640000
08/21/2006;12.220000
08/22/2006;12.190000
08/23/2006;12.400000
08/24/2006;12.400000
08/25/2006;12.310000
08/28/2006;12.180000
08/29/2006;12.280000
08/30/2006;12.220000
08/31/2006;12.310000
09/01/2006;11.960000
09/05/2006;12.630000
09/06/2006;13.740000
09/07/2006;13.880000
09/08/2006;13.160000
09/11/2006;12.990000
09/12/2006;11.920000
09/13/2006;11.180000
09/14/2006;11.550000
09/15/2006;11.760000
09/18/2006;11.780000
09/19/2006;11.980000
09/20/2006;11.390000
09/21/2006;12.250000
09/22/2006;12.590000
09/25/2006;12.120000
09/26/2006;11.530000
09/27/2006;11.580000
09/28/2006;11.720000
09/29/2006;11.980000
10/02/2006;12.570000
10/03/2006;12.240000
10/04/2006;11.860000
10/05/2006;11.980000
10/06/2006;11.560000
10/09/2006;11.680000
10/10/2006;11.520000
10/11/2006;11.620000
10/12/2006;11.090000
10/13/2006;10.750000
10/16/2006;11.090000
10/17/2006;11.730000
10/18/2006;11.340000
10/19/2006;10.900000
10/20/2006;10.630000
10/23/2006;11.080000
10/24/2006;10.780000
10/25/2006;10.660000
10/26/2006;10.560000
10/27/2006;10.800000
10/30/2006;11.200000
10/31/2006;11.100000
11/01/2006;11.510000
11/02/2006;11.420000
11/03/2006;11.160000
11/06/2006;11.160000
11/07/2006;11.090000
11/08/2006;10.750000
11/09/2006;11.010000
11/10/2006;10.790000
11/13/2006;10.860000
11/14/2006;10.500000
11/15/2006;10.310000
11/16/2006;10.160000
11/17/2006;10.050000
11/20/2006;9.970000
11/21/2006;9.900000
11/22/2006;10.140000
11/24/2006;10.730000
11/27/2006;12.300000
11/28/2006;11.620000
11/29/2006;10.830000
11/30/2006;10.910000
12/01/2006;11.660000
12/04/2006;11.230000
12/05/2006;11.270000
12/06/2006;11.330000
12/07/2006;12.670000
12/08/2006;12.070000
12/11/2006;10.710000
12/12/2006;10.650000
12/13/2006;10.180000
12/14/2006;9.970000
12/15/2006;10.050000
12/18/2006;10.600000
12/19/2006;10.300000
12/20/2006;10.260000
12/21/2006;10.530000
12/22/2006;11.360000
12/26/2006;11.260000
12/27/2006;10.640000
12/28/2006;10.990000
12/29/2006;11.560000
01/03/2007;12.040000
01/04/2007;11.510000
01/05/2007;12.140000
01/08/2007;12.000000
01/09/2007;11.910000
01/10/2007;11.470000
01/11/2007;10.870000
01/12/2007;10.150000
01/16/2007;10.740000
01/17/2007;10.590000
01/18/2007;10.850000
01/19/2007;10.400000
01/22/2007;10.770000
01/23/2007;10.340000
01/24/2007;9.890000
01/25/2007;11.220000
01/26/2007;11.130000
01/29/2007;11.450000
01/30/2007;10.960000
01/31/2007;10.420000
02/01/2007;10.310000
02/02/2007;10.080000
02/05/2007;10.550000
02/06/2007;10.650000
02/07/2007;10.320000
02/08/2007;10.440000
02/09/2007;11.100000
02/12/2007;11.610000
02/13/2007;10.340000
02/14/2007;10.230000
02/15/2007;10.220000
02/16/2007;10.020000
02/20/2007;10.240000
02/21/2007;10.200000
02/22/2007;10.180000
02/23/2007;10.580000
02/26/2007;11.150000
02/27/2007;18.310000
02/28/2007;15.420000
03/01/2007;15.820000
03/02/2007;18.610000
03/05/2007;19.630000
03/06/2007;15.960000
03/07/2007;15.240000
03/08/2007;14.290000
03/09/2007;14.090000
03/12/2007;13.990000
03/13/2007;18.130000
03/14/2007;17.270000
03/15/2007;16.430000
03/16/2007;16.790000
03/19/2007;14.590000
03/20/2007;13.270000
03/21/2007;12.190000
03/22/2007;12.930000
03/23/2007;12.950000
03/26/2007;13.160000
03/27/2007;13.480000
03/28/2007;14.980000
03/29/2007;15.140000
03/30/2007;14.640000
04/02/2007;14.530000
04/03/2007;13.460000
04/04/2007;13.240000
04/05/2007;13.230000
04/09/2007;13.140000
04/10/2007;12.680000
04/11/2007;13.490000
04/12/2007;12.710000
04/13/2007;12.200000
04/16/2007;11.980000
04/17/2007;12.140000
04/18/2007;12.420000
04/19/2007;12.540000
04/20/2007;12.070000
04/23/2007;13.040000
04/24/2007;13.120000
04/25/2007;13.210000
04/26/2007;12.790000
04/27/2007;12.450000
04/30/2007;14.220000
05/01/2007;13.510000
05/02/2007;13.080000
05/03/2007;13.090000
05/04/2007;12.910000
05/07/2007;13.150000
05/08/2007;13.210000
05/09/2007;12.880000
05/10/2007;13.600000
05/11/2007;12.950000
05/14/2007;13.960000
05/15/2007;14.010000
05/16/2007;13.500000
05/17/2007;13.510000
05/18/2007;12.760000
05/21/2007;13.300000
05/22/2007;13.060000
05/23/2007;13.240000
05/24/2007;14.080000
05/25/2007;13.340000
05/29/2007;13.530000
05/30/2007;12.830000
05/31/2007;13.050000
06/01/2007;12.780000
06/04/2007;13.290000
06/05/2007;13.630000
06/06/2007;14.870000
06/07/2007;17.060000
06/08/2007;14.840000
06/11/2007;14.710000
06/12/2007;16.670000
06/13/2007;14.730000
06/14/2007;13.640000
06/15/2007;13.940000
06/18/2007;13.420000
06/19/2007;12.850000
06/20/2007;14.670000
06/21/2007;14.210000
06/22/2007;15.750000
06/25/2007;16.650000
06/26/2007;18.890000
06/27/2007;15.530000
06/28/2007;15.540000
06/29/2007;16.230000
07/02/2007;15.400000
07/03/2007;14.920000
07/05/2007;15.480000
07/06/2007;14.720000
07/09/2007;15.160000
07/10/2007;17.570000
07/11/2007;16.640000
07/12/2007;15.540000
07/13/2007;15.150000
07/16/2007;15.590000
07/17/2007;15.630000
07/18/2007;16.000000
07/19/2007;15.230000
07/20/2007;16.950000
07/23/2007;16.810000
07/24/2007;18.550000
07/25/2007;18.100000
07/26/2007;20.740000
07/27/2007;24.170000
07/30/2007;20.870000
07/31/2007;23.520000
08/01/2007;23.670000
08/02/2007;21.220000
08/03/2007;25.160000
08/06/2007;22.940000
08/07/2007;21.560000
08/08/2007;21.450000
08/09/2007;26.480000
08/10/2007;28.300000
08/13/2007;26.570000
08/14/2007;27.680000
08/15/2007;30.670000
08/16/2007;30.830000
08/17/2007;29.990000
08/20/2007;26.330000
08/21/2007;25.250000
08/22/2007;22.890000
08/23/2007;22.620000
08/24/2007;20.720000
08/27/2007;22.720000
08/28/2007;26.300000
08/29/2007;23.810000
08/30/2007;25.060000
08/31/2007;23.380000
09/04/2007;22.780000
09/05/2007;24.580000
09/06/2007;23.990000
09/07/2007;26.230000
09/10/2007;27.380000
09/11/2007;25.270000
09/12/2007;24.960000
09/13/2007;24.760000
09/14/2007;24.920000
09/17/2007;26.480000
09/18/2007;20.350000
09/19/2007;20.030000
09/20/2007;20.450000
09/21/2007;19.000000
09/24/2007;19.370000
09/25/2007;18.600000
09/26/2007;17.630000
09/27/2007;17.000000
09/28/2007;18.000000
10/01/2007;17.840000
10/02/2007;18.490000
10/03/2007;18.800000
10/04/2007;18.440000
10/05/2007;16.910000
10/08/2007;17.460000
10/09/2007;16.120000
10/10/2007;16.670000
10/11/2007;18.880000
10/12/2007;17.730000
10/15/2007;19.250000
10/16/2007;20.020000
10/17/2007;18.540000
10/18/2007;18.500000
10/19/2007;22.960000
10/22/2007;21.640000
10/23/2007;20.410000
10/24/2007;20.800000
10/25/2007;21.170000
10/26/2007;19.560000
10/29/2007;19.870000
10/30/2007;21.070000
10/31/2007;18.530000
11/01/2007;23.210000
11/02/2007;23.010000
11/05/2007;24.310000
11/06/2007;21.390000
11/07/2007;26.490000
11/08/2007;26.160000
11/09/2007;28.500000
11/12/2007;31.090000
11/13/2007;24.100000
11/14/2007;25.940000
11/15/2007;28.060000
11/16/2007;25.490000
11/19/2007;26.010000
11/20/2007;24.880000
11/21/2007;26.840000
11/23/2007;25.610000
11/26/2007;28.910000
11/27/2007;26.280000
11/28/2007;24.110000
11/29/2007;23.970000
11/30/2007;22.870000
12/03/2007;23.610000
12/04/2007;23.790000
12/05/2007;22.530000
12/06/2007;20.960000
12/07/2007;20.850000
12/10/2007;20.740000
12/11/2007;23.590000
12/12/2007;22.470000
12/13/2007;22.560000
12/14/2007;23.270000
12/17/2007;24.520000
12/18/2007;22.640000
12/19/2007;21.680000
12/20/2007;20.580000
12/21/2007;18.470000
12/24/2007;18.600000
12/26/2007;18.660000
12/27/2007;20.260000
12/28/2007;20.740000
12/31/2007;22.500000
01/02/2008;23.170000
01/03/2008;22.490000
01/04/2008;23.940000
01/07/2008;23.790000
01/08/2008;25.430000
01/09/2008;24.120000
01/10/2008;23.450000
01/11/2008;23.680000
01/14/2008;22.900000
01/15/2008;23.340000
01/16/2008;24.380000
01/17/2008;28.460000
01/18/2008;27.180000
01/22/2008;31.010000
01/23/2008;29.020000
01/24/2008;27.780000
01/25/2008;29.080000
01/28/2008;27.780000
01/29/2008;27.320000
01/30/2008;27.620000
01/31/2008;26.200000
02/01/2008;24.020000
02/04/2008;25.990000
02/05/2008;28.240000
02/06/2008;28.970000
02/07/2008;27.660000
02/08/2008;28.010000
02/11/2008;27.600000
02/12/2008;26.330000
02/13/2008;24.880000
02/14/2008;25.540000
02/15/2008;25.020000
02/19/2008;25.590000
02/20/2008;24.400000
02/21/2008;25.120000
02/22/2008;24.060000
02/25/2008;23.030000
02/26/2008;21.900000
02/27/2008;22.690000
02/28/2008;23.530000
02/29/2008;26.540000
03/03/2008;26.280000
03/04/2008;25.520000
03/05/2008;24.600000
03/06/2008;27.550000
03/07/2008;27.490000
03/10/2008;29.380000
03/11/2008;26.360000
03/12/2008;27.220000
03/13/2008;27.290000
03/14/2008;31.160000
03/17/2008;32.240000
03/18/2008;25.790000
03/19/2008;29.840000
03/20/2008;26.620000
03/24/2008;25.730000
03/25/2008;25.720000
03/26/2008;26.080000
03/27/2008;25.880000
03/28/2008;25.710000
03/31/2008;25.610000
04/01/2008;22.680000
04/02/2008;23.430000
04/03/2008;23.210000
04/04/2008;22.450000
04/07/2008;22.420000
04/08/2008;22.360000
04/09/2008;22.810000
04/10/2008;21.980000
04/11/2008;23.460000
04/14/2008;23.820000
04/15/2008;22.780000
04/16/2008;20.530000
04/17/2008;20.370000
04/18/2008;20.130000
04/21/2008;20.500000
04/22/2008;20.870000
04/23/2008;20.260000
04/24/2008;20.060000
04/25/2008;19.590000
04/28/2008;19.640000
04/29/2008;20.240000
04/30/2008;20.790000
05/01/2008;18.880000
05/02/2008;18.180000
05/05/2008;18.900000
05/06/2008;18.210000
05/07/2008;19.730000
05/08/2008;19.400000
05/09/2008;19.410000
05/12/2008;17.790000
05/13/2008;17.980000
05/14/2008;17.660000
05/15/2008;16.300000
05/16/2008;16.470000
05/19/2008;17.010000
05/20/2008;17.580000
05/21/2008;18.590000
05/22/2008;18.050000
05/23/2008;19.550000
05/27/2008;19.640000
05/28/2008;19.070000
05/29/2008;18.140000
05/30/2008;17.830000
06/02/2008;19.830000
06/03/2008;20.240000
06/04/2008;20.800000
06/05/2008;18.630000
06/06/2008;23.560000
06/09/2008;23.120000
06/10/2008;23.180000
06/11/2008;24.120000
06/12/2008;23.330000
06/13/2008;21.220000
06/16/2008;20.950000
06/17/2008;21.130000
06/18/2008;22.240000
06/19/2008;21.580000
06/20/2008;22.870000
06/23/2008;22.640000
06/24/2008;22.420000
06/25/2008;21.140000
06/26/2008;23.930000
06/27/2008;23.440000
06/30/2008;23.950000
07/01/2008;23.650000
07/02/2008;25.920000
07/03/2008;24.790000
07/07/2008;25.780000
07/08/2008;23.150000
07/09/2008;25.230000
07/10/2008;25.590000
07/11/2008;27.490000
07/14/2008;28.480000
07/15/2008;28.540000
07/16/2008;25.100000
07/17/2008;25.010000
07/18/2008;24.050000
07/21/2008;23.050000
07/22/2008;21.180000
07/23/2008;21.310000
07/24/2008;23.440000
07/25/2008;22.910000
07/28/2008;24.230000
07/29/2008;22.030000
07/30/2008;21.210000
07/31/2008;22.940000
08/01/2008;22.570000
08/04/2008;23.490000
08/05/2008;21.140000
08/06/2008;20.230000
08/07/2008;21.150000
08/08/2008;20.660000
08/11/2008;20.120000
08/12/2008;21.170000
08/13/2008;21.550000
08/14/2008;20.340000
08/15/2008;19.580000
08/18/2008;20.980000
08/19/2008;21.280000
08/20/2008;20.420000
08/21/2008;19.820000
08/22/2008;18.810000
08/25/2008;20.970000
08/26/2008;20.490000
08/27/2008;19.760000
08/28/2008;19.430000
08/29/2008;20.650000
09/02/2008;21.990000
09/03/2008;21.430000
09/04/2008;24.030000
09/05/2008;23.060000
09/08/2008;22.640000
09/09/2008;25.470000
09/10/2008;24.520000
09/11/2008;24.390000
09/12/2008;25.660000
09/15/2008;31.700000
09/16/2008;30.300000
09/17/2008;36.220000
09/18/2008;33.100000
09/19/2008;32.070000
09/22/2008;33.850000
09/23/2008;35.720000
09/24/2008;35.190000
09/25/2008;32.820000
09/26/2008;34.740000
09/29/2008;46.720000
09/30/2008;39.390000
10/01/2008;39.810000
10/02/2008;45.260000
10/03/2008;45.140000
10/06/2008;52.050000
10/07/2008;53.680000
10/08/2008;57.530000
10/09/2008;63.920000
10/10/2008;69.950000
10/13/2008;54.990000
10/14/2008;55.130000
10/15/2008;69.250000
10/16/2008;67.610000
10/17/2008;70.330000
10/20/2008;52.970000
10/21/2008;53.110000
10/22/2008;69.650000
10/23/2008;67.800000
10/24/2008;79.130000
10/27/2008;80.060000
10/28/2008;66.960000
10/29/2008;69.960000
10/30/2008;62.900000
10/31/2008;59.890000
11/03/2008;53.680000
11/04/2008;47.730000
11/05/2008;54.560000
11/06/2008;63.680000
11/07/2008;56.100000
11/10/2008;59.980000
11/11/2008;61.440000
11/12/2008;66.460000
11/13/2008;59.830000
11/14/2008;66.310000
11/17/2008;69.150000
11/18/2008;67.640000
11/19/2008;74.260000
11/20/2008;80.860000
11/21/2008;72.670000
11/24/2008;64.700000
11/25/2008;60.900000
11/26/2008;54.920000
11/28/2008;55.840000
12/01/2008;68.510000
12/02/2008;62.980000
12/03/2008;60.720000
12/04/2008;63.640000
12/05/2008;59.930000
12/08/2008;58.490000
12/09/2008;58.910000
12/10/2008;55.730000
12/11/2008;55.780000
12/12/2008;54.280000
12/15/2008;56.760000
12/16/2008;52.370000
12/17/2008;49.840000
12/18/2008;47.340000
12/19/2008;44.930000
12/22/2008;44.560000
12/23/2008;45.020000
12/24/2008;44.210000
12/26/2008;43.380000
12/29/2008;43.900000
12/30/2008;41.630000
12/31/2008;40.000000
01/02/2009;39.190000
01/05/2009;39.080000
01/06/2009;38.560000
01/07/2009;43.390000
01/08/2009;42.560000
01/09/2009;42.820000
01/12/2009;45.840000
01/13/2009;43.270000
01/14/2009;49.140000
01/15/2009;51.000000
01/16/2009;46.110000
01/20/2009;56.650000
01/21/2009;46.420000
01/22/2009;47.290000
01/23/2009;47.270000
01/26/2009;45.690000
01/27/2009;42.250000
01/28/2009;39.660000
01/29/2009;42.630000
01/30/2009;44.840000
02/02/2009;45.520000
02/03/2009;43.060000
02/04/2009;43.850000
02/05/2009;43.730000
02/06/2009;43.370000
02/09/2009;43.640000
02/10/2009;46.670000
02/11/2009;44.530000
02/12/2009;41.250000
02/13/2009;42.930000
02/17/2009;48.660000
02/18/2009;48.460000
02/19/2009;47.080000
02/20/2009;49.300000
02/23/2009;52.620000
02/24/2009;45.490000
02/25/2009;44.670000
02/26/2009;44.660000
02/27/2009;46.350000
03/02/2009;52.650000
03/03/2009;50.930000
03/04/2009;47.560000
03/05/2009;50.170000
03/06/2009;49.330000
03/09/2009;49.680000
03/10/2009;44.370000
03/11/2009;43.610000
03/12/2009;41.180000
03/13/2009;42.360000
03/16/2009;43.740000
03/17/2009;40.800000
03/18/2009;40.060000
03/19/2009;43.680000
03/20/2009;45.890000
03/23/2009;43.230000
03/24/2009;42.930000
03/25/2009;42.250000
03/26/2009;40.360000
03/27/2009;41.040000
03/30/2009;45.540000
03/31/2009;44.140000
04/01/2009;42.280000
04/02/2009;42.040000
04/03/2009;39.700000
04/06/2009;40.930000
04/07/2009;40.390000
04/08/2009;38.850000
04/09/2009;36.530000
04/13/2009;37.810000
04/14/2009;37.670000
04/15/2009;36.170000
04/16/2009;35.790000
04/17/2009;33.940000
04/20/2009;39.180000
04/21/2009;37.140000
04/22/2009;38.100000
04/23/2009;37.150000
04/24/2009;36.820000
04/27/2009;38.320000
04/28/2009;37.950000
04/29/2009;36.080000
04/30/2009;36.500000
05/01/2009;35.300000
05/04/2009;34.530000
05/05/2009;33.360000
05/06/2009;32.450000
05/07/2009;33.440000
05/08/2009;32.050000
05/11/2009;32.870000
05/12/2009;31.800000
05/13/2009;33.650000
05/14/2009;31.370000
05/15/2009;33.120000
05/18/2009;30.240000
05/19/2009;28.800000
05/20/2009;29.030000
05/21/2009;31.350000
05/22/2009;32.630000
05/26/2009;30.620000
05/27/2009;32.360000
05/28/2009;31.670000
05/29/2009;28.920000
06/01/2009;30.040000
06/02/2009;29.630000
06/03/2009;31.020000
06/04/2009;30.180000
06/05/2009;29.620000
06/08/2009;29.770000
06/09/2009;28.270000
06/10/2009;28.460000
06/11/2009;28.110000
06/12/2009;28.150000
06/15/2009;30.810000
06/16/2009;32.680000
06/17/2009;31.540000
06/18/2009;30.030000
06/19/2009;27.990000
06/22/2009;31.170000
06/23/2009;30.580000
06/24/2009;29.050000
06/25/2009;26.360000
06/26/2009;25.930000
06/29/2009;25.350000
06/30/2009;26.350000
07/01/2009;26.220000
07/02/2009;27.950000
07/06/2009;29.000000
07/07/2009;30.850000
07/08/2009;31.300000
07/09/2009;29.780000
07/10/2009;29.020000
07/13/2009;26.310000
07/14/2009;25.020000
07/15/2009;25.890000
07/16/2009;25.420000
07/17/2009;24.340000
07/20/2009;24.400000
07/21/2009;23.870000
07/22/2009;23.470000
07/23/2009;23.430000
07/24/2009;23.090000
07/27/2009;24.280000
07/28/2009;25.010000
07/29/2009;25.610000
07/30/2009;25.400000
07/31/2009;25.920000
08/03/2009;25.560000
08/04/2009;24.890000
08/05/2009;24.900000
08/06/2009;25.670000
08/07/2009;24.760000
08/10/2009;24.990000
08/11/2009;25.990000
08/12/2009;25.450000
08/13/2009;24.710000
08/14/2009;24.270000
08/17/2009;27.890000
08/18/2009;26.180000
08/19/2009;26.260000
08/20/2009;25.090000
08/21/2009;25.010000
08/24/2009;25.140000
08/25/2009;24.920000
08/26/2009;24.950000
08/27/2009;24.680000
08/28/2009;24.760000
08/31/2009;26.010000
09/01/2009;29.150000
09/02/2009;28.900000
09/03/2009;27.100000
09/04/2009;25.260000
09/08/2009;25.620000
09/09/2009;24.320000
09/10/2009;23.550000
09/11/2009;24.150000
09/14/2009;23.860000
09/15/2009;23.420000
09/16/2009;23.690000
09/17/2009;23.650000
09/18/2009;23.920000
09/21/2009;24.060000
09/22/2009;23.080000
09/23/2009;23.490000
09/24/2009;24.950000
09/25/2009;25.610000
09/28/2009;24.880000
09/29/2009;25.190000
09/30/2009;25.610000
10/01/2009;28.270000
10/02/2009;28.680000
10/05/2009;26.840000
10/06/2009;25.700000
10/07/2009;24.680000
10/08/2009;24.180000
10/09/2009;23.120000
10/12/2009;23.010000
10/13/2009;22.990000
10/14/2009;22.860000
10/15/2009;21.720000
10/16/2009;21.430000
10/19/2009;21.490000
10/20/2009;20.900000
10/21/2009;22.220000
10/22/2009;20.690000
10/23/2009;22.270000
10/26/2009;24.310000
10/27/2009;24.830000
10/28/2009;27.910000
10/29/2009;24.760000
10/30/2009;30.690000
11/02/2009;29.780000
11/03/2009;28.810000
11/04/2009;27.720000
11/05/2009;25.430000
11/06/2009;24.190000
11/09/2009;23.150000
11/10/2009;22.840000
11/11/2009;23.040000
11/12/2009;24.240000
11/13/2009;23.360000
11/16/2009;22.890000
11/17/2009;22.410000
11/18/2009;21.630000
11/19/2009;22.630000
11/20/2009;22.190000
11/23/2009;21.160000
11/24/2009;20.470000
11/25/2009;20.480000
11/27/2009;24.850000
11/30/2009;24.510000
12/01/2009;21.920000
12/02/2009;21.120000
12/03/2009;22.460000
12/04/2009;21.250000
12/07/2009;22.100000
12/08/2009;23.690000
12/09/2009;22.660000
12/10/2009;22.320000
12/11/2009;21.590000
12/14/2009;21.150000
12/15/2009;21.490000
12/16/2009;20.540000
12/17/2009;22.510000
12/18/2009;21.680000
12/21/2009;20.490000
12/22/2009;19.540000
12/23/2009;19.710000
12/24/2009;19.470000
12/28/2009;19.930000
12/29/2009;20.010000
12/30/2009;19.960000
12/31/2009;21.680000
01/04/2010;20.040000
01/05/2010;19.350000
01/06/2010;19.160000
01/07/2010;19.060000
01/08/2010;18.130000
01/11/2010;17.550000
01/12/2010;18.250000
01/13/2010;17.850000
01/14/2010;17.630000
01/15/2010;17.910000
01/19/2010;17.580000
01/20/2010;18.680000
01/21/2010;22.270000
01/22/2010;27.310000
01/25/2010;25.410000
01/26/2010;24.550000
01/27/2010;23.140000
01/28/2010;23.730000
01/29/2010;24.620000
02/01/2010;22.590000
02/02/2010;21.480000
02/03/2010;21.600000
02/04/2010;26.080000
02/05/2010;26.110000
02/08/2010;26.510000
02/09/2010;26.000000
02/10/2010;25.400000
02/11/2010;23.960000
02/12/2010;22.730000
02/16/2010;22.250000
02/17/2010;21.720000
02/18/2010;20.630000
02/19/2010;20.020000
02/22/2010;19.940000
02/23/2010;21.370000
02/24/2010;20.270000
02/25/2010;20.100000
02/26/2010;19.500000
03/01/2010;19.260000
03/02/2010;19.060000
03/03/2010;18.830000
03/04/2010;18.720000
03/05/2010;17.420000
03/08/2010;17.790000
03/09/2010;17.920000
03/10/2010;18.570000
03/11/2010;18.060000
03/12/2010;17.580000
03/15/2010;18.000000
03/16/2010;17.690000
03/17/2010;16.910000
03/18/2010;16.620000
03/19/2010;16.970000
03/22/2010;16.870000
03/23/2010;16.350000
03/24/2010;17.550000
03/25/2010;18.400000
03/26/2010;17.770000
03/29/2010;17.590000
03/30/2010;17.130000
03/31/2010;17.590000
04/01/2010;17.470000
04/05/2010;17.020000
04/06/2010;16.230000
04/07/2010;16.620000
04/08/2010;16.480000
04/09/2010;16.140000
04/12/2010;15.580000
04/13/2010;16.200000
04/14/2010;15.590000
04/15/2010;15.890000
04/16/2010;18.360000
04/19/2010;17.340000
04/20/2010;15.730000
04/21/2010;16.320000
04/22/2010;16.470000
04/23/2010;16.620000
04/26/2010;17.470000
04/27/2010;22.810000
04/28/2010;21.080000
04/29/2010;18.440000
04/30/2010;22.050000
05/03/2010;20.190000
05/04/2010;23.840000
05/05/2010;24.910000
05/06/2010;32.800000
05/07/2010;40.950000
05/10/2010;28.840000
05/11/2010;28.320000
05/12/2010;25.520000
05/13/2010;26.680000
05/14/2010;31.240000
05/17/2010;30.840000
05/18/2010;33.550000
05/19/2010;35.320000
05/20/2010;45.790000
05/21/2010;40.100000
05/24/2010;38.320000
05/25/2010;34.610000
05/26/2010;35.020000
05/27/2010;29.680000
05/28/2010;32.070000
06/01/2010;35.540000
06/02/2010;30.170000
06/03/2010;29.460000
06/04/2010;35.480000
06/07/2010;36.570000
06/08/2010;33.700000
06/09/2010;33.730000
06/10/2010;30.570000
06/11/2010;28.790000
06/14/2010;28.580000
06/15/2010;25.870000
06/16/2010;25.920000
06/17/2010;25.050000
06/18/2010;23.950000
06/21/2010;24.880000
06/22/2010;27.050000
06/23/2010;26.910000
06/24/2010;29.740000
06/25/2010;28.530000
06/28/2010;29.000000
06/29/2010;34.130000
06/30/2010;34.540000
07/01/2010;32.860000
07/02/2010;30.120000
07/06/2010;29.650000
07/07/2010;26.840000
07/08/2010;25.710000
07/09/2010;24.980000
07/12/2010;24.430000
07/13/2010;24.560000
07/14/2010;24.890000
07/15/2010;25.140000
07/16/2010;26.250000
07/19/2010;25.970000
07/20/2010;23.930000
07/21/2010;25.640000
07/22/2010;24.630000
07/23/2010;23.470000
07/26/2010;22.730000
07/27/2010;23.190000
07/28/2010;24.250000
07/29/2010;24.130000
07/30/2010;23.500000
08/02/2010;22.010000
08/03/2010;22.630000
08/04/2010;22.210000
08/05/2010;22.100000
08/06/2010;21.740000
08/09/2010;22.140000
08/10/2010;22.370000
08/11/2010;25.390000
08/12/2010;25.730000
08/13/2010;26.240000
08/16/2010;26.100000
08/17/2010;24.330000
08/18/2010;24.590000
08/19/2010;26.440000
08/20/2010;25.490000
08/23/2010;25.660000
08/24/2010;27.460000
08/25/2010;26.700000
08/26/2010;27.370000
08/27/2010;24.450000
08/30/2010;27.210000
08/31/2010;26.050000
09/01/2010;23.890000
09/02/2010;23.190000
09/03/2010;21.310000
09/07/2010;23.800000
09/08/2010;23.250000
09/09/2010;22.810000
09/10/2010;21.990000
09/13/2010;21.210000
09/14/2010;21.560000
09/15/2010;22.100000
09/16/2010;21.720000
09/17/2010;22.010000
09/20/2010;21.500000
09/21/2010;22.350000
09/22/2010;22.510000
09/23/2010;23.870000
09/24/2010;21.710000
09/27/2010;22.540000
09/28/2010;22.600000
09/29/2010;23.250000
09/30/2010;23.700000
10/01/2010;22.500000
10/04/2010;23.530000
10/05/2010;21.760000
10/06/2010;21.490000
10/07/2010;21.560000
10/08/2010;20.710000
10/11/2010;18.960000
10/12/2010;18.930000
10/13/2010;19.070000
10/14/2010;19.880000
10/15/2010;19.030000
10/18/2010;19.090000
10/19/2010;20.630000
10/20/2010;19.790000
10/21/2010;19.270000
10/22/2010;18.780000
10/25/2010;19.850000
10/26/2010;20.220000
10/27/2010;20.710000
10/28/2010;20.880000
10/29/2010;21.200000
11/01/2010;21.830000
11/02/2010;21.570000
11/03/2010;19.560000
11/04/2010;18.520000
11/05/2010;18.260000
11/08/2010;18.290000
11/09/2010;19.080000
11/10/2010;18.470000
11/11/2010;18.640000
11/12/2010;20.610000
11/15/2010;20.200000
11/16/2010;22.580000
11/17/2010;21.760000
11/18/2010;18.750000
11/19/2010;18.040000
11/22/2010;18.370000
11/23/2010;20.630000
11/24/2010;19.560000
11/26/2010;22.220000
11/29/2010;21.530000
11/30/2010;23.540000
12/01/2010;21.360000
12/02/2010;19.390000
12/03/2010;18.010000
12/06/2010;18.020000
12/07/2010;17.990000
12/08/2010;17.740000
12/09/2010;17.250000
12/10/2010;17.610000
12/13/2010;17.550000
12/14/2010;17.610000
12/15/2010;17.940000
12/16/2010;17.390000
12/17/2010;16.110000
12/20/2010;16.410000
12/21/2010;16.490000
12/22/2010;15.450000
12/23/2010;16.470000
12/27/2010;17.670000
12/28/2010;17.520000
12/29/2010;17.280000
12/30/2010;17.520000
12/31/2010;17.750000
01/03/2011;17.610000
01/04/2011;17.380000
01/05/2011;17.020000
01/06/2011;17.400000
01/07/2011;17.140000
01/10/2011;17.540000
01/11/2011;16.890000
01/12/2011;16.240000
01/13/2011;16.390000
01/14/2011;15.460000
01/18/2011;15.870000
01/19/2011;17.310000
01/20/2011;17.990000
01/21/2011;18.470000
01/24/2011;17.650000
01/25/2011;17.590000
01/26/2011;16.640000
01/27/2011;16.150000
01/28/2011;20.040000
01/31/2011;19.530000
02/01/2011;17.630000
02/02/2011;17.300000
02/03/2011;16.690000
02/04/2011;15.930000
02/07/2011;16.280000
02/08/2011;15.810000
02/09/2011;15.870000
02/10/2011;16.090000
02/11/2011;15.690000
02/14/2011;15.950000
02/15/2011;16.370000
02/16/2011;16.720000
02/17/2011;16.590000
02/18/2011;16.430000
02/22/2011;20.800000
02/23/2011;22.130000
02/24/2011;21.320000
02/25/2011;19.220000
02/28/2011;18.350000
03/01/2011;21.010000
03/02/2011;20.700000
03/03/2011;18.600000
03/04/2011;19.060000
03/07/2011;20.660000
03/08/2011;19.820000
03/09/2011;20.220000
03/10/2011;21.880000
03/11/2011;20.080000
03/14/2011;21.130000
03/15/2011;24.320000
03/16/2011;29.400000
03/17/2011;26.370000
03/18/2011;24.440000
03/21/2011;20.610000
03/22/2011;20.210000
03/23/2011;19.170000
03/24/2011;18.000000
03/25/2011;17.910000
03/28/2011;19.440000
03/29/2011;18.160000
03/30/2011;17.710000
03/31/2011;17.740000
04/01/2011;17.400000
04/04/2011;17.500000
04/05/2011;17.250000
04/06/2011;16.900000
04/07/2011;17.110000
04/08/2011;17.870000
04/11/2011;16.590000
04/12/2011;17.090000
04/13/2011;16.920000
04/14/2011;16.270000
04/15/2011;15.320000
04/18/2011;16.960000
04/19/2011;15.830000
04/20/2011;15.070000
04/21/2011;14.690000
04/25/2011;15.770000
04/26/2011;15.620000
04/27/2011;15.350000
04/28/2011;14.620000
04/29/2011;14.750000
05/02/2011;15.990000
05/03/2011;16.700000
05/04/2011;17.080000
05/05/2011;18.200000
05/06/2011;18.400000
05/09/2011;17.160000
05/10/2011;15.910000
05/11/2011;16.950000
05/12/2011;16.030000
05/13/2011;17.070000
05/16/2011;18.240000
05/17/2011;17.550000
05/18/2011;16.230000
05/19/2011;15.520000
05/20/2011;17.430000
05/23/2011;18.270000
05/24/2011;17.820000
05/25/2011;17.070000
05/26/2011;16.090000
05/27/2011;15.980000
05/31/2011;15.450000
06/01/2011;18.300000
06/02/2011;18.090000
06/03/2011;17.950000
06/06/2011;18.490000
06/07/2011;18.070000
06/08/2011;18.790000
06/09/2011;17.770000
06/10/2011;18.860000
06/13/2011;19.610000
06/14/2011;18.260000
06/15/2011;21.320000
06/16/2011;22.730000
06/17/2011;21.850000
06/20/2011;19.990000
06/21/2011;18.860000
06/22/2011;18.520000
06/23/2011;19.290000
06/24/2011;21.100000
06/27/2011;20.560000
06/28/2011;19.170000
06/29/2011;17.270000
06/30/2011;16.520000
07/01/2011;15.870000
07/05/2011;16.060000
07/06/2011;16.340000
07/07/2011;15.950000
07/08/2011;15.950000
07/11/2011;18.390000
07/12/2011;19.870000
07/13/2011;19.910000
07/14/2011;20.800000
07/15/2011;19.530000
07/18/2011;20.950000
07/19/2011;19.210000
07/20/2011;19.090000
07/21/2011;17.560000
07/22/2011;17.520000
07/25/2011;19.350000
07/26/2011;20.230000
07/27/2011;22.980000
07/28/2011;23.740000
07/29/2011;25.250000
08/01/2011;23.660000
08/02/2011;24.790000
08/03/2011;23.380000
08/04/2011;31.660000
08/05/2011;32.000000
08/08/2011;48.000000
08/09/2011;35.060000
08/10/2011;42.990000
08/11/2011;39.000000
08/12/2011;36.360000
08/15/2011;31.870000
08/16/2011;32.850000
08/17/2011;31.580000
08/18/2011;42.670000
08/19/2011;43.050000
08/22/2011;42.440000
08/23/2011;36.270000
08/24/2011;35.900000
08/25/2011;39.760000
08/26/2011;35.590000
08/29/2011;32.280000
08/30/2011;32.890000
08/31/2011;31.620000
09/01/2011;31.820000
09/02/2011;33.920000
09/06/2011;37.000000
09/07/2011;33.380000
09/08/2011;34.320000
09/09/2011;38.520000
09/12/2011;38.590000
09/13/2011;36.910000
09/14/2011;34.600000
09/15/2011;31.970000
09/16/2011;30.980000
09/19/2011;32.730000
09/20/2011;32.860000
09/21/2011;37.320000
09/22/2011;41.350000
09/23/2011;41.250000
09/26/2011;39.020000
09/27/2011;37.710000
09/28/2011;41.080000
09/29/2011;38.840000
09/30/2011;42.960000
10/03/2011;45.450000
10/04/2011;40.820000
10/05/2011;37.810000
10/06/2011;36.270000
10/07/2011;36.200000
10/10/2011;33.020000
10/11/2011;32.860000
10/12/2011;31.260000
10/13/2011;30.700000
10/14/2011;28.240000
10/17/2011;33.390000
10/18/2011;31.560000
10/19/2011;34.440000
10/20/2011;34.780000
10/21/2011;31.320000
10/24/2011;29.260000
10/25/2011;32.220000
10/26/2011;29.860000
10/27/2011;25.460000
10/28/2011;24.530000
10/31/2011;29.960000
11/01/2011;34.770000
11/02/2011;32.740000
11/03/2011;30.500000
11/04/2011;30.160000
11/07/2011;29.850000
11/08/2011;27.480000
11/09/2011;36.160000
11/10/2011;32.810000
11/11/2011;30.040000
11/14/2011;31.130000
11/15/2011;31.220000
11/16/2011;33.510000
11/17/2011;34.510000
11/18/2011;32.000000
11/21/2011;32.910000
11/22/2011;31.970000
11/23/2011;33.980000
11/25/2011;34.470000
11/28/2011;32.130000
11/29/2011;30.640000
11/30/2011;27.800000
12/01/2011;27.410000
12/02/2011;27.520000
12/05/2011;27.840000
12/06/2011;28.130000
12/07/2011;28.670000
12/08/2011;30.590000
12/09/2011;26.380000
12/12/2011;25.670000
12/13/2011;25.410000
12/14/2011;26.040000
12/15/2011;25.110000
12/16/2011;24.290000
12/19/2011;24.920000
12/20/2011;23.220000
12/21/2011;21.430000
12/22/2011;21.160000
12/23/2011;20.730000
12/27/2011;21.910000
12/28/2011;23.520000
12/29/2011;22.650000
12/30/2011;23.400000
01/03/2012;22.970000
01/04/2012;22.220000
01/05/2012;21.480000
01/06/2012;20.630000
01/09/2012;21.070000
01/10/2012;20.690000
01/11/2012;21.050000
01/12/2012;20.470000
01/13/2012;20.910000
01/17/2012;22.200000
01/18/2012;20.890000
01/19/2012;19.870000
01/20/2012;18.280000
01/23/2012;18.670000
01/24/2012;18.910000
01/25/2012;18.310000
01/26/2012;18.570000
01/27/2012;18.530000
01/30/2012;19.400000
01/31/2012;19.440000
02/01/2012;18.550000
02/02/2012;17.980000
02/03/2012;17.100000
02/06/2012;17.760000
02/07/2012;17.650000
02/08/2012;18.160000
02/09/2012;18.630000
02/10/2012;20.790000
02/13/2012;19.040000
02/14/2012;19.540000
02/15/2012;21.140000
02/16/2012;19.220000
02/17/2012;17.780000
02/21/2012;18.190000
02/22/2012;18.190000
02/23/2012;16.800000
02/24/2012;17.310000
02/27/2012;18.190000
02/28/2012;17.960000
02/29/2012;18.430000
03/01/2012;17.260000
03/02/2012;17.290000
03/05/2012;18.050000
03/06/2012;20.870000
03/07/2012;19.070000
03/08/2012;17.950000
03/09/2012;17.110000
03/12/2012;15.640000
03/13/2012;14.800000
03/14/2012;15.310000
03/15/2012;15.420000
03/16/2012;14.470000
03/19/2012;15.040000
03/20/2012;15.580000
03/21/2012;15.130000
03/22/2012;15.570000
03/23/2012;14.820000
03/26/2012;14.260000
03/27/2012;15.590000
03/28/2012;15.470000
03/29/2012;15.480000
03/30/2012;15.500000
04/02/2012;15.640000
04/03/2012;15.660000
04/04/2012;16.440000
04/05/2012;16.700000
04/09/2012;18.810000
04/10/2012;20.390000
04/11/2012;20.020000
04/12/2012;17.200000
04/13/2012;19.550000
04/16/2012;19.550000
04/17/2012;18.460000
04/18/2012;18.640000
04/19/2012;18.360000
04/20/2012;17.440000
04/23/2012;18.970000
04/24/2012;18.100000
04/25/2012;16.820000
04/26/2012;16.240000
04/27/2012;16.320000
04/30/2012;17.150000
05/01/2012;16.600000
05/02/2012;16.880000
05/03/2012;17.560000
05/04/2012;19.160000
05/07/2012;18.940000
05/08/2012;19.050000
05/09/2012;20.080000
05/10/2012;18.830000
05/11/2012;19.890000
05/14/2012;21.870000
05/15/2012;21.970000
05/16/2012;22.270000
05/17/2012;24.490000
05/18/2012;25.100000
05/21/2012;22.010000
05/22/2012;22.480000
05/23/2012;22.330000
05/24/2012;21.540000
05/25/2012;21.760000
05/29/2012;21.030000
05/30/2012;24.140000
05/31/2012;24.060000
06/01/2012;26.660000
06/04/2012;26.120000
06/05/2012;24.680000
06/06/2012;22.160000
06/07/2012;21.720000
06/08/2012;21.230000
06/11/2012;23.560000
06/12/2012;22.090000
06/13/2012;24.270000
06/14/2012;21.680000
06/15/2012;21.110000
06/18/2012;18.320000
06/19/2012;18.380000
06/20/2012;17.240000
06/21/2012;20.080000
06/22/2012;18.110000
06/25/2012;20.380000
06/26/2012;19.720000
06/27/2012;19.450000
06/28/2012;19.710000
06/29/2012;17.080000
07/02/2012;16.800000
07/03/2012;16.660000
07/05/2012;17.500000
07/06/2012;17.100000
07/09/2012;17.980000
07/10/2012;18.720000
07/11/2012;17.950000
07/12/2012;18.330000
07/13/2012;16.740000
07/16/2012;17.110000
07/17/2012;16.480000
07/18/2012;16.160000
07/19/2012;15.450000
07/20/2012;16.270000
07/23/2012;18.620000
07/24/2012;20.470000
07/25/2012;19.340000
07/26/2012;17.530000
07/27/2012;16.700000
07/30/2012;18.030000
07/31/2012;18.930000
08/01/2012;18.960000
08/02/2012;17.570000
08/03/2012;15.640000
08/06/2012;15.950000
08/07/2012;15.990000
08/08/2012;15.320000
08/09/2012;15.280000
08/10/2012;14.740000
08/13/2012;13.700000
08/14/2012;14.850000
08/15/2012;14.630000
08/16/2012;14.290000
08/17/2012;13.450000
08/20/2012;14.020000
08/21/2012;15.020000
08/22/2012;15.110000
08/23/2012;15.960000
08/24/2012;15.180000
08/27/2012;16.350000
08/28/2012;16.490000
08/29/2012;17.060000
08/30/2012;17.830000
08/31/2012;17.470000
09/04/2012;17.980000
09/05/2012;17.740000
09/06/2012;15.600000
09/07/2012;14.380000
09/10/2012;16.280000
09/11/2012;16.410000
09/12/2012;15.800000
09/13/2012;14.050000
09/14/2012;14.510000
09/17/2012;14.590000
09/18/2012;14.180000
09/19/2012;13.880000
09/20/2012;14.070000
09/21/2012;13.980000
09/24/2012;14.150000
09/25/2012;15.430000
09/26/2012;16.810000
09/27/2012;14.840000
09/28/2012;15.730000
10/01/2012;16.320000
10/02/2012;15.710000
10/03/2012;15.430000
10/04/2012;14.550000
10/05/2012;14.330000
10/08/2012;15.110000
10/09/2012;16.370000
10/10/2012;16.290000
10/11/2012;15.590000
10/12/2012;16.140000
10/15/2012;15.270000
10/16/2012;15.220000
10/17/2012;15.070000
10/18/2012;15.030000
10/19/2012;17.060000
10/22/2012;16.620000
10/23/2012;18.830000
10/24/2012;18.330000
10/25/2012;18.120000
10/26/2012;17.810000
10/31/2012;18.600000
11/01/2012;16.690000
11/02/2012;17.590000
11/05/2012;18.420000
11/06/2012;17.580000
11/07/2012;19.080000
11/08/2012;18.490000
11/09/2012;18.610000
11/12/2012;16.680000
11/13/2012;16.650000
11/14/2012;17.920000
11/15/2012;17.990000
11/16/2012;16.410000
11/19/2012;15.240000
11/20/2012;15.080000
11/21/2012;15.310000
11/23/2012;15.140000
11/26/2012;15.500000
11/27/2012;15.920000
11/28/2012;15.510000
11/29/2012;15.060000
11/30/2012;15.870000
12/03/2012;16.640000
12/04/2012;17.120000
12/05/2012;16.460000
12/06/2012;16.580000
12/07/2012;15.900000
12/10/2012;16.050000
12/11/2012;15.570000
12/12/2012;15.950000
12/13/2012;16.560000
12/14/2012;17.000000
12/17/2012;16.340000
12/18/2012;15.570000
12/19/2012;17.360000
12/20/2012;17.670000
12/21/2012;17.840000
12/24/2012;17.840000
12/26/2012;19.480000
12/27/2012;19.470000
12/28/2012;22.720000
12/31/2012;18.020000
01/02/2013;14.680000
01/03/2013;14.560000
01/04/2013;13.830000
01/07/2013;13.790000
01/08/2013;13.620000
01/09/2013;13.810000
01/10/2013;13.490000
01/11/2013;13.360000
01/14/2013;13.520000
01/15/2013;13.550000
01/16/2013;13.420000
01/17/2013;13.570000
01/18/2013;12.460000
01/22/2013;12.430000
01/23/2013;12.460000
01/24/2013;12.690000
01/25/2013;12.890000
01/28/2013;13.570000
01/29/2013;13.310000
01/30/2013;14.320000
01/31/2013;14.280000
02/01/2013;12.900000
02/04/2013;14.670000
02/05/2013;13.720000
02/06/2013;13.410000
02/07/2013;13.500000
02/08/2013;13.020000
02/11/2013;12.940000
02/12/2013;12.640000
02/13/2013;12.980000
02/14/2013;12.660000
02/15/2013;12.460000
02/19/2013;12.310000
02/20/2013;14.680000
02/21/2013;15.220000
02/22/2013;14.170000
02/25/2013;18.990000
02/26/2013;16.870000
02/27/2013;14.730000
02/28/2013;15.510000
03/01/2013;15.360000
03/04/2013;14.010000
03/05/2013;13.480000
03/06/2013;13.530000
03/07/2013;13.060000
03/08/2013;12.590000
03/11/2013;11.560000
03/12/2013;12.270000
03/13/2013;11.830000
03/14/2013;11.300000
03/15/2013;11.300000
03/18/2013;13.360000
03/19/2013;14.390000
03/20/2013;12.670000
03/21/2013;13.990000
03/22/2013;13.570000
03/25/2013;13.740000
03/26/2013;12.770000
03/27/2013;13.150000
03/28/2013;12.700000
04/01/2013;13.580000
04/02/2013;12.780000
04/03/2013;14.210000
04/04/2013;13.890000
04/05/2013;13.920000
04/08/2013;13.190000
04/09/2013;12.840000
04/10/2013;12.360000
04/11/2013;12.240000
04/12/2013;12.060000
04/15/2013;17.270000
04/16/2013;13.960000
04/17/2013;16.510000
04/18/2013;17.560000
04/19/2013;14.970000
04/22/2013;14.390000
04/23/2013;13.480000
04/24/2013;13.610000
04/25/2013;13.620000
04/26/2013;13.610000
04/29/2013;13.710000
04/30/2013;13.520000
05/01/2013;14.490000
05/02/2013;13.590000
05/03/2013;12.850000
05/06/2013;12.660000
05/07/2013;12.830000
05/08/2013;12.660000
05/09/2013;13.130000
05/10/2013;12.590000
05/13/2013;12.550000
05/14/2013;12.770000
05/15/2013;12.810000
05/16/2013;13.070000
05/17/2013;12.450000
05/20/2013;13.020000
05/21/2013;13.370000
05/22/2013;13.820000
05/23/2013;14.070000
05/24/2013;13.990000
05/28/2013;14.480000
05/29/2013;14.830000
05/30/2013;14.530000
05/31/2013;16.300000
06/03/2013;16.280000
06/04/2013;16.270000
06/05/2013;17.500000
06/06/2013;16.630000
06/07/2013;15.140000
06/10/2013;15.440000
06/11/2013;17.070000
06/12/2013;18.590000
06/13/2013;16.410000
06/14/2013;17.150000
06/17/2013;16.800000
06/18/2013;16.610000
06/19/2013;16.640000
06/20/2013;20.490000
06/21/2013;18.900000
06/24/2013;20.110000
06/25/2013;18.470000
06/26/2013;17.210000
06/27/2013;16.860000
06/28/2013;16.860000
07/01/2013;16.370000
07/02/2013;16.440000
07/03/2013;16.200000
07/05/2013;14.890000
07/08/2013;14.780000
07/09/2013;14.350000
07/10/2013;14.210000
07/11/2013;14.010000
07/12/2013;13.840000
07/15/2013;13.790000
07/16/2013;14.420000
07/17/2013;13.780000
07/18/2013;13.770000
07/19/2013;12.540000
07/22/2013;12.290000
07/23/2013;12.660000
07/24/2013;13.180000
07/25/2013;12.970000
07/26/2013;12.720000
07/29/2013;13.390000
07/30/2013;13.390000
07/31/2013;13.450000
08/01/2013;12.940000
08/02/2013;11.980000
08/05/2013;11.840000
08/06/2013;12.720000
08/07/2013;12.980000
08/08/2013;12.730000
08/09/2013;13.410000
08/12/2013;12.810000
08/13/2013;12.310000
08/14/2013;13.040000
08/15/2013;14.730000
08/16/2013;14.370000
08/19/2013;15.100000
08/20/2013;14.910000
08/21/2013;15.940000
08/22/2013;14.760000
08/23/2013;13.980000
08/26/2013;14.990000
08/27/2013;16.770000
08/28/2013;16.490000
08/29/2013;16.810000
08/30/2013;17.010000
09/03/2013;16.610000
09/04/2013;15.880000
09/05/2013;15.770000
09/06/2013;15.850000
09/09/2013;15.630000
09/10/2013;14.530000
09/11/2013;13.820000
09/12/2013;14.290000
09/13/2013;14.160000
09/16/2013;14.380000
09/17/2013;14.530000
09/18/2013;13.590000
09/19/2013;13.160000
09/20/2013;13.120000
09/23/2013;14.310000
09/24/2013;14.080000
09/25/2013;14.010000
09/26/2013;14.060000
09/27/2013;15.460000
09/30/2013;16.600000
10/01/2013;15.540000
10/02/2013;16.600000
10/03/2013;17.670000
10/04/2013;16.740000
10/07/2013;19.410000
10/08/2013;20.340000
10/09/2013;19.600000
10/10/2013;16.480000
10/11/2013;15.720000
10/14/2013;16.070000
10/15/2013;18.660000
10/16/2013;14.710000
10/17/2013;13.480000
10/18/2013;13.040000
10/21/2013;13.160000
10/22/2013;13.330000
10/23/2013;13.420000
10/24/2013;13.200000
10/25/2013;13.090000
10/28/2013;13.310000
10/29/2013;13.410000
10/30/2013;13.650000
10/31/2013;13.750000
11/01/2013;13.280000
11/04/2013;12.930000
11/05/2013;13.270000
11/06/2013;12.670000
11/07/2013;13.910000
11/08/2013;12.900000
11/11/2013;12.530000
11/12/2013;12.820000
11/13/2013;12.520000
11/14/2013;12.370000
11/15/2013;12.190000
11/18/2013;13.100000
11/19/2013;13.390000
11/20/2013;13.400000
11/21/2013;12.660000
11/22/2013;12.260000
11/25/2013;12.790000
11/26/2013;12.810000
11/27/2013;12.980000
11/29/2013;13.700000
12/02/2013;14.230000
12/03/2013;14.550000
12/04/2013;14.700000
12/05/2013;15.080000
12/06/2013;13.790000
12/09/2013;13.490000
12/10/2013;13.910000
12/11/2013;15.420000
12/12/2013;15.540000
12/13/2013;15.760000
12/16/2013;16.030000
12/17/2013;16.210000
12/18/2013;13.800000
12/19/2013;14.150000
12/20/2013;13.790000
12/23/2013;13.040000
12/24/2013;12.480000
12/26/2013;12.330000
12/27/2013;12.460000
12/30/2013;13.560000
12/31/2013;13.720000
01/02/2014;14.230000
01/03/2014;13.760000
01/06/2014;13.550000
01/07/2014;12.920000
01/08/2014;12.870000
01/09/2014;12.890000
01/10/2014;12.140000
01/13/2014;13.280000
01/14/2014;12.280000
01/15/2014;12.280000
01/16/2014;12.530000
01/17/2014;12.440000
01/21/2014;12.870000
01/22/2014;12.840000
01/23/2014;13.770000
01/24/2014;18.140000
01/27/2014;17.420000
01/28/2014;15.800000
01/29/2014;17.350000
01/30/2014;17.290000
01/31/2014;18.410000
02/03/2014;21.440000
02/04/2014;19.110000
02/05/2014;19.950000
02/06/2014;17.230000
02/07/2014;15.290000
02/10/2014;15.260000
02/11/2014;14.510000
02/12/2014;14.300000
02/13/2014;14.140000
02/14/2014;13.570000
02/18/2014;13.870000
02/19/2014;15.500000
02/20/2014;14.790000
02/21/2014;14.680000
02/24/2014;14.230000
02/25/2014;13.670000
02/26/2014;14.350000
02/27/2014;14.040000
02/28/2014;14.000000
03/03/2014;16.000000
03/04/2014;14.100000
03/05/2014;13.890000
03/06/2014;14.210000
03/07/2014;14.110000
03/10/2014;14.200000
03/11/2014;14.800000
03/12/2014;14.470000
03/13/2014;16.220000
03/14/2014;17.820000
03/17/2014;15.640000
03/18/2014;14.520000
03/19/2014;15.120000
03/20/2014;14.520000
03/21/2014;15.000000
03/24/2014;15.090000
03/25/2014;14.020000
03/26/2014;14.930000
03/27/2014;14.620000
03/28/2014;14.410000
03/31/2014;13.880000
04/01/2014;13.100000
04/02/2014;13.090000
04/03/2014;13.370000
04/04/2014;13.960000
04/07/2014;15.570000
04/08/2014;14.890000
04/09/2014;13.820000
04/10/2014;15.890000
04/11/2014;17.030000
04/14/2014;16.110000
04/15/2014;15.610000
04/16/2014;14.180000
04/17/2014;13.360000
04/21/2014;13.250000
04/22/2014;13.190000
04/23/2014;13.270000
04/24/2014;13.320000
04/25/2014;14.060000
04/28/2014;13.970000
04/29/2014;13.710000
04/30/2014;13.410000
05/01/2014;13.250000
05/02/2014;12.910000
05/05/2014;13.290000
05/06/2014;13.800000
05/07/2014;13.400000
05/08/2014;13.430000
05/09/2014;12.920000
05/12/2014;12.230000
05/13/2014;12.130000
05/14/2014;12.170000
05/15/2014;13.170000
05/16/2014;12.440000
05/19/2014;12.420000
05/20/2014;12.960000
05/21/2014;11.910000
05/22/2014;12.030000
05/23/2014;11.360000
05/27/2014;11.510000
05/28/2014;11.680000
05/29/2014;11.570000
05/30/2014;11.400000
06/02/2014;11.580000
06/03/2014;11.870000
06/04/2014;12.080000
06/05/2014;11.680000
06/06/2014;10.730000
06/09/2014;11.150000
06/10/2014;10.990000
06/11/2014;11.600000
06/12/2014;12.560000
06/13/2014;12.180000
06/16/2014;12.650000
06/17/2014;12.060000
06/18/2014;10.610000
06/19/2014;10.620000
06/20/2014;10.850000
06/23/2014;10.980000
06/24/2014;12.130000
06/25/2014;11.590000
06/26/2014;11.630000
06/27/2014;11.260000
06/30/2014;11.570000
07/01/2014;11.150000
07/02/2014;10.820000
07/03/2014;10.320000
07/07/2014;11.330000
07/08/2014;11.980000
07/09/2014;11.650000
07/10/2014;12.590000
07/11/2014;12.080000
07/14/2014;11.820000
07/15/2014;11.960000
07/16/2014;11.000000
07/17/2014;14.540000
07/18/2014;12.060000
07/21/2014;12.810000
07/22/2014;12.240000
07/23/2014;11.520000
07/24/2014;11.840000
07/25/2014;12.690000
07/28/2014;12.560000
07/29/2014;13.280000
07/30/2014;13.330000
07/31/2014;16.950000
08/01/2014;17.030000
08/04/2014;15.120000
08/05/2014;16.870000
08/06/2014;16.370000
08/07/2014;16.660000
08/08/2014;15.770000
08/11/2014;14.230000
08/12/2014;14.130000
08/13/2014;12.900000
08/14/2014;12.420000
08/15/2014;13.150000
08/18/2014;12.320000
08/19/2014;12.210000
08/20/2014;11.780000
08/21/2014;11.760000
08/22/2014;11.470000
08/25/2014;11.700000
08/26/2014;11.630000
08/27/2014;11.780000
08/28/2014;12.050000
08/29/2014;11.980000
09/02/2014;12.250000
09/03/2014;12.360000
09/04/2014;12.640000
09/05/2014;12.090000
09/08/2014;12.660000
09/09/2014;13.500000
09/10/2014;12.880000
09/11/2014;12.800000
09/12/2014;13.310000
09/15/2014;14.120000
09/16/2014;12.730000
09/17/2014;12.650000
09/18/2014;12.030000
09/19/2014;12.110000
09/22/2014;13.690000
09/23/2014;14.930000
09/24/2014;13.270000
09/25/2014;15.640000
09/26/2014;14.850000
09/29/2014;15.980000
09/30/2014;16.310000
10/01/2014;16.710000
10/02/2014;16.160000
10/03/2014;14.550000
10/06/2014;15.460000
10/07/2014;17.200000
10/08/2014;15.110000
10/09/2014;18.760000
10/10/2014;21.240000
10/13/2014;24.640000
10/14/2014;22.790000
10/15/2014;26.250000
10/16/2014;25.200000
10/17/2014;21.990000
10/20/2014;18.570000
10/21/2014;16.080000
10/22/2014;17.870000
10/23/2014;16.530000
10/24/2014;16.110000
10/27/2014;16.040000
10/28/2014;14.390000
10/29/2014;15.150000
10/30/2014;14.520000
10/31/2014;14.030000
11/03/2014;14.730000
11/04/2014;14.890000
11/05/2014;14.170000
11/06/2014;13.670000
11/07/2014;13.120000
11/10/2014;12.670000
11/11/2014;12.920000
11/12/2014;13.020000
11/13/2014;13.790000
11/14/2014;13.310000
11/17/2014;13.990000
11/18/2014;13.860000
11/19/2014;13.960000
11/20/2014;13.580000
11/21/2014;12.900000
11/24/2014;12.620000
11/25/2014;12.250000
11/26/2014;12.070000
11/28/2014;13.330000
12/01/2014;14.290000
12/02/2014;12.850000
12/03/2014;12.470000
12/04/2014;12.380000
12/05/2014;11.820000
12/08/2014;14.210000
12/09/2014;14.890000
12/10/2014;18.530000
12/11/2014;20.080000
12/12/2014;21.080000
12/15/2014;20.420000
12/16/2014;23.570000
12/17/2014;19.440000
12/18/2014;16.810000
12/19/2014;16.490000
12/22/2014;15.250000
12/23/2014;14.800000
12/24/2014;14.370000
12/26/2014;14.500000
12/29/2014;15.060000
12/30/2014;15.920000
12/31/2014;19.200000
01/02/2015;17.790000
01/05/2015;19.920000
01/06/2015;21.120000
01/07/2015;19.310000
01/08/2015;17.010000
01/09/2015;17.550000
01/12/2015;19.600000
01/13/2015;20.560000
01/14/2015;21.480000
01/15/2015;22.390000
01/16/2015;20.950000
01/20/2015;19.890000
01/21/2015;18.850000
01/22/2015;16.400000
01/23/2015;16.660000
01/26/2015;15.520000
01/27/2015;17.220000
01/28/2015;20.440000
01/29/2015;18.760000
01/30/2015;20.970000
02/02/2015;19.430000
02/03/2015;17.330000
02/04/2015;18.330000
02/05/2015;16.850000
02/06/2015;17.290000
02/09/2015;18.550000
02/10/2015;17.230000
02/11/2015;16.960000
02/12/2015;15.340000
02/13/2015;14.690000
02/17/2015;15.800000
02/18/2015;15.450000
02/19/2015;15.290000
02/20/2015;14.300000
02/23/2015;14.560000
02/24/2015;13.690000
02/25/2015;13.840000
02/26/2015;13.910000
02/27/2015;13.340000
03/02/2015;13.040000
03/03/2015;13.860000
03/04/2015;14.230000
03/05/2015;14.040000
03/06/2015;15.200000
03/09/2015;15.060000
03/10/2015;16.690000
03/11/2015;16.870000
03/12/2015;15.420000
03/13/2015;16.000000
03/16/2015;15.610000
03/17/2015;15.660000
03/18/2015;13.970000
03/19/2015;14.070000
03/20/2015;13.020000
03/23/2015;13.410000
03/24/2015;13.620000
03/25/2015;15.440000
03/26/2015;15.800000
03/27/2015;15.070000
03/30/2015;14.510000
03/31/2015;15.290000
04/01/2015;15.110000
04/02/2015;14.670000
04/06/2015;14.740000
04/07/2015;14.780000
04/08/2015;13.980000
04/09/2015;13.090000
04/10/2015;12.580000
04/13/2015;13.940000
04/14/2015;13.670000
04/15/2015;12.840000
04/16/2015;12.600000
04/17/2015;13.890000
04/20/2015;13.300000
04/21/2015;13.250000
04/22/2015;12.710000
04/23/2015;12.480000
04/24/2015;12.290000
04/27/2015;13.120000
04/28/2015;12.410000
04/29/2015;13.390000
04/30/2015;14.550000
05/01/2015;12.700000
05/04/2015;12.850000
05/05/2015;14.310000
05/06/2015;15.150000
05/07/2015;15.130000
05/08/2015;12.860000
05/11/2015;13.850000
05/12/2015;13.860000
05/13/2015;13.760000
05/14/2015;12.740000
05/15/2015;12.380000
05/18/2015;12.730000
05/19/2015;12.850000
05/20/2015;12.880000
05/21/2015;12.110000
05/22/2015;12.130000
05/26/2015;14.060000
05/27/2015;13.270000
05/28/2015;13.310000
05/29/2015;13.840000
06/01/2015;13.970000
06/02/2015;14.240000
06/03/2015;13.660000
06/04/2015;14.710000
06/05/2015;14.210000
06/08/2015;15.290000
06/09/2015;14.470000
06/10/2015;13.220000
06/11/2015;12.850000
06/12/2015;13.780000
06/15/2015;15.390000
06/16/2015;14.810000
06/17/2015;14.500000
06/18/2015;13.190000
06/19/2015;13.960000
06/22/2015;12.740000
06/23/2015;12.110000
06/24/2015;13.260000
06/25/2015;14.010000
06/26/2015;14.020000
06/29/2015;18.850000
06/30/2015;18.230000
07/01/2015;16.090000
07/02/2015;16.790000
07/06/2015;17.010000
07/07/2015;16.090000
07/08/2015;19.660000
07/09/2015;19.970000
07/10/2015;16.830000
07/13/2015;13.900000
07/14/2015;13.370000
07/15/2015;13.230000
07/16/2015;12.110000
07/17/2015;11.950000
07/20/2015;12.250000
07/21/2015;12.220000
07/22/2015;12.120000
07/23/2015;12.640000
07/24/2015;13.740000
07/27/2015;15.600000
07/28/2015;13.440000
07/29/2015;12.500000
07/30/2015;12.130000
07/31/2015;12.120000
08/03/2015;12.560000
08/04/2015;13.000000
08/05/2015;12.510000
08/06/2015;13.770000
08/07/2015;13.390000
08/10/2015;12.230000
08/11/2015;13.710000
08/12/2015;13.610000
08/13/2015;13.490000
08/14/2015;12.830000
08/17/2015;13.020000
08/18/2015;13.790000
08/19/2015;15.250000
08/20/2015;19.140000
08/21/2015;28.030000
08/24/2015;40.740000
08/25/2015;36.020000
08/26/2015;30.320000
08/27/2015;26.100000
08/28/2015;26.050000
08/31/2015;28.430000
09/01/2015;31.400000
09/02/2015;26.090000
09/03/2015;25.610000
09/04/2015;27.800000
09/08/2015;24.900000
09/09/2015;26.230000
09/10/2015;24.370000
09/11/2015;23.200000
09/14/2015;24.250000
09/15/2015;22.540000
09/16/2015;21.350000
09/17/2015;21.140000
09/18/2015;22.280000
09/21/2015;20.140000
09/22/2015;22.440000
09/23/2015;22.130000
09/24/2015;23.470000
09/25/2015;23.620000
09/28/2015;27.630000
09/29/2015;26.830000
09/30/2015;24.500000
10/01/2015;22.550000
10/02/2015;20.940000
10/05/2015;19.540000
10/06/2015;19.400000
10/07/2015;18.400000
10/08/2015;17.420000
10/09/2015;17.080000
10/12/2015;16.170000
10/13/2015;17.670000
10/14/2015;18.030000
10/15/2015;16.050000
10/16/2015;15.050000
10/19/2015;14.980000
10/20/2015;15.750000
10/21/2015;16.700000
10/22/2015;14.450000
10/23/2015;14.460000
10/26/2015;15.290000
10/27/2015;15.430000
10/28/2015;14.330000
10/29/2015;14.610000
10/30/2015;15.070000
11/02/2015;14.150000
11/03/2015;14.540000
11/04/2015;15.510000
11/05/2015;15.050000
11/06/2015;14.330000
11/09/2015;16.520000
11/10/2015;15.290000
11/11/2015;16.060000
11/12/2015;18.370000
11/13/2015;20.080000
11/16/2015;18.160000
11/17/2015;18.840000
11/18/2015;16.850000
11/19/2015;16.990000
11/20/2015;15.470000
11/23/2015;15.620000
11/24/2015;15.930000
11/25/2015;15.190000
11/27/2015;15.120000
11/30/2015;16.130000
12/01/2015;14.670000
12/02/2015;15.910000
12/03/2015;18.110000
12/04/2015;14.810000
12/07/2015;15.840000
12/08/2015;17.600000
12/09/2015;19.610000
12/10/2015;19.340000
12/11/2015;24.390000
12/14/2015;22.730000
12/15/2015;20.950000
12/16/2015;17.860000
12/17/2015;18.940000
12/18/2015;20.700000
12/21/2015;18.700000
12/22/2015;16.600000
12/23/2015;15.570000
12/24/2015;15.740000
12/28/2015;16.910000
12/29/2015;16.080000
12/30/2015;17.290000
12/31/2015;18.210000
01/04/2016;20.700000
01/05/2016;19.340000
01/06/2016;20.590000
01/07/2016;24.990000
01/08/2016;27.010000
01/11/2016;24.300000
01/12/2016;22.470000
01/13/2016;25.220000
01/14/2016;23.950000
01/15/2016;27.020000
01/19/2016;26.050000
01/20/2016;27.590000
01/21/2016;26.690000
01/22/2016;22.340000
01/25/2016;24.150000
01/26/2016;22.500000
01/27/2016;23.110000
01/28/2016;22.420000
01/29/2016;20.200000
02/01/2016;19.980000
02/02/2016;21.980000
02/03/2016;21.650000
02/04/2016;21.840000
02/05/2016;23.380000
02/08/2016;26.000000
02/09/2016;26.540000
02/10/2016;26.290000
02/11/2016;28.140000
02/12/2016;25.400000
02/16/2016;24.110000
02/17/2016;22.310000
02/18/2016;21.640000
02/19/2016;20.530000
02/22/2016;19.380000
02/23/2016;20.980000
02/24/2016;20.720000
02/25/2016;19.110000
02/26/2016;19.810000
02/29/2016;20.550000
03/01/2016;17.700000
03/02/2016;17.090000
03/03/2016;16.700000
03/04/2016;16.860000
03/07/2016;17.350000
03/08/2016;18.670000
03/09/2016;18.340000
03/10/2016;18.050000
03/11/2016;16.500000
03/14/2016;16.920000
03/15/2016;16.840000
03/16/2016;14.990000
03/17/2016;14.440000
03/18/2016;14.020000
03/21/2016;13.790000
03/22/2016;14.170000
03/23/2016;14.940000
03/24/2016;14.740000
03/28/2016;15.240000
03/29/2016;13.820000
03/30/2016;13.560000
03/31/2016;13.950000
04/01/2016;13.100000
04/04/2016;14.120000
04/05/2016;15.420000
04/06/2016;14.090000
04/07/2016;16.160000
04/08/2016;15.360000
04/11/2016;16.260000
04/12/2016;14.850000
04/13/2016;13.840000
04/14/2016;13.720000
04/15/2016;13.620000
04/18/2016;13.350000
04/19/2016;13.240000
04/20/2016;13.280000
04/21/2016;13.950000
04/22/2016;13.220000
04/25/2016;14.080000
04/26/2016;13.960000
04/27/2016;13.770000
04/28/2016;15.220000
04/29/2016;15.700000
05/02/2016;14.680000
05/03/2016;15.600000
05/04/2016;16.050000
05/05/2016;15.910000
05/06/2016;14.720000
05/09/2016;14.570000
05/10/2016;13.630000
05/11/2016;14.690000
05/12/2016;14.410000
05/13/2016;15.040000
05/16/2016;14.680000
05/17/2016;15.570000
05/18/2016;15.950000
05/19/2016;16.330000
05/20/2016;15.200000
05/23/2016;15.820000
05/24/2016;14.420000
05/25/2016;13.900000
05/26/2016;13.430000
05/27/2016;13.120000
05/31/2016;14.190000
06/01/2016;14.200000
06/02/2016;13.630000
06/03/2016;13.470000
06/06/2016;13.650000
06/07/2016;14.050000
06/08/2016;14.080000
06/09/2016;14.640000
06/10/2016;17.030000
06/13/2016;20.970000
06/14/2016;20.500000
06/15/2016;20.140000
06/16/2016;19.370000
06/17/2016;19.410000
06/20/2016;18.370000
06/21/2016;18.480000
06/22/2016;21.170000
06/23/2016;17.250000
06/24/2016;25.760000
06/27/2016;23.850000
06/28/2016;18.750000
06/29/2016;16.640000
06/30/2016;15.630000
07/01/2016;14.770000
07/05/2016;15.580000
07/06/2016;14.960000
07/07/2016;14.760000
07/08/2016;13.200000
07/11/2016;13.540000
07/12/2016;13.550000
07/13/2016;13.040000
07/14/2016;12.820000
07/15/2016;12.670000
07/18/2016;12.440000
07/19/2016;11.970000
07/20/2016;11.770000
07/21/2016;12.740000
07/22/2016;12.020000
07/25/2016;12.870000
07/26/2016;13.050000
07/27/2016;12.830000
07/28/2016;12.720000
07/29/2016;11.870000
08/01/2016;12.440000
08/02/2016;13.370000
08/03/2016;12.860000
08/04/2016;12.420000
08/05/2016;11.390000
08/08/2016;11.500000
08/09/2016;11.660000
08/10/2016;12.050000
08/11/2016;11.680000
08/12/2016;11.550000
08/15/2016;11.810000
08/16/2016;12.640000
08/17/2016;12.190000
08/18/2016;11.430000
08/19/2016;11.340000
08/22/2016;12.270000
08/23/2016;12.380000
08/24/2016;13.450000
08/25/2016;13.630000
08/26/2016;13.650000
08/29/2016;12.940000
08/30/2016;13.120000
08/31/2016;13.420000
09/01/2016;13.480000
09/02/2016;11.980000
09/06/2016;12.020000
09/07/2016;11.940000
09/08/2016;12.510000
09/09/2016;17.500000
09/12/2016;15.160000
09/13/2016;17.850000
09/14/2016;18.140000
09/15/2016;16.300000
09/16/2016;15.370000
09/19/2016;15.530000
09/20/2016;15.920000
09/21/2016;13.300000
09/22/2016;12.020000
09/23/2016;12.290000
09/26/2016;14.500000
09/27/2016;13.100000
09/28/2016;12.390000
09/29/2016;14.020000
09/30/2016;13.290000
10/03/2016;13.570000
10/04/2016;13.630000
10/05/2016;12.990000
10/06/2016;12.840000
10/07/2016;13.480000
10/10/2016;13.380000
10/11/2016;15.360000
10/12/2016;15.910000
10/13/2016;16.690000
10/14/2016;16.120000
10/17/2016;16.210000
10/18/2016;15.280000
10/19/2016;14.410000
10/20/2016;13.750000
10/21/2016;13.340000
10/24/2016;13.020000
10/25/2016;13.460000
10/26/2016;14.240000
10/27/2016;15.360000
10/28/2016;16.190000
10/31/2016;17.060000
11/01/2016;18.560000
11/02/2016;19.320000
11/03/2016;22.080000
11/04/2016;22.510000
11/07/2016;18.710000
11/08/2016;18.740000
11/09/2016;14.380000
11/10/2016;14.740000
11/11/2016;14.170000
11/14/2016;14.480000
11/15/2016;13.370000
11/16/2016;13.720000
11/17/2016;13.350000
11/18/2016;12.850000
11/21/2016;12.420000
11/22/2016;12.410000
11/23/2016;12.430000
11/25/2016;12.340000
11/28/2016;13.150000
11/29/2016;12.900000
11/30/2016;13.330000
12/01/2016;14.070000
12/02/2016;14.120000
12/05/2016;12.140000
12/06/2016;11.790000
12/07/2016;12.220000
12/08/2016;12.640000
12/09/2016;11.750000
12/12/2016;12.640000
12/13/2016;12.720000
12/14/2016;13.190000
12/15/2016;12.790000
12/16/2016;12.200000
12/19/2016;11.710000
12/20/2016;11.450000
12/21/2016;11.270000
12/22/2016;11.430000
12/23/2016;11.440000
12/27/2016;11.990000
12/28/2016;12.950000
12/29/2016;13.370000
12/30/2016;14.040000
01/03/2017;12.850000
01/04/2017;11.850000
01/05/2017;11.670000
01/06/2017;11.320000
01/09/2017;11.560000
01/10/2017;11.490000
01/11/2017;11.260000
01/12/2017;11.540000
01/13/2017;11.230000
01/17/2017;11.870000
01/18/2017;12.480000
01/19/2017;12.780000
01/20/2017;11.540000
01/23/2017;11.770000
01/24/2017;11.070000
01/25/2017;10.810000
01/26/2017;10.630000
01/27/2017;10.580000
01/30/2017;11.880000
01/31/2017;11.990000
02/01/2017;11.810000
02/02/2017;11.930000
02/03/2017;10.970000
02/06/2017;11.370000
02/07/2017;11.290000
02/08/2017;11.450000
02/09/2017;10.880000
02/10/2017;10.850000
02/13/2017;11.070000
02/14/2017;10.740000
02/15/2017;11.970000
02/16/2017;11.760000
02/17/2017;11.490000
02/21/2017;11.570000
02/22/2017;11.740000
02/23/2017;11.710000
02/24/2017;11.470000
02/27/2017;12.090000
02/28/2017;12.920000
03/01/2017;12.540000
03/02/2017;11.810000
03/03/2017;10.960000
03/06/2017;11.240000
03/07/2017;11.450000
03/08/2017;11.860000
03/09/2017;12.300000
03/10/2017;11.660000
03/13/2017;11.350000
03/14/2017;12.300000
03/15/2017;11.630000
03/16/2017;11.210000
03/17/2017;11.280000
03/20/2017;11.340000
03/21/2017;12.470000
03/22/2017;12.810000
03/23/2017;13.120000
03/24/2017;12.960000
03/27/2017;12.500000
03/28/2017;11.530000
03/29/2017;11.420000
03/30/2017;11.540000
03/31/2017;12.370000
04/03/2017;12.380000
04/04/2017;11.790000
04/05/2017;12.890000
04/06/2017;12.390000
04/07/2017;12.870000
04/10/2017;14.050000
04/11/2017;15.070000
04/12/2017;15.770000
04/13/2017;15.960000
04/17/2017;14.660000
04/18/2017;14.420000
04/19/2017;14.930000
04/20/2017;14.150000
04/21/2017;14.630000
04/24/2017;10.840000
04/25/2017;10.760000
04/26/2017;10.850000
04/27/2017;10.360000
04/28/2017;10.820000
05/01/2017;10.110000
05/02/2017;10.590000
05/03/2017;10.680000
05/04/2017;10.460000
05/05/2017;10.570000
05/08/2017;9.770000
05/09/2017;9.960000
05/10/2017;10.210000
05/11/2017;10.600000
05/12/2017;10.400000
05/15/2017;10.420000
05/16/2017;10.650000
05/17/2017;15.590000
05/18/2017;14.660000
05/19/2017;12.040000
05/22/2017;10.930000
05/23/2017;10.720000
05/24/2017;10.020000
05/25/2017;9.990000
05/26/2017;9.810000
05/30/2017;10.380000
05/31/2017;10.410000
06/01/2017;9.890000
06/02/2017;9.750000
06/05/2017;10.070000
06/06/2017;10.450000
06/07/2017;10.390000
06/08/2017;10.160000
06/09/2017;10.700000
06/12/2017;11.460000
06/13/2017;10.420000
06/14/2017;10.640000
06/15/2017;10.900000
06/16/2017;10.380000
06/19/2017;10.370000
06/20/2017;10.860000
06/21/2017;10.750000
06/22/2017;10.480000
06/23/2017;10.020000
06/26/2017;9.900000
06/27/2017;11.060000
06/28/2017;10.030000
06/29/2017;11.440000
06/30/2017;11.180000
07/03/2017;11.220000
07/05/2017;11.070000
07/06/2017;12.540000
07/07/2017;11.190000
07/10/2017;11.110000
07/11/2017;10.890000
07/12/2017;10.300000
07/13/2017;9.900000
07/14/2017;9.510000
07/17/2017;9.820000
07/18/2017;9.890000
07/19/2017;9.790000
07/20/2017;9.580000
07/21/2017;9.360000
07/24/2017;9.430000
07/25/2017;9.430000
07/26/2017;9.600000
07/27/2017;10.110000
07/28/2017;10.290000
07/31/2017;10.260000
08/01/2017;10.090000
08/02/2017;10.280000
08/03/2017;10.440000
08/04/2017;10.030000
08/07/2017;9.930000
08/08/2017;10.960000
08/09/2017;11.110000
08/10/2017;16.040000
08/11/2017;15.510000
08/14/2017;12.330000
08/15/2017;12.040000
08/16/2017;11.740000
08/17/2017;15.550000
08/18/2017;14.260000
08/21/2017;13.190000
08/22/2017;11.350000
08/23/2017;12.250000
08/24/2017;12.230000
08/25/2017;11.280000
08/28/2017;11.320000
08/29/2017;11.700000
08/30/2017;11.220000
08/31/2017;10.590000
09/01/2017;10.130000
09/05/2017;12.230000
09/06/2017;11.630000
09/07/2017;11.550000
09/08/2017;12.120000
09/11/2017;10.730000
09/12/2017;10.580000
09/13/2017;10.500000
09/14/2017;10.440000
09/15/2017;10.170000
09/18/2017;10.150000
09/19/2017;10.180000
09/20/2017;9.780000
09/21/2017;9.670000
09/22/2017;9.590000
09/25/2017;10.210000
09/26/2017;10.170000
09/27/2017;9.870000
09/28/2017;9.550000
09/29/2017;9.510000
10/02/2017;9.450000
10/03/2017;9.510000
10/04/2017;9.630000
10/05/2017;9.190000
10/06/2017;9.650000
10/09/2017;10.330000
10/10/2017;10.080000
10/11/2017;9.850000
10/12/2017;9.910000
10/13/2017;9.610000
10/16/2017;9.910000
10/17/2017;10.310000
10/18/2017;10.070000
10/19/2017;10.050000
10/20/2017;9.970000
10/23/2017;11.070000
10/24/2017;11.160000
10/25/2017;11.230000
10/26/2017;11.300000
10/27/2017;9.800000
10/30/2017;10.500000
10/31/2017;10.180000
11/01/2017;10.200000
11/02/2017;9.930000
11/03/2017;9.140000
11/06/2017;9.400000
11/07/2017;9.890000
11/08/2017;9.780000
11/09/2017;10.500000
11/10/2017;11.290000
11/13/2017;11.500000
11/14/2017;11.590000
11/15/2017;13.130000
11/16/2017;11.760000
11/17/2017;11.430000
11/20/2017;10.650000
11/21/2017;9.730000
11/22/2017;9.880000
11/24/2017;9.670000
11/27/2017;9.870000
11/28/2017;10.030000
11/29/2017;10.700000
11/30/2017;11.280000
12/01/2017;11.430000
12/04/2017;11.680000
12/05/2017;11.330000
12/06/2017;11.020000
12/07/2017;10.160000
12/08/2017;9.580000
12/11/2017;9.340000
12/12/2017;9.920000
12/13/2017;10.180000
12/14/2017;10.490000
12/15/2017;9.420000
12/18/2017;9.530000
12/19/2017;10.030000
12/20/2017;9.720000
12/21/2017;9.620000
12/22/2017;9.900000
12/26/2017;10.250000
12/27/2017;10.470000
12/28/2017;10.180000
12/29/2017;11.040000
01/02/2018;9.770000
01/03/2018;9.150000
01/04/2018;9.220000
01/05/2018;9.220000
01/08/2018;9.520000
01/09/2018;10.080000
01/10/2018;9.820000
01/11/2018;9.880000
01/12/2018;10.160000
01/16/2018;11.660000
01/17/2018;11.910000
01/18/2018;12.220000
01/19/2018;11.270000
01/22/2018;11.030000
01/23/2018;11.100000
01/24/2018;11.470000
01/25/2018;11.580000
01/26/2018;11.080000
01/29/2018;13.840000
01/30/2018;14.790000
01/31/2018;13.540000
02/01/2018;13.470000
02/02/2018;17.310000
02/05/2018;37.320000
02/06/2018;29.980000
02/07/2018;27.730000
02/08/2018;33.460000
02/09/2018;29.060000
02/12/2018;25.610000
02/13/2018;24.970000
02/14/2018;19.260000
02/15/2018;19.130000
02/16/2018;19.460000
02/20/2018;20.600000
02/21/2018;20.020000
02/22/2018;18.720000
02/23/2018;16.490000
02/26/2018;15.800000
02/27/2018;18.590000
02/28/2018;19.850000
03/01/2018;22.470000
03/02/2018;19.590000
03/05/2018;18.730000
03/06/2018;18.360000
03/07/2018;17.760000
03/08/2018;16.540000
03/09/2018;14.640000
03/12/2018;15.780000
03/13/2018;16.350000
03/14/2018;17.230000
03/15/2018;16.590000
03/16/2018;15.800000
03/19/2018;19.020000
03/20/2018;18.200000
03/21/2018;17.860000
03/22/2018;23.340000
03/23/2018;24.870000
03/26/2018;21.030000
03/27/2018;22.500000
03/28/2018;22.870000
03/29/2018;19.970000
04/02/2018;23.620000
04/03/2018;21.100000
04/04/2018;20.060000
04/05/2018;18.940000
04/06/2018;21.490000
04/09/2018;21.770000
04/10/2018;20.470000
04/11/2018;20.240000
04/12/2018;18.490000
04/13/2018;17.410000
04/16/2018;16.560000
04/17/2018;15.250000
04/18/2018;15.600000
04/19/2018;15.960000
04/20/2018;16.880000
04/23/2018;16.340000
04/24/2018;18.020000
04/25/2018;17.840000
04/26/2018;16.240000
04/27/2018;15.410000
04/30/2018;15.930000
05/01/2018;15.490000
05/02/2018;15.970000
05/03/2018;15.900000
05/04/2018;14.770000
05/07/2018;14.750000
05/08/2018;14.710000
05/09/2018;13.420000
05/10/2018;13.230000
05/11/2018;12.650000
05/14/2018;12.930000
05/15/2018;14.630000
05/16/2018;13.420000
05/17/2018;13.430000
05/18/2018;13.420000
05/21/2018;13.080000
05/22/2018;13.220000
05/23/2018;12.580000
05/24/2018;12.530000
05/25/2018;13.220000
05/29/2018;17.020000
05/30/2018;14.940000
05/31/2018;15.430000
06/01/2018;13.460000
06/04/2018;12.740000
06/05/2018;12.400000
06/06/2018;11.640000
06/07/2018;12.130000
06/08/2018;12.180000
06/11/2018;12.350000
06/12/2018;12.340000
06/13/2018;12.940000
06/14/2018;12.120000
06/15/2018;11.980000
06/18/2018;12.310000
06/19/2018;13.350000
06/20/2018;12.790000
06/21/2018;14.640000
06/22/2018;13.770000
06/25/2018;17.330000
06/26/2018;15.920000
06/27/2018;17.910000
06/28/2018;16.850000
06/29/2018;16.090000
07/02/2018;15.600000
07/03/2018;16.140000
07/05/2018;14.970000
07/06/2018;13.370000
07/09/2018;12.690000
07/10/2018;12.640000
07/11/2018;13.630000
07/12/2018;12.580000
07/13/2018;12.180000
07/16/2018;12.830000
07/17/2018;12.060000
07/18/2018;12.100000
07/19/2018;12.870000
07/20/2018;12.860000
07/23/2018;12.620000
07/24/2018;12.410000
07/25/2018;12.290000
07/26/2018;12.140000
07/27/2018;13.030000
07/30/2018;14.260000
07/31/2018;12.830000
08/01/2018;13.150000
08/02/2018;12.190000
08/03/2018;11.640000
08/06/2018;11.270000
08/07/2018;10.930000
08/08/2018;10.850000
08/09/2018;11.270000
08/10/2018;13.160000
08/13/2018;14.780000
08/14/2018;13.310000
08/15/2018;14.640000
08/16/2018;13.450000
08/17/2018;12.640000
08/20/2018;12.490000
08/21/2018;12.860000
08/22/2018;12.250000
08/23/2018;12.410000
08/24/2018;11.990000
08/27/2018;12.160000
08/28/2018;12.500000
08/29/2018;12.250000
08/30/2018;13.530000
08/31/2018;12.860000
09/04/2018;13.160000
09/05/2018;13.910000
09/06/2018;14.650000
09/07/2018;14.880000
09/10/2018;14.160000
09/11/2018;13.220000
09/12/2018;13.140000
09/13/2018;12.370000
09/14/2018;12.070000
09/17/2018;13.680000
09/18/2018;12.790000
09/19/2018;11.750000
09/20/2018;11.800000
09/21/2018;11.680000
09/24/2018;12.200000
09/25/2018;12.420000
09/26/2018;12.890000
09/27/2018;12.410000
09/28/2018;12.120000
10/01/2018;12.000000
10/02/2018;12.050000
10/03/2018;11.610000
10/04/2018;14.220000
10/05/2018;14.820000
10/08/2018;15.690000
10/09/2018;15.950000
10/10/2018;22.960000
10/11/2018;24.980000
10/12/2018;21.310000
10/15/2018;21.300000
10/16/2018;17.620000
10/17/2018;17.400000
10/18/2018;20.060000
10/19/2018;19.890000
10/22/2018;19.640000
10/23/2018;20.710000
10/24/2018;25.230000
10/25/2018;24.220000
10/26/2018;24.160000
10/29/2018;24.700000
10/30/2018;23.350000
10/31/2018;21.230000
11/01/2018;19.340000
11/02/2018;19.510000
11/05/2018;19.960000
11/06/2018;19.910000
11/07/2018;16.360000
11/08/2018;16.720000
11/09/2018;17.360000
11/12/2018;20.450000
11/13/2018;20.020000
11/14/2018;21.250000
11/15/2018;19.980000
11/16/2018;18.140000
11/19/2018;20.100000
11/20/2018;22.480000
11/21/2018;20.800000
11/23/2018;21.520000
11/26/2018;18.900000
11/27/2018;19.020000
11/28/2018;18.490000
11/29/2018;18.790000
11/30/2018;18.070000
12/03/2018;16.440000
12/04/2018;20.740000
12/06/2018;21.190000
12/07/2018;23.230000
12/10/2018;22.640000
12/11/2018;21.760000
12/12/2018;21.460000
12/13/2018;20.650000
12/14/2018;21.630000
12/17/2018;24.520000
12/18/2018;25.580000
12/19/2018;25.580000
12/20/2018;28.380000
12/21/2018;30.110000
12/24/2018;36.070000
12/26/2018;30.410000
12/27/2018;29.960000
12/28/2018;28.340000
12/31/2018;25.420000
01/02/2019;23.220000
01/03/2019;25.450000
01/04/2019;21.380000
01/07/2019;21.400000
01/08/2019;20.470000
01/09/2019;19.980000
01/10/2019;19.500000
01/11/2019;18.190000
01/14/2019;19.070000
01/15/2019;18.600000
01/16/2019;19.040000
01/17/2019;18.060000
01/18/2019;17.800000
01/22/2019;20.800000
01/23/2019;19.520000
01/24/2019;18.890000
01/25/2019;17.420000
01/28/2019;18.870000
01/29/2019;19.130000
01/30/2019;17.660000
01/31/2019;16.570000
02/01/2019;16.140000
02/04/2019;15.730000
02/05/2019;15.570000
02/06/2019;15.380000
02/07/2019;16.370000
02/08/2019;15.720000
02/11/2019;15.970000
02/12/2019;15.430000
02/13/2019;15.650000
02/14/2019;16.220000
02/15/2019;14.910000
02/19/2019;14.880000
02/20/2019;14.020000
02/21/2019;14.460000
02/22/2019;13.510000
02/25/2019;14.850000
02/26/2019;15.170000
02/27/2019;14.700000
02/28/2019;14.780000
03/01/2019;13.570000
03/04/2019;14.630000
03/05/2019;14.740000
03/06/2019;15.740000
03/07/2019;16.590000
03/08/2019;16.050000
03/11/2019;14.330000
03/12/2019;13.770000
03/13/2019;13.410000
03/14/2019;13.500000
03/15/2019;12.880000
03/18/2019;13.100000
03/19/2019;13.560000
03/20/2019;13.910000
03/21/2019;13.630000
03/22/2019;16.480000
03/25/2019;16.330000
03/26/2019;14.680000
03/27/2019;15.150000
03/28/2019;14.430000
03/29/2019;13.710000
04/01/2019;13.400000
04/02/2019;13.360000
04/03/2019;13.740000
04/04/2019;13.580000
04/05/2019;12.820000
04/08/2019;13.180000
04/09/2019;14.280000
04/10/2019;13.300000
04/11/2019;13.020000
04/12/2019;12.010000
04/15/2019;12.320000
04/16/2019;12.180000
04/17/2019;12.600000
04/18/2019;12.090000
04/22/2019;12.420000
04/23/2019;12.280000
04/24/2019;13.140000
04/25/2019;13.250000
04/26/2019;12.730000
04/29/2019;13.110000
04/30/2019;13.120000
05/01/2019;14.800000
05/02/2019;14.420000
05/03/2019;12.870000
05/06/2019;15.440000
05/07/2019;19.320000
05/08/2019;19.400000
05/09/2019;19.100000
05/10/2019;16.040000
05/13/2019;20.550000
05/14/2019;18.060000
05/15/2019;16.440000
05/16/2019;15.290000
05/17/2019;15.960000
05/20/2019;16.310000
05/21/2019;14.950000
05/22/2019;14.750000
05/23/2019;16.920000
05/24/2019;15.850000
05/28/2019;17.500000
05/29/2019;17.900000
05/30/2019;17.300000
05/31/2019;18.710000
06/03/2019;18.860000
06/04/2019;16.970000
06/05/2019;16.090000
06/06/2019;15.930000
06/07/2019;16.300000
06/10/2019;15.940000
06/11/2019;15.990000
06/12/2019;15.910000
06/13/2019;15.820000
06/14/2019;15.280000
06/17/2019;15.350000
06/18/2019;15.150000
06/19/2019;14.330000
06/20/2019;14.750000
06/21/2019;15.400000
06/24/2019;15.260000
06/25/2019;16.280000
06/26/2019;16.210000
06/27/2019;15.820000
06/28/2019;15.080000
07/01/2019;14.060000
07/02/2019;12.930000
07/03/2019;12.570000
07/05/2019;13.280000
07/08/2019;13.960000
07/09/2019;14.090000
07/10/2019;13.030000
07/11/2019;12.930000
07/12/2019;12.390000
07/15/2019;12.680000
07/16/2019;12.860000
07/17/2019;13.970000
07/18/2019;13.530000
07/19/2019;14.450000
07/22/2019;13.530000
07/23/2019;12.610000
07/24/2019;12.070000
07/25/2019;12.740000
07/26/2019;12.160000
07/29/2019;12.830000
07/30/2019;13.940000
07/31/2019;16.120000
08/01/2019;17.870000
08/02/2019;17.610000
08/05/2019;24.590000
08/06/2019;20.170000
08/07/2019;19.490000
08/08/2019;16.910000
08/09/2019;17.970000
08/12/2019;21.090000
08/13/2019;17.520000
08/14/2019;22.100000
08/15/2019;21.180000
08/16/2019;18.470000
08/19/2019;16.880000
08/20/2019;17.500000
08/21/2019;15.800000
08/22/2019;16.680000
08/23/2019;19.870000
08/26/2019;19.320000
08/27/2019;20.310000
08/28/2019;19.350000
08/29/2019;17.880000
08/30/2019;18.980000
09/03/2019;19.660000
09/04/2019;17.330000
09/05/2019;16.270000
09/06/2019;15.000000
09/09/2019;15.270000
09/10/2019;15.200000
09/11/2019;14.610000
09/12/2019;14.220000
09/13/2019;13.740000
09/16/2019;14.670000
09/17/2019;14.440000
09/18/2019;13.950000
09/19/2019;14.050000
09/20/2019;15.320000
09/23/2019;14.910000
09/24/2019;17.050000
09/25/2019;15.960000
09/26/2019;16.070000
09/27/2019;17.220000
09/30/2019;16.240000
10/01/2019;18.560000
10/02/2019;20.560000
10/03/2019;19.120000
10/04/2019;17.040000
10/07/2019;17.860000
10/08/2019;20.280000
10/09/2019;18.640000
10/10/2019;17.570000
10/11/2019;15.580000
10/14/2019;14.570000
10/15/2019;13.540000
10/16/2019;13.680000
10/17/2019;13.790000
10/18/2019;14.250000
10/21/2019;14.000000
10/22/2019;14.460000
10/23/2019;14.010000
10/24/2019;13.710000
10/25/2019;12.650000
10/28/2019;13.110000
10/29/2019;13.200000
10/30/2019;12.330000
10/31/2019;13.220000
11/01/2019;12.300000
11/04/2019;12.830000
11/05/2019;13.100000
11/06/2019;12.620000
11/07/2019;12.730000
11/08/2019;12.070000
11/11/2019;12.690000
11/12/2019;12.680000
11/13/2019;13.000000
11/14/2019;13.050000
11/15/2019;12.050000
11/18/2019;12.460000
11/19/2019;12.860000
11/20/2019;12.780000
11/21/2019;13.130000
11/22/2019;12.340000
11/25/2019;11.870000
11/26/2019;11.540000
11/27/2019;11.750000
11/29/2019;12.620000
12/02/2019;14.910000
12/03/2019;15.960000
12/04/2019;14.800000
12/05/2019;14.520000
12/06/2019;13.620000
12/09/2019;15.860000
12/10/2019;15.680000
12/11/2019;14.990000
12/12/2019;13.940000
12/13/2019;12.630000
12/16/2019;12.140000
12/17/2019;12.290000
12/18/2019;12.580000
12/19/2019;12.500000
12/20/2019;12.510000
12/23/2019;12.610000
12/24/2019;12.670000
12/26/2019;12.650000
12/27/2019;13.430000
12/30/2019;14.820000
12/31/2019;13.780000
01/02/2020;12.470000
01/03/2020;14.020000
01/06/2020;13.850000
01/07/2020;13.790000
01/08/2020;13.450000
01/09/2020;12.540000
01/10/2020;12.560000
01/13/2020;12.320000
01/14/2020;12.390000
01/15/2020;12.420000
01/16/2020;12.320000
01/17/2020;12.100000
01/21/2020;12.850000
01/22/2020;12.910000
01/23/2020;12.980000
01/24/2020;14.560000
01/27/2020;18.230000
01/28/2020;16.280000
01/29/2020;16.390000
01/30/2020;15.490000
01/31/2020;18.840000
02/03/2020;17.970000
02/04/2020;16.050000
02/05/2020;15.150000
02/06/2020;14.960000
02/07/2020;15.470000
02/10/2020;15.040000
02/11/2020;15.180000
02/12/2020;13.740000
02/13/2020;14.150000
02/14/2020;13.680000
02/18/2020;14.830000
02/19/2020;14.380000
02/20/2020;15.560000
02/21/2020;17.080000
02/24/2020;25.030000
02/25/2020;27.850000
02/26/2020;27.560000
02/27/2020;39.160000
02/28/2020;40.110000
03/02/2020;33.420000
03/03/2020;36.820000
03/04/2020;31.990000
03/05/2020;39.620000
03/06/2020;41.940000
03/09/2020;54.460000
03/10/2020;47.300000
03/11/2020;53.900000
03/12/2020;75.470000
03/13/2020;57.830000
03/16/2020;82.690000
03/17/2020;75.910000
03/18/2020;76.450000
03/19/2020;72.000000
03/20/2020;66.040000
03/23/2020;61.590000
03/24/2020;61.670000
03/25/2020;63.950000
03/26/2020;61.000000
03/27/2020;65.540000
03/30/2020;57.080000
03/31/2020;53.540000
04/01/2020;57.060000
04/02/2020;50.910000
04/03/2020;46.800000
04/06/2020;45.240000
04/07/2020;46.700000
04/08/2020;43.350000
04/09/2020;41.670000
04/13/2020;41.170000
04/14/2020;37.760000
04/15/2020;40.840000
04/16/2020;40.110000
04/17/2020;38.150000
04/20/2020;43.830000
04/21/2020;45.410000
04/22/2020;41.980000
04/23/2020;41.380000
04/24/2020;35.930000
04/27/2020;33.290000
04/28/2020;33.570000
04/29/2020;31.230000
04/30/2020;34.150000
05/01/2020;37.190000
05/04/2020;35.970000
05/05/2020;33.610000
05/06/2020;34.120000
05/07/2020;31.440000
05/08/2020;27.980000
05/11/2020;27.570000
05/12/2020;33.040000
05/13/2020;35.280000
05/14/2020;32.610000
05/15/2020;31.890000
05/18/2020;29.300000
05/19/2020;30.530000
05/20/2020;27.990000
05/21/2020;29.530000
05/22/2020;28.160000
05/26/2020;28.010000
05/27/2020;27.620000
05/28/2020;28.590000
05/29/2020;27.510000
06/01/2020;28.230000
06/02/2020;26.840000
06/03/2020;25.660000
06/04/2020;25.810000
06/05/2020;24.520000
06/08/2020;25.810000
06/09/2020;27.570000
06/10/2020;27.570000
06/11/2020;40.790000
06/12/2020;36.090000
06/15/2020;34.400000
06/16/2020;33.670000
06/17/2020;33.470000
06/18/2020;32.940000
06/19/2020;35.120000
06/22/2020;31.770000
06/23/2020;31.370000
06/24/2020;33.840000
06/25/2020;32.220000
06/26/2020;34.730000
06/29/2020;31.780000
06/30/2020;30.430000
07/01/2020;28.620000
07/02/2020;27.680000
07/06/2020;27.940000
07/07/2020;29.430000
07/08/2020;28.080000
07/09/2020;29.260000
07/10/2020;27.290000
07/13/2020;32.190000
07/14/2020;29.520000
07/15/2020;27.760000
07/16/2020;28.000000
07/17/2020;25.680000
07/20/2020;24.460000
07/21/2020;24.840000
07/22/2020;24.320000
07/23/2020;26.080000
07/24/2020;25.840000
07/27/2020;24.740000
07/28/2020;25.440000
07/29/2020;24.100000
07/30/2020;24.760000
07/31/2020;24.460000
08/03/2020;24.280000
08/04/2020;23.760000
08/05/2020;22.990000
08/06/2020;22.650000
08/07/2020;22.210000
08/10/2020;22.130000
08/11/2020;24.030000
08/12/2020;22.280000
08/13/2020;22.130000
08/14/2020;22.050000
08/17/2020;21.350000
08/18/2020;21.510000
08/19/2020;22.540000
08/20/2020;22.720000
08/21/2020;22.540000
08/24/2020;22.370000
08/25/2020;22.030000
08/26/2020;23.270000
08/27/2020;24.470000
08/28/2020;22.960000
08/31/2020;26.410000
09/01/2020;26.120000
09/02/2020;26.570000
09/03/2020;33.600000
09/04/2020;30.750000
09/08/2020;31.460000
09/09/2020;28.810000
09/10/2020;29.710000
09/11/2020;26.870000
09/14/2020;25.850000
09/15/2020;25.590000
09/16/2020;26.040000
09/17/2020;26.460000
09/18/2020;25.830000
09/21/2020;27.780000
09/22/2020;26.860000
09/23/2020;28.580000
09/24/2020;28.510000
09/25/2020;26.380000
09/28/2020;26.190000
09/29/2020;26.270000
09/30/2020;26.370000
10/01/2020;26.700000
10/02/2020;27.630000
10/05/2020;27.960000
10/06/2020;29.480000
10/07/2020;28.060000
10/08/2020;26.360000
10/09/2020;25.000000
10/12/2020;25.070000
10/13/2020;26.070000
10/14/2020;26.400000
10/15/2020;26.970000
10/16/2020;27.410000
10/19/2020;29.180000
10/20/2020;29.350000
10/21/2020;28.650000
10/22/2020;28.110000
10/23/2020;27.550000
10/26/2020;32.460000
10/27/2020;33.350000
10/28/2020;40.280000
10/29/2020;37.590000
10/30/2020;38.020000
11/02/2020;37.130000
11/03/2020;35.550000
11/04/2020;29.570000
11/05/2020;27.580000
11/06/2020;24.860000
11/09/2020;25.750000
11/10/2020;24.800000
11/11/2020;23.450000
11/12/2020;25.350000
11/13/2020;23.100000
11/16/2020;22.450000
11/17/2020;22.710000
11/18/2020;23.840000
11/19/2020;23.110000
11/20/2020;23.700000
11/23/2020;22.660000
11/24/2020;21.640000
11/25/2020;21.250000
11/27/2020;20.840000
11/30/2020;20.570000
12/01/2020;20.770000
12/02/2020;21.170000
12/03/2020;21.280000
12/04/2020;20.790000
12/07/2020;21.300000
12/08/2020;20.680000
12/09/2020;22.270000
12/10/2020;22.520000
12/11/2020;23.310000
12/14/2020;24.720000
12/15/2020;22.890000
12/16/2020;22.500000
12/17/2020;21.930000
12/18/2020;21.570000
12/21/2020;25.160000
12/22/2020;24.230000
12/23/2020;23.310000
12/24/2020;21.530000
12/28/2020;21.700000
12/29/2020;23.080000
12/30/2020;22.770000
12/31/2020;22.750000
01/04/2021;26.970000
01/05/2021;25.340000
01/06/2021;25.070000
01/07/2021;22.370000
01/08/2021;21.560000
01/11/2021;24.080000
01/12/2021;23.330000
01/13/2021;22.210000
01/14/2021;23.250000
01/15/2021;24.340000
01/19/2021;23.240000
01/20/2021;21.580000
01/21/2021;21.320000
01/22/2021;21.910000
01/25/2021;23.190000
01/26/2021;23.020000
01/27/2021;37.210000
01/28/2021;30.210000
01/29/2021;33.090000
02/01/2021;30.240000
02/02/2021;25.560000
02/03/2021;22.910000
02/04/2021;21.770000
02/05/2021;20.870000
02/08/2021;21.240000
02/09/2021;21.630000
02/10/2021;21.990000
02/11/2021;21.250000
02/12/2021;19.970000
02/16/2021;21.460000
02/17/2021;21.500000
02/18/2021;22.490000
02/19/2021;22.050000
02/22/2021;23.450000
02/23/2021;23.110000
02/24/2021;21.340000
02/25/2021;28.890000
02/26/2021;27.950000
03/01/2021;23.350000
03/02/2021;24.100000
03/03/2021;26.670000
03/04/2021;28.570000
03/05/2021;24.660000
03/08/2021;25.470000
03/09/2021;24.030000
03/10/2021;22.560000
03/11/2021;21.910000
03/12/2021;20.690000
03/15/2021;20.030000
03/16/2021;19.790000
03/17/2021;19.230000
03/18/2021;21.580000
03/19/2021;20.950000
03/22/2021;18.880000
03/23/2021;20.300000
03/24/2021;21.200000
03/25/2021;19.810000
03/26/2021;18.860000
03/29/2021;20.740000
03/30/2021;19.610000
03/31/2021;19.400000
04/01/2021;17.330000
04/05/2021;17.910000
04/06/2021;18.120000
04/07/2021;17.160000
04/08/2021;16.950000
04/09/2021;16.690000
04/12/2021;16.910000
04/13/2021;16.650000
04/14/2021;16.990000
04/15/2021;16.570000
04/16/2021;16.250000
04/19/2021;17.290000
04/20/2021;18.680000
04/21/2021;17.500000
04/22/2021;18.710000
04/23/2021;17.330000
04/26/2021;17.640000
04/27/2021;17.560000
04/28/2021;17.280000
04/29/2021;17.610000
04/30/2021;18.610000
05/03/2021;18.310000
05/04/2021;19.480000
05/05/2021;19.150000
05/06/2021;18.390000
05/07/2021;16.690000
05/10/2021;19.660000
05/11/2021;21.840000
05/12/2021;27.590000
05/13/2021;23.130000
05/14/2021;18.810000
05/17/2021;19.720000
05/18/2021;21.340000
05/19/2021;22.180000
05/20/2021;20.670000
05/21/2021;20.150000
05/24/2021;18.400000
05/25/2021;18.840000
05/26/2021;17.360000
05/27/2021;16.740000
05/28/2021;16.760000
06/01/2021;17.900000
06/02/2021;17.480000
06/03/2021;18.040000
06/04/2021;16.420000
06/07/2021;16.420000
06/08/2021;17.070000
06/09/2021;17.890000
06/10/2021;16.100000
06/11/2021;15.650000
06/14/2021;16.390000
06/15/2021;17.020000
06/16/2021;18.150000
06/17/2021;17.750000
06/18/2021;20.700000
06/21/2021;17.890000
06/22/2021;16.660000
06/23/2021;16.320000
06/24/2021;15.970000
06/25/2021;15.620000
06/28/2021;15.760000
06/29/2021;16.020000
06/30/2021;15.830000
07/01/2021;15.480000
07/02/2021;15.070000
07/06/2021;16.440000
07/07/2021;16.200000
07/08/2021;19.000000
07/09/2021;16.180000
07/12/2021;16.170000
07/13/2021;17.120000
07/14/2021;16.330000
07/15/2021;17.010000
07/16/2021;18.450000
07/19/2021;22.500000
07/20/2021;19.730000
07/21/2021;17.910000
07/22/2021;17.690000
07/23/2021;17.200000
07/26/2021;17.580000
07/27/2021;19.360000
07/28/2021;18.310000
07/29/2021;17.700000
07/30/2021;18.240000
08/02/2021;19.460000
08/03/2021;18.040000
08/04/2021;17.970000
08/05/2021;17.280000
08/06/2021;16.150000
08/09/2021;16.720000
08/10/2021;16.790000
08/11/2021;16.060000
08/12/2021;15.590000
08/13/2021;15.450000
08/16/2021;16.120000
08/17/2021;17.910000
08/18/2021;21.570000
08/19/2021;21.670000
08/20/2021;18.560000
08/23/2021;17.150000
08/24/2021;17.220000
08/25/2021;16.790000
08/26/2021;18.840000
08/27/2021;16.390000
08/30/2021;16.190000
08/31/2021;16.480000
09/01/2021;16.110000
09/02/2021;16.410000
09/03/2021;16.410000
09/07/2021;18.140000
09/08/2021;17.960000
09/09/2021;18.800000
09/10/2021;20.950000
09/13/2021;19.370000
09/14/2021;19.460000
09/15/2021;18.180000
09/16/2021;18.690000
09/17/2021;20.810000
09/20/2021;25.710000
09/21/2021;24.360000
09/22/2021;20.870000
09/23/2021;18.630000
09/24/2021;17.750000
09/27/2021;18.760000
09/28/2021;23.250000
09/29/2021;22.560000
09/30/2021;23.140000
10/01/2021;21.150000
10/04/2021;22.960000
10/05/2021;21.300000
10/06/2021;21.000000
10/07/2021;19.540000
10/08/2021;18.770000
10/11/2021;20.000000
10/12/2021;19.850000
10/13/2021;18.640000
10/14/2021;16.860000
10/15/2021;16.300000
10/18/2021;16.310000
10/19/2021;15.700000
10/20/2021;15.490000
10/21/2021;15.010000
10/22/2021;15.430000
10/25/2021;15.240000
10/26/2021;15.980000
10/27/2021;16.980000
10/28/2021;16.530000
10/29/2021;16.260000
11/01/2021;16.410000
11/02/2021;16.030000
11/03/2021;15.100000
11/04/2021;15.440000
11/05/2021;16.480000
11/08/2021;17.220000
11/09/2021;17.780000
11/10/2021;18.730000
11/11/2021;17.660000
11/12/2021;16.290000
11/15/2021;16.490000
11/16/2021;16.370000
11/17/2021;17.110000
11/18/2021;17.590000
11/19/2021;17.910000
11/22/2021;19.170000
11/23/2021;19.380000
11/24/2021;18.580000
11/26/2021;28.620000
11/29/2021;22.960000
11/30/2021;27.190000
12/01/2021;31.120000
12/02/2021;27.950000
12/03/2021;30.670000
12/06/2021;27.180000
12/07/2021;21.890000
12/08/2021;19.900000
12/09/2021;21.580000
12/10/2021;18.690000
12/13/2021;20.310000
12/14/2021;21.890000
12/15/2021;19.290000
12/16/2021;20.570000
12/17/2021;21.570000
12/20/2021;22.870000
12/21/2021;21.010000
12/22/2021;18.630000
12/23/2021;17.960000
12/27/2021;17.680000
12/28/2021;17.540000
12/29/2021;16.950000
12/30/2021;17.330000
12/31/2021;17.220000
01/03/2022;16.600000
01/04/2022;16.910000
01/05/2022;19.730000
01/06/2022;19.610000
01/07/2022;18.760000
01/10/2022;19.400000
01/11/2022;18.410000
01/12/2022;17.620000
01/13/2022;20.310000
01/14/2022;19.190000
01/18/2022;22.790000
01/19/2022;23.850000
01/20/2022;25.590000
01/21/2022;28.850000
01/24/2022;29.900000
01/25/2022;31.160000
01/26/2022;31.960000
01/27/2022;30.490000
01/28/2022;27.660000
01/31/2022;24.830000
02/01/2022;21.960000
02/02/2022;22.090000
02/03/2022;24.350000
02/04/2022;23.220000
02/07/2022;22.860000
02/08/2022;21.440000
02/09/2022;19.960000
02/10/2022;23.910000
02/11/2022;27.360000
02/14/2022;28.330000
02/15/2022;25.700000
02/16/2022;24.290000
02/17/2022;28.110000
02/18/2022;27.750000
02/22/2022;28.810000
02/23/2022;31.020000
02/24/2022;30.320000
02/25/2022;27.590000
02/28/2022;30.150000
03/01/2022;33.320000
03/02/2022;30.740000
03/03/2022;30.480000
03/04/2022;31.980000
03/07/2022;36.450000
03/08/2022;35.130000
03/09/2022;32.450000
03/10/2022;30.230000
03/11/2022;30.750000
03/14/2022;31.770000
03/15/2022;29.830000
03/16/2022;26.670000
03/17/2022;25.670000
03/18/2022;23.870000
03/21/2022;23.530000
03/22/2022;22.940000
03/23/2022;23.570000
03/24/2022;21.670000
03/25/2022;20.810000
03/28/2022;19.630000
03/29/2022;18.900000
03/30/2022;19.330000
03/31/2022;20.560000
04/01/2022;19.630000
04/04/2022;18.570000
04/05/2022;21.030000
04/06/2022;22.100000
04/07/2022;21.550000
04/08/2022;21.160000
04/11/2022;24.370000
04/12/2022;24.260000
04/13/2022;21.820000
04/14/2022;22.700000
04/18/2022;22.170000
04/19/2022;21.370000
04/20/2022;20.320000
04/21/2022;22.680000
04/22/2022;28.210000
04/25/2022;27.020000
04/26/2022;33.520000
04/27/2022;31.600000
04/28/2022;29.990000
04/29/2022;33.400000
05/02/2022;32.340000
05/03/2022;29.250000
05/04/2022;25.420000
05/05/2022;31.200000
05/06/2022;30.190000
05/09/2022;34.750000
05/10/2022;32.990000
05/11/2022;32.560000
05/12/2022;31.770000
05/13/2022;28.870000
05/16/2022;27.470000
05/17/2022;26.100000
05/18/2022;30.960000
05/19/2022;29.350000
05/20/2022;29.430000
05/23/2022;28.480000
05/24/2022;29.450000
05/25/2022;28.370000
05/26/2022;27.500000
05/27/2022;25.720000
05/30/2022;26.540000
05/31/2022;26.190000
06/01/2022;25.690000
06/02/2022;24.720000
06/03/2022;24.790000
06/06/2022;25.070000
06/07/2022;24.020000
06/08/2022;23.960000
06/09/2022;26.090000
06/10/2022;27.750000
06/13/2022;34.020000
06/14/2022;32.690000
06/15/2022;29.620000
06/16/2022;32.950000
06/17/2022;31.130000
06/20/2022;31.030000
06/21/2022;30.190000
06/22/2022;28.950000
06/23/2022;29.050000
06/24/2022;27.230000
06/27/2022;26.950000
06/28/2022;28.360000
06/29/2022;28.160000
06/30/2022;28.710000
07/01/2022;26.700000
07/04/2022;27.530000
07/05/2022;27.540000
07/06/2022;26.730000
07/07/2022;26.080000
07/08/2022;24.640000
07/11/2022;26.170000
07/12/2022;27.290000
07/13/2022;26.820000
07/14/2022;26.400000
07/15/2022;24.230000
07/18/2022;25.300000
07/19/2022;24.500000
07/20/2022;23.880000
07/21/2022;23.110000
07/22/2022;23.030000
07/25/2022;23.360000
07/26/2022;24.690000
07/27/2022;23.240000
07/28/2022;22.330000
07/29/2022;21.330000
08/01/2022;22.840000
08/02/2022;23.930000
08/03/2022;21.950000
08/04/2022;21.440000
08/05/2022;21.150000
08/08/2022;21.290000
08/09/2022;21.770000
08/10/2022;19.740000
08/11/2022;20.200000
08/12/2022;19.530000
08/15/2022;19.950000
08/16/2022;19.690000
08/17/2022;19.900000
08/18/2022;19.560000
08/19/2022;20.600000
08/22/2022;23.800000
08/23/2022;24.110000
08/24/2022;22.820000
08/25/2022;21.780000
08/26/2022;25.560000
08/29/2022;26.210000
08/30/2022;26.210000
08/31/2022;25.870000
09/01/2022;25.560000
09/02/2022;25.470000
09/05/2022;25.990000
09/06/2022;26.910000
09/07/2022;24.640000
09/08/2022;23.610000
09/09/2022;22.790000
09/12/2022;23.870000
09/13/2022;27.270000
09/14/2022;26.160000
09/15/2022;26.270000
09/16/2022;26.300000
09/19/2022;25.760000
09/20/2022;27.160000
09/21/2022;27.990000
09/22/2022;27.350000
09/23/2022;29.920000
09/26/2022;32.260000
09/27/2022;32.600000
09/28/2022;30.180000
09/29/2022;31.840000
09/30/2022;31.620000
10/03/2022;30.100000
10/04/2022;29.070000
10/05/2022;28.550000
10/06/2022;30.520000
10/07/2022;31.360000
10/10/2022;32.450000
10/11/2022;33.630000
10/12/2022;33.570000
10/13/2022;31.940000
10/14/2022;32.020000
10/17/2022;31.370000
10/18/2022;30.500000
10/19/2022;30.760000
10/20/2022;29.980000
10/21/2022;29.690000
10/24/2022;29.850000
10/25/2022;28.460000
10/26/2022;27.280000
10/27/2022;27.390000
10/28/2022;25.750000
10/31/2022;25.880000
11/01/2022;25.810000
11/02/2022;25.860000
11/03/2022;25.300000
11/04/2022;24.550000
11/07/2022;24.350000
11/08/2022;25.540000
11/09/2022;26.090000
11/10/2022;23.530000
11/11/2022;22.520000
11/14/2022;23.730000
11/15/2022;24.540000
11/16/2022;24.110000
11/17/2022;23.930000
11/18/2022;23.120000
11/21/2022;22.360000
11/22/2022;21.290000
11/23/2022;20.350000
11/24/2022;20.420000
11/25/2022;20.500000
11/28/2022;22.210000
11/29/2022;21.890000
11/30/2022;20.580000
12/01/2022;19.840000
12/02/2022;19.060000
12/05/2022;20.750000
12/06/2022;22.170000
12/07/2022;22.680000
12/08/2022;22.290000
12/09/2022;22.830000
12/12/2022;25.000000
12/13/2022;22.550000
12/14/2022;21.140000
12/15/2022;22.830000
12/16/2022;22.620000
12/19/2022;22.420000
12/20/2022;21.480000
12/21/2022;20.070000
12/22/2022;21.970000
12/23/2022;20.870000
12/27/2022;21.650000
12/28/2022;22.140000
12/29/2022;21.440000
12/30/2022;21.670000
01/03/2023;22.900000
01/04/2023;22.010000
01/05/2023;22.460000
01/06/2023;21.130000
01/09/2023;21.970000
01/10/2023;20.580000
01/11/2023;21.090000
01/12/2023;18.830000
01/13/2023;18.350000
01/16/2023;19.490000
01/17/2023;19.360000
01/18/2023;20.340000
01/19/2023;20.520000
01/20/2023;19.850000
01/23/2023;19.810000
01/24/2023;19.200000
01/25/2023;19.080000
01/26/2023;18.730000
01/27/2023;18.510000
01/30/2023;19.940000
01/31/2023;19.400000
02/01/2023;17.870000
02/02/2023;18.730000
02/03/2023;18.330000
02/06/2023;19.430000
02/07/2023;18.660000
02/08/2023;19.630000
02/09/2023;20.710000
02/10/2023;20.530000
02/13/2023;20.340000
02/14/2023;18.910000
02/15/2023;18.230000
02/16/2023;20.170000
02/17/2023;20.020000
02/20/2023;21.230000
02/21/2023;22.870000
02/22/2023;22.290000
02/23/2023;21.140000
02/24/2023;21.670000
02/27/2023;20.950000
02/28/2023;20.700000
03/01/2023;20.580000
03/02/2023;19.590000
03/03/2023;18.490000
03/06/2023;18.610000
03/07/2023;19.590000
03/08/2023;19.110000
03/09/2023;22.610000
03/10/2023;24.800000
03/13/2023;26.520000
03/14/2023;23.730000
03/15/2023;26.140000
03/16/2023;22.990000
03/17/2023;25.510000
03/20/2023;24.150000
03/21/2023;21.380000
03/22/2023;22.260000
03/23/2023;22.610000
03/24/2023;21.740000
03/27/2023;20.600000
03/28/2023;19.970000
03/29/2023;19.120000
03/30/2023;19.020000
03/31/2023;18.700000
04/03/2023;18.550000
04/04/2023;19.000000
04/05/2023;19.080000
04/06/2023;18.400000
04/10/2023;18.970000
04/11/2023;19.100000
04/12/2023;19.090000
04/13/2023;17.800000
04/14/2023;17.070000
04/17/2023;16.950000
04/18/2023;16.830000
04/19/2023;16.460000
04/20/2023;17.170000
04/21/2023;16.770000
04/24/2023;16.890000
04/25/2023;18.760000
04/26/2023;18.840000
04/27/2023;17.030000
04/28/2023;15.780000
05/01/2023;16.080000
05/02/2023;17.780000
05/03/2023;18.340000
05/04/2023;20.090000
05/05/2023;17.190000
05/08/2023;16.980000
05/09/2023;17.710000
05/10/2023;16.940000
05/11/2023;16.930000
05/12/2023;17.030000
05/15/2023;17.120000
05/16/2023;17.990000
05/17/2023;16.870000
05/18/2023;16.050000
05/19/2023;16.810000
05/22/2023;17.210000
05/23/2023;18.530000
05/24/2023;20.030000
05/25/2023;19.140000
05/26/2023;17.950000
05/29/2023;17.460000
05/30/2023;17.460000
05/31/2023;17.940000
06/01/2023;15.650000
06/02/2023;14.600000
06/05/2023;14.730000
06/06/2023;13.960000
06/07/2023;13.940000
06/08/2023;13.650000
06/09/2023;13.830000
06/12/2023;15.010000
06/13/2023;14.610000
06/14/2023;13.880000
06/15/2023;14.500000
06/16/2023;13.540000
06/19/2023;14.190000
06/20/2023;13.880000
06/21/2023;13.200000
06/22/2023;12.910000
06/23/2023;13.440000
06/26/2023;14.250000
06/27/2023;13.740000
06/28/2023;13.430000
06/29/2023;13.540000
06/30/2023;13.590000
07/03/2023;13.570000
07/04/2023;13.700000
07/05/2023;14.180000
07/06/2023;15.440000
07/07/2023;14.830000
07/10/2023;15.070000
07/11/2023;14.840000
07/12/2023;13.540000
07/13/2023;13.610000
07/14/2023;13.340000
07/17/2023;13.480000
07/18/2023;13.300000
07/19/2023;13.760000
07/20/2023;13.990000
07/21/2023;13.600000
07/24/2023;13.910000
07/25/2023;13.860000
07/26/2023;13.190000
07/27/2023;14.410000
07/28/2023;13.330000
07/31/2023;13.630000
08/01/2023;13.930000
08/02/2023;16.090000
08/03/2023;15.920000
08/04/2023;17.100000
08/07/2023;15.770000
08/08/2023;15.990000
08/09/2023;15.960000
08/10/2023;15.850000
08/11/2023;14.840000
08/14/2023;14.820000
08/15/2023;16.460000
08/16/2023;16.780000
08/17/2023;17.890000
08/18/2023;17.300000
08/21/2023;17.130000
08/22/2023;16.970000
08/23/2023;15.980000
08/24/2023;17.200000
08/25/2023;15.680000
08/28/2023;15.080000
08/29/2023;14.450000
08/30/2023;13.880000
08/31/2023;13.570000
09/01/2023;13.090000
09/04/2023;13.820000
09/05/2023;14.010000
09/06/2023;14.450000
09/07/2023;14.400000
09/08/2023;13.840000
09/11/2023;13.800000
09/12/2023;14.230000
09/13/2023;13.480000
09/14/2023;12.820000
09/15/2023;13.790000
09/18/2023;14.000000
09/19/2023;14.110000
09/20/2023;15.140000
09/21/2023;17.540000
09/22/2023;17.200000
09/25/2023;16.900000
09/26/2023;18.940000
09/27/2023;18.220000
09/28/2023;17.340000
09/29/2023;17.520000
10/02/2023;17.610000
10/03/2023;19.780000
10/04/2023;18.580000
10/05/2023;18.490000
10/06/2023;17.450000
10/09/2023;17.700000
10/10/2023;17.030000
10/11/2023;16.090000
10/12/2023;16.690000
10/13/2023;19.320000
10/16/2023;17.210000
10/17/2023;17.880000
10/18/2023;19.220000
10/19/2023;21.400000
10/20/2023;21.710000
10/23/2023;20.370000
10/24/2023;18.970000
10/25/2023;20.190000
10/26/2023;20.680000
10/27/2023;21.270000
10/30/2023;19.750000
10/31/2023;18.140000
11/01/2023;16.870000
11/02/2023;15.660000
11/03/2023;14.910000
11/06/2023;14.890000
11/07/2023;14.810000
11/08/2023;14.450000
11/09/2023;15.290000
11/10/2023;14.170000
11/13/2023;14.760000
11/14/2023;14.160000
11/15/2023;14.180000
11/16/2023;14.320000
11/17/2023;13.800000
11/20/2023;13.410000
11/21/2023;13.350000
11/22/2023;12.850000
11/23/2023;12.800000
11/24/2023;12.460000
11/27/2023;12.690000
11/28/2023;12.690000
11/29/2023;12.980000
11/30/2023;12.920000
12/01/2023;12.630000
12/04/2023;13.080000
12/05/2023;12.850000
12/06/2023;12.970000
12/07/2023;13.060000
12/08/2023;12.350000
12/11/2023;12.630000
12/12/2023;12.070000
12/13/2023;12.190000
12/14/2023;12.480000
12/15/2023;12.280000
12/18/2023;12.560000
12/19/2023;12.530000
12/20/2023;13.670000
12/21/2023;13.650000
12/22/2023;13.030000
12/26/2023;12.990000
12/27/2023;12.430000
12/28/2023;12.470000
12/29/2023;12.450000
01/02/2024;13.200000
01/03/2024;14.040000
01/04/2024;14.130000
01/05/2024;13.350000
01/08/2024;13.080000
01/09/2024;12.760000
01/10/2024;12.690000
01/11/2024;12.440000
01/12/2024;12.700000
01/15/2024;13.250000
01/16/2024;13.840000
01/17/2024;14.790000
01/18/2024;14.130000
01/19/2024;13.300000
01/22/2024;13.190000
01/23/2024;12.550000
01/24/2024;13.140000
01/25/2024;13.450000
01/26/2024;13.260000
01/29/2024;13.600000
01/30/2024;13.310000
01/31/2024;14.350000
02/01/2024;13.880000
02/02/2024;13.850000
02/05/2024;13.670000
02/06/2024;13.060000
02/07/2024;12.830000
02/08/2024;12.790000
02/09/2024;12.930000
02/12/2024;13.930000
02/13/2024;15.850000
02/14/2024;14.380000
02/15/2024;14.010000
02/16/2024;14.240000
02/19/2024;14.710000
02/20/2024;15.420000
02/21/2024;15.340000
02/22/2024;14.540000
02/23/2024;13.750000
02/26/2024;13.740000
02/27/2024;13.430000
02/28/2024;13.840000
02/29/2024;13.400000
03/01/2024;13.110000
03/04/2024;13.490000
03/05/2024;14.460000
03/06/2024;14.500000
03/07/2024;14.440000
03/08/2024;14.740000
03/11/2024;15.220000
03/12/2024;13.840000
03/13/2024;13.750000
03/14/2024;14.400000
03/15/2024;14.410000
03/18/2024;14.330000
03/19/2024;13.820000
03/20/2024;13.040000
03/21/2024;12.920000
03/22/2024;13.060000
03/25/2024;13.190000
03/26/2024;13.240000
03/27/2024;12.780000
03/28/2024;13.010000
04/01/2024;13.650000
04/02/2024;14.610000
04/03/2024;14.330000
04/04/2024;16.350000
04/05/2024;16.030000
04/08/2024;15.190000
04/09/2024;14.980000
04/10/2024;15.800000
04/11/2024;14.910000
04/12/2024;17.310000
04/15/2024;19.230000
04/16/2024;18.400000
04/17/2024;18.210000
04/18/2024;18.000000
04/19/2024;18.710000
04/22/2024;16.940000
04/23/2024;15.690000
04/24/2024;15.970000
04/25/2024;15.370000
04/26/2024;15.030000
04/29/2024;14.670000
04/30/2024;15.650000
05/01/2024;15.390000
05/02/2024;14.680000
05/03/2024;13.490000
05/06/2024;13.490000
05/07/2024;13.230000
05/08/2024;13.000000
05/09/2024;12.690000
05/10/2024;12.550000
05/13/2024;13.600000
05/14/2024;13.420000
05/15/2024;12.450000
05/16/2024;12.420000
05/17/2024;11.990000
05/20/2024;12.150000
05/21/2024;11.860000
05/22/2024;12.290000
05/23/2024;12.770000
05/24/2024;11.930000
05/27/2024;12.360000
05/28/2024;12.920000
05/29/2024;14.280000
05/30/2024;14.470000
05/31/2024;12.920000
06/03/2024;13.110000
06/04/2024;13.160000
06/05/2024;12.630000
06/06/2024;12.580000
06/07/2024;12.220000
06/10/2024;12.740000
06/11/2024;12.850000
06/12/2024;12.040000
06/13/2024;11.940000
06/14/2024;12.660000
06/17/2024;12.750000
06/18/2024;12.300000
06/19/2024;12.480000
06/20/2024;13.280000
06/21/2024;13.200000
06/24/2024;13.330000
06/25/2024;12.840000
06/26/2024;12.550000
06/27/2024;12.240000
06/28/2024;12.440000
07/01/2024;12.220000
07/02/2024;12.030000
07/03/2024;12.090000
07/04/2024;12.260000
07/05/2024;12.480000
07/08/2024;12.370000
07/09/2024;12.510000
07/10/2024;12.850000
07/11/2024;12.920000
07/12/2024;12.460000
07/15/2024;13.120000
07/16/2024;13.190000
07/17/2024;14.480000
07/18/2024;15.930000
07/19/2024;16.520000
07/22/2024;14.910000
07/23/2024;14.720000
07/24/2024;18.040000
07/25/2024;18.460000
07/26/2024;16.390000
07/29/2024;16.600000
07/30/2024;17.690000
07/31/2024;16.360000
08/01/2024;18.590000
08/02/2024;23.390000
08/05/2024;38.570000
08/06/2024;27.710000
08/07/2024;27.850000
08/08/2024;23.790000
08/09/2024;20.370000
08/12/2024;20.710000
08/13/2024;18.120000
08/14/2024;16.190000
08/15/2024;15.230000
08/16/2024;14.800000
08/19/2024;14.650000
08/20/2024;15.880000
08/21/2024;16.270000
08/22/2024;17.550000
08/23/2024;15.860000
08/26/2024;16.150000
08/27/2024;15.430000
08/28/2024;17.110000
08/29/2024;15.650000
08/30/2024;15.000000
09/02/2024;15.550000
09/03/2024;20.720000
09/04/2024;21.320000
09/05/2024;19.900000
09/06/2024;22.380000
09/09/2024;19.450000
09/10/2024;19.080000
09/11/2024;17.690000
09/12/2024;17.070000
09/13/2024;16.560000
09/16/2024;17.140000
09/17/2024;17.610000
09/18/2024;18.230000
09/19/2024;16.330000
09/20/2024;16.150000
09/23/2024;15.890000
09/24/2024;15.390000
09/25/2024;15.410000
09/26/2024;15.370000
09/27/2024;16.960000
09/30/2024;16.730000
10/01/2024;19.260000
10/02/2024;18.900000
10/03/2024;20.490000
10/04/2024;19.210000
10/07/2024;22.640000
10/08/2024;21.420000
10/09/2024;20.860000
10/10/2024;20.930000
10/11/2024;20.460000
10/14/2024;19.700000
10/15/2024;20.640000
10/16/2024;19.580000
10/17/2024;19.110000
10/18/2024;18.030000
10/21/2024;18.370000
10/22/2024;18.200000
10/23/2024;19.240000
10/24/2024;19.080000
10/25/2024;20.330000
10/28/2024;19.800000
10/29/2024;19.340000
10/30/2024;20.350000
10/31/2024;23.160000
11/01/2024;21.880000
11/04/2024;21.980000
11/05/2024;20.490000
11/06/2024;16.270000
11/07/2024;15.200000
11/08/2024;14.940000
11/11/2024;14.970000
11/12/2024;14.710000
11/13/2024;14.020000
11/14/2024;14.310000
11/15/2024;16.140000
11/18/2024;15.580000
11/19/2024;16.350000
11/20/2024;17.160000
11/21/2024;16.870000
11/22/2024;15.240000
11/25/2024;14.600000
11/26/2024;14.100000
11/27/2024;14.100000
11/28/2024;13.900000
11/29/2024;13.510000
12/02/2024;13.340000
12/03/2024;13.300000
12/04/2024;13.450000
12/05/2024;13.540000
12/06/2024;12.770000
12/09/2024;14.190000
12/10/2024;14.180000
12/11/2024;13.580000
12/12/2024;13.920000
12/13/2024;13.810000
12/16/2024;14.690000
12/17/2024;15.870000
12/18/2024;27.620000
12/19/2024;24.090000
12/20/2024;18.360000
12/23/2024;16.780000
12/24/2024;14.270000
12/26/2024;14.730000
12/27/2024;15.950000
12/30/2024;17.400000
12/31/2024;17.350000
01/02/2025;17.930000
01/03/2025;16.130000
01/06/2025;16.040000
01/07/2025;17.820000
01/08/2025;17.700000
01/09/2025;18.070000
01/10/2025;19.540000
01/13/2025;19.190000
01/14/2025;18.710000
01/15/2025;16.120000
01/16/2025;16.600000
01/17/2025;15.970000
01/20/2025;15.810000
01/21/2025;15.060000
01/22/2025;15.100000
01/23/2025;15.020000
01/24/2025;14.850000
01/27/2025;17.900000
01/28/2025;16.410000
01/29/2025;16.560000
01/30/2025;15.840000
01/31/2025;16.430000
02/03/2025;18.620000
02/04/2025;17.210000
02/05/2025;15.770000
02/06/2025;15.500000
02/07/2025;16.540000
02/10/2025;15.810000
02/11/2025;16.020000
02/12/2025;15.890000
02/13/2025;15.100000
02/14/2025;14.770000
02/17/2025;15.370000
02/18/2025;15.350000
02/19/2025;15.270000
02/20/2025;15.660000
02/21/2025;18.210000
02/24/2025;18.980000
02/25/2025;19.430000
02/26/2025;19.100000
02/27/2025;21.130000
02/28/2025;19.630000
03/03/2025;22.780000
03/04/2025;23.510000
03/05/2025;21.930000
03/06/2025;24.870000
03/07/2025;23.370000
03/10/2025;27.860000
03/11/2025;26.920000
03/12/2025;24.230000
03/13/2025;24.660000
03/14/2025;21.770000
03/17/2025;20.510000
03/18/2025;21.700000
03/19/2025;19.900000
03/20/2025;19.800000
03/21/2025;19.280000
03/24/2025;17.480000
03/25/2025;17.150000
03/26/2025;18.330000
03/27/2025;18.690000
03/28/2025;21.650000
03/31/2025;22.280000
04/01/2025;21.770000
04/02/2025;21.510000
04/03/2025;30.020000
04/04/2025;45.310000
04/07/2025;46.980000
04/08/2025;52.330000
04/09/2025;33.620000
04/10/2025;40.720000
04/11/2025;37.560000
04/14/2025;30.890000
04/15/2025;30.120000
04/16/2025;32.640000
04/17/2025;29.650000
04/21/2025;33.820000
04/22/2025;30.570000
04/23/2025;28.450000
04/24/2025;26.470000
04/25/2025;24.840000
04/28/2025;25.150000
04/29/2025;24.170000
04/30/2025;24.700000
05/01/2025;24.600000
05/02/2025;22.680000
05/05/2025;23.640000
05/06/2025;24.760000
05/07/2025;23.550000
05/08/2025;22.480000
05/09/2025;21.900000
05/12/2025;18.390000
05/13/2025;18.220000
05/14/2025;18.620000
05/15/2025;17.830000
05/16/2025;17.240000
05/19/2025;18.140000
05/20/2025;18.090000
05/21/2025;20.870000
05/22/2025;20.280000
05/23/2025;22.290000
05/26/2025;20.570000
05/27/2025;18.960000
05/28/2025;19.310000
05/29/2025;19.180000
05/30/2025;18.570000
06/02/2025;18.360000
06/03/2025;17.690000
06/04/2025;17.610000
06/05/2025;18.480000
06/06/2025;16.770000
06/09/2025;17.160000
06/10/2025;16.950000
06/11/2025;17.260000
06/12/2025;18.020000
06/13/2025;20.820000
06/16/2025;19.110000
06/17/2025;21.600000
06/18/2025;20.140000
06/19/2025;22.170000
06/20/2025;20.620000
06/23/2025;19.830000
06/24/2025;17.480000
06/25/2025;16.760000
06/26/2025;16.590000
06/27/2025;16.320000
06/30/2025;16.730000
07/01/2025;16.830000
07/02/2025;16.640000
07/03/2025;16.380000
07/04/2025;17.480000
07/07/2025;17.790000
07/08/2025;16.810000
07/09/2025;15.940000
07/10/2025;15.780000
07/11/2025;16.400000
07/14/2025;17.200000
07/15/2025;17.380000
07/16/2025;17.160000
07/17/2025;16.520000
07/18/2025;16.410000
07/21/2025;16.650000
07/22/2025;16.500000
07/23/2025;15.370000
07/24/2025;15.390000
07/25/2025;14.930000
07/28/2025;15.030000
07/29/2025;15.980000
07/30/2025;15.480000
07/31/2025;16.720000
08/01/2025;20.380000
08/04/2025;17.520000
08/05/2025;17.850000
08/06/2025;16.770000
08/07/2025;16.570000
08/08/2025;15.150000
08/11/2025;16.250000
08/12/2025;14.730000
08/13/2025;14.490000
08/14/2025;14.830000
08/15/2025;15.090000
08/18/2025;14.990000
08/19/2025;15.570000
08/20/2025;15.690000
08/21/2025;16.600000
08/22/2025;14.220000
08/25/2025;14.790000
08/26/2025;14.620000
08/27/2025;14.850000
08/28/2025;14.430000
08/29/2025;15.360000
09/01/2025;16.120000
09/02/2025;17.170000
09/03/2025;16.350000
09/04/2025;15.300000
09/05/2025;15.180000
09/08/2025;15.110000
09/09/2025;15.040000
09/10/2025;15.350000
09/11/2025;14.710000
09/12/2025;14.760000
09/15/2025;15.690000
09/16/2025;16.360000
09/17/2025;15.720000
09/18/2025;15.700000
09/19/2025;15.450000
09/22/2025;16.100000
09/23/2025;16.640000
09/24/2025;16.180000
09/25/2025;16.740000
09/26/2025;15.290000
09/29/2025;16.120000
09/30/2025;16.280000
10/01/2025;16.290000
10/02/2025;16.630000
10/03/2025;16.650000
10/06/2025;16.370000
10/07/2025;17.240000
10/08/2025;16.300000
10/09/2025;16.430000
10/10/2025;21.660000
10/13/2025;19.030000
10/14/2025;20.810000
10/15/2025;20.640000
10/16/2025;25.310000
10/17/2025;20.780000
10/20/2025;18.230000
10/21/2025;17.870000
10/22/2025;18.600000
10/23/2025;17.300000
10/24/2025;16.370000
10/27/2025;15.790000
10/28/2025;16.420000
10/29/2025;16.920000
10/30/2025;16.910000
10/31/2025;17.440000
11/03/2025;17.170000
11/04/2025;19.000000
11/05/2025;18.010000
11/06/2025;19.500000
11/07/2025;19.080000
11/10/2025;17.600000
11/11/2025;17.280000
11/12/2025;17.510000
11/13/2025;20.000000
11/14/2025;19.830000
11/17/2025;22.380000
11/18/2025;24.690000
11/19/2025;23.660000
11/20/2025;26.420000
11/21/2025;23.430000
11/24/2025;20.520000
11/25/2025;18.560000
11/26/2025;17.190000
11/27/2025;17.210000
11/28/2025;16.350000
12/01/2025;17.240000
12/02/2025;16.590000
12/03/2025;16.080000
12/04/2025;15.780000
12/05/2025;15.410000
12/08/2025;16.660000
12/09/2025;16.930000
12/10/2025;15.770000
12/11/2025;14.850000
12/12/2025;15.740000
12/15/2025;16.500000
12/16/2025;16.480000
12/17/2025;17.620000
12/18/2025;16.870000
12/19/2025;14.910000
12/22/2025;14.080000
12/23/2025;14.000000
12/24/2025;13.470000
12/26/2025;13.600000
12/29/2025;14.200000
12/30/2025;14.330000
12/31/2025;14.950000
01/02/2026;14.510000
01/05/2026;14.900000
01/06/2026;14.750000
01/07/2026;15.380000
01/08/2026;15.450000
01/09/2026;14.490000
01/12/2026;15.120000
01/13/2026;15.980000
01/14/2026;16.750000
01/15/2026;15.840000
01/16/2026;15.860000
01/19/2026;18.840000
01/20/2026;20.090000
01/21/2026;16.900000
01/22/2026;15.640000
01/23/2026;16.090000